"activities","Activities","Činnosti"
"walking","Walking","Chůze"
"walking_2","I like walking","rád chodím"
"walking_3","I don't like walking","Nemám rád chůzi"
"walking_4","Do you want to walk together?","Chcete chodit spolu?"
"running","Running","Běh"
"running_2","I like running.","Rád běhám."
"running_3","I don't like running.","Nemám rád běh."
"running_4","Do you want to go running?","Chcete běžet?"
"talking","Talking","Mluvící"
"talking_2","I like talking.","Rád mluvím."
"talking_3","I don't like talking.","Nerad mluvím."
"talking_4","Do you want to talk with me?","Chceš se mnou mluvit?"
"reading","Reading","Čtení"
"reading_2","I like reading.","Rád čtu."
"reading_3","I don't like reading.","Nelíbí se mi čtení."
"reading_4","Do you want to read together?","Chcete číst společně?"
"football","Football","Fotbal"
"football_2","I like playing football.","Rád hraju fotbal."
"football_3","I don't like playing football.","Nemám rád fotbal."
"football_4","Do you want to play football?","Chcete hrát fotbal?"
"basketball","Basketball","Basketball"
"basketball_2","I like playing basketball.","Ráda hraji basketbal."
"basketball_3","I don't like playing basketball.","Nemám rád basketbal."
"basketball_4","Do you want to play basketball?","Chcete hrát basketbal?"
"swimming","Swimming","Plavání"
"swimming_2","I like swimming.","Mám rád plavání."
"swimming_3","I don't like swimming.","Nemám rád plavání."
"swimming_4","Do you want to go to swimming?","Chcete jít na koupání?"
"painting","Painting","Malování"
"painting_2","I like painting.","Mám rád malování."
"painting_3","I don't like painting.","Nemám rád malování."
"painting_4","Do you want to paint together?","Chcete malovat společně?"
"drawing","Drawing","Výkres"
"drawing_2","I like drawing.","Ráda kreslím."
"drawing_3","I don't like drawing.","Nelíbí se mi kreslení."
"drawing_4","Do you want to draw together?","Chcete se spojit?"
"cycling","Cycling","Cyklistika"
"cycling_2","I like cycling.","Ráda jezdím na kole."
"cycling_3","I don't like cycling.","Nemám rád jízdu na kole."
"cycling_4","Do you want to go cycling?","Chcete jet na kole?"
"skating","Skating","Jízda na bruslích"
"skating_2","I like skating.","Mám rád bruslení."
"skating_3","I don't like skating.","Nemám rád bruslení."
"skating_4","Do you want to go skating?","Chcete bruslit?"
"sightseeing","Sightseeing","Prohlížení památek"
"sightseeing_2","I like sightseeing.","Líbí se mi poznávání."
"sightseeing_3","I don't like sightseeing.","Nemám rád prohlídky památek."
"sightseeing_4","Do you want to go for sightseeing?","Chcete jít na prohlídku?"
"video-games","Video games","Videohry"
"video-games_2","I like playing video games.","Rád hraji videohry."
"video-games_3","I don't like playing video games.","Nelíbí se mi hraní videoher."
"video-games_4","Do you want to play games?","Chcete hrát hry?"
"tidying","Tidying","Úklid"
"tidying_2","I like tidying my room.","Rád uklízím pokoj."
"tidying_3","I don't like tidying my room.","Nemám rád uklízení svého pokoje."
"tidying_4","Can you help me tidy my room?","Můžete mi pomoci uklidit můj pokoj?"
"toys","Toys","Hračky"
"toys_2","I like toys.","Mám rád hračky."
"toys_3","I don't like toys.","Nemám rád hračky."
"toys_4","Do you want to play with my toys?","Chcete si hrát s mými hračkami?"
"puzzle","Puzzle","Hádanka"
"puzzle_2","I like solving puzzle.","Líbí se mi řešení hádanky."
"puzzle_3","I don't like solving puzzle.","Nemám rád řešení hádanek."
"puzzle_4","Do you want to solve puzzles with me?","Chcete se mnou vyřešit hádanky?"
"comics","Comics","Komiks"
"comics_2","I like reading comics.","Rád čtu komiksy."
"comics_3","I don't like reading comics.","Nelíbí se mi čtení komiksu."
"comics_4","Do you want to read comics?","Chcete číst komiksy?"
"chess","Chess","Šachy"
"chess_2","I like playing chess.","Ráda hraji šachy."
"chess_3","I don't like playing chess.","Nemám rád šachy."
"chess_4","Do you want to play chess with me?","Chcete se mnou hrát šachy?"
"using-leeloo","Using Leeloo","Používání Leeloo"
"using-leeloo_2","I like using leeloo.","Rád používám leeloo."
"using-leeloo_3","I don't like using leeloo.","Nemám rád leeloo."
"using-leeloo_4","Can you change card packs on leeloo?","Můžete vyměnit balíčky karet na leelou?"
"texting","Texting","Psaní"
"texting_2","I like texting.","Mám rád textové zprávy."
"texting_3","I don't like texting.","Nemám rád textové zprávy."
"knitting","Knitting","Pletení"
"knitting_2","I like knitting.","Mám rád pletení."
"knitting_3","I don't like knitting.","Nemám rád pletení."
"knitting_4","I want to learn how to knit.","Chci se naučit plést."
"bowling","Bowling","Kuželky"
"bowling_2","I like bowling.","Mám rád bowling."
"bowling_3","I don't like bowling.","Nemám rád bowling."
"bowling_4","Do you want to play bowling with me?","Chcete se mnou hrát bowling?"
"watching-tv","Watching TV","Sledování televize"
"watching-tv_2","I like watching tv.","Rád se dívám na televizi."
"watching-tv_3","I don't like watching tv.","Nemám rád sledování televize."
"watching-tv_4","Do you want to watch tv?","Chcete se dívat na televizi?"
"fishing","Fishing","Rybolov"
"fishing_2","I like fishing.","Mám rád rybaření."
"fishing_3","I don't like fishing.","Nelíbí se mi rybaření."
"fishing_4","Do you want to go to fishing?","Chcete jít na rybaření?"
"exercising","Exercising","Cvičení"
"exercising_2","I like exercising.","Ráda cvičím."
"exercising_3","I don't like exercising.","Nemám rád cvičení."
"exercising_4","Do you want to exercise with me?","Chcete se mnou cvičit?"
"tennis","Tennis","Tenis"
"tennis_2","I like playing tennis.","Rád hraji tenis."
"tennis_3","I don't like playing tennis.","Nemám rád tenis."
"tennis_4","Do you want to play tennis with me?","Chcete si se mnou hrát tenis?"
"animals","Animals","Zvířata"
"cat","Cat","Kočka"
"cat_2","I like cats.","Mám rád kočky."
"cat_3","I saw a cat.","Viděl jsem kočku."
"cat_4","What noise does a cat make?","Jaký hluk dělá kočka?"
"cat_5","Can we get a cat as pet?","Můžeme získat kočku jako domácího mazlíčka?"
"dog","Dog","Pes"
"dog_2","I like dog.","Mám ráda psa."
"dog_3","I saw a dog.","Viděl jsem psa."
"dog_4","What noise does a dog make?","Jaký hluk dělá pes?"
"dog_5","Can we get a dog as pet?","Můžeme získat psa jako domácího mazlíčka?"
"fish","Fish","Ryba"
"fish_2","I like fish.","Mám rád ryby."
"fish_3","I saw a fish.","Viděl jsem rybu."
"fish_4","What noise does a fish make?","Jaký hluk ryby vydávají?"
"fish_5","Can we get a fish as pet?","Můžeme získat rybu jako domácího mazlíčka?"
"rabbit","Rabbit","Králičí"
"rabbit_2","I like rabbits.","Mám rád králíky."
"rabbit_3","I saw a rabbit.","Viděl jsem králíka."
"rabbit_4","What noise does a rabbit make?","Jaký hluk dělá králík?"
"rabbit_5","Can we get a rabbit as pet?","Můžeme získat králíka jako domácího mazlíčka?"
"butterfly","Butterfly","Motýl"
"butterfly_2","I like butterflies.","Mám rád motýly."
"butterfly_3","I saw a butterfly.","Viděl jsem motýla."
"butterfly_4","What noise does a butterfly make?","Jaký hluk má motýl?"
"kangaroo","Kangaroo","Klokan"
"kangaroo_2","I like kangaroos.","Mám rád klokani."
"kangaroo_3","I saw a kangaroo.","Viděl jsem klokan."
"kangaroo_4","What noise does a kangaroo make?","Jaký hluk klokan vydává?"
"turtle","Turtle","Želva"
"turtle_2","I like turtles.","Mám rád želvy."
"turtle_3","I saw a turtle.","Viděl jsem želvu."
"turtle_4","What noise does a turtle make?","Jaký hluk způsobuje želva?"
"giraffe","Giraffe","Žirafa"
"giraffe_2","I like giraffes.","Mám rád žirafy."
"giraffe_3","I saw a giraffe.","Viděl jsem žirafu."
"giraffe_4","What noise does a giraffe make?","Jaký hluk dělá žirafa?"
"frog","Frog","Žába"
"frog_2","I like frogs.","Mám rád žáby."
"frog_3","I saw a frog.","Viděl jsem žábu."
"frog_4","What noise does a frog make?","Jaký hluk vytváří žába?"
"swan","Swan","Labuť"
"swan_2","I like swans.","Mám rád labutě."
"swan_3","I saw a swan.","Viděl jsem labuť."
"swan_4","What noise does a swan make?","Jaký hluk dělá labuť?"
"spider","Spider","Pavouk"
"spider_2","I like spiders.","Mám rád pavouky."
"spider_3","I saw a spider.","Viděl jsem pavouka."
"spider_4","What noise does a spider make?","Jaký šum vydává pavouk?"
"cow","Cow","Kráva"
"cow_2","I like cows.","Mám rád krávy."
"cow_3","I saw a cow.","Viděl jsem krávu."
"cow_4","What noise does a cow make?","Jaký hluk kráva vydává?"
"duck","Duck","Kachna"
"duck_2","I like ducks.","Mám rád kachny."
"duck_3","I saw a duck.","Viděl jsem kachnu."
"duck_4","What noise does a duck make?","Jaký hluk kachna dělá?"
"horse","Horse","Kůň"
"horse_2","I like horses.","Mám rád koně."
"horse_3","I saw a horse.","Viděl jsem koně."
"horse_4","What noise does a horse make?","Jaký hluk dělá kůň?"
"chicken","Chicken","Kuře"
"chicken_2","I like chickens.","Mám rád kuřata."
"chicken_3","I saw a chicken.","Viděl jsem kuře."
"chicken_4","What noise does a chicken make?","Jaký hluk kuře dělá?"
"bee","Bee","Včela"
"bee_2","I like bees.","Mám rád včely."
"bee_3","I saw a bee.","Viděl jsem včelu."
"bee_4","What noise does a bee make?","Jaký hluk včela dělá?"
"pig","Pig","Prase"
"pig_2","I like pigs.","Mám rád prasata."
"pig_3","I saw a pig.","Viděl jsem prase."
"pig_4","What noise does a pig make?","Jaký hluk vydává prase?"
"dove","Dove","Holubice"
"dove_2","I like doves.","Mám rád holubice."
"dove_3","I saw a dove.","Viděl jsem holubici."
"dove_4","What noise does a dove make?","Jaký hluk dělá holubice?"
"crab","Crab","Krab"
"crab_2","I like crabs.","Mám rád kraby."
"crab_3","I saw a crab.","Viděl jsem kraba."
"crab_4","What noise does a crab make?","Jaký hluk dělá krab?"
"penguin","Penguin","Tučňák"
"penguin_2","I like penguins.","Mám rád tučňáky."
"penguin_3","I saw a penguin.","Viděl jsem tučňáka."
"penguin_4","What noise does a penguin make?","Jaký hluk tučňák vydává?"
"elephant","Elephant","Slon"
"elephant_2","I like elephants.","Mám rád slony."
"elephant_3","I saw an elephant.","Viděl jsem slona."
"elephant_4","What noise does an elephant make?","Jaký hluk způsobuje slon?"
"zebra","Zebra","Zebra"
"zebra_2","I like zebras.","Mám rád zebry."
"zebra_3","I saw a zebra.","Viděl jsem zebru."
"zebra_4","What noise does a zebra make?","Jaký hluk způsobuje zebra?"
"panda","Panda","Panda"
"panda_2","I like pandas.","Mám rád pandy."
"panda_3","I saw a panda.","Viděl jsem pandu."
"panda_4","What noise does a panda make?","Jaký hluk panda vydává?"
"monkey","Monkey","Opice"
"monkey_2","I like monkeys.","Mám rád opice."
"monkey_3","I saw a monkey.","Viděl jsem opici."
"monkey_4","What noise does a monkey make?","Jaký hluk dělá opice?"
"camel","Camel","Velbloud"
"camel_2","I like camels.","Mám rád velbloudy."
"camel_3","I saw a camel.","Viděl jsem velblouda."
"camel_4","What noise does a camel make?","Jaký hluk dělá velbloud?"
"mouse","Mouse","Myš"
"mouse_2","I like mice.","Mám rád myši."
"mouse_3","I saw a mouse.","Viděl jsem myš."
"mouse_4","What noise does a mouse make?","Jaký hluk dělá myš?"
"tiger","Tiger","Tygr"
"tiger_2","I like tigers.","Líbí se mi tygři."
"tiger_3","I saw a tiger.","Viděl jsem tygra."
"tiger_4","What noise does a tiger make?","Jaký hluk tygr vydává?"
"jellyfish","Jellyfish","Medúza"
"jellyfish_2","I like jellyfishes.","Mám rád medúzy."
"jellyfish_3","I saw a jellyfish.","Viděl jsem medúzu."
"jellyfish_4","What noise does a jellyfish make?","Jaký hluk medúza dělá?"
"crocodile","Crocodile","Krokodýl"
"crocodile_2","I like crocodiles.","Mám rád krokodýly."
"crocodile_3","I saw a crocodile.","Viděl jsem krokodýla."
"crocodile_4","What noise does a crocodile make?","Jaký hluk dělá krokodýl?"
"koala","Koala","Koala"
"koala_2","I like koalas.","Mám rád koaly."
"koala_3","I saw a koala.","Viděl jsem koalu."
"koala_4","What noise does a koala make?","Jaký hluk dělá koala?"
"ostrich","Ostrich","Pštros"
"ostrich_2","I like ostriches.","Mám rád pštrosi."
"ostrich_3","I saw an ostrich.","Viděl jsem pštrosa."
"ostrich_4","What noise does an ostrich make?","Jaký hluk dělá pštros?"
"racoon","Racoon","Mýval"
"racoon_2","I like racoons.","Mám rád racoony."
"racoon_3","I saw a racoon.","Viděl jsem racoona."
"racoon_4","What noise does a racoon make?","Jaký hluk vydává racoon?"
"bat","Bat","Netopýr"
"bat_2","I like bats.","Mám rád netopýry."
"bat_3","I saw a bat.","Viděl jsem netopýra."
"bat_4","What noise does a bat make?","Jaký hluk dělá netopýr?"
"eagle","Eagle","Orel"
"eagle_2","I like eagles.","Mám rád orly."
"eagle_3","I saw an eagle.","Viděl jsem orla."
"eagle_4","What noise does an eagle make?","Jaký hluk vydává orel?"
"hippopotamus","Hippopotamus","Hroch"
"hippopotamus_2","I like hippopotamus.","Líbí se mi hroch."
"hippopotamus_3","I saw a hippopotamus.","Viděl jsem hrocha."
"hippopotamus_4","What noise does a hippopotamus make?","Jaký hluk způsobuje hroch?"
"seal","Seal","Těsnění"
"seal_2","I like seals.","Mám rád těsnění."
"seal_3","I saw a seal.","Viděl jsem pečeť."
"seal_4","What noise does a seal make?","Jaký hluk vytváří těsnění?"
"walrus","Walrus","Mrož"
"walrus_2","I like walruses.","Mám rád mrože."
"walrus_3","I saw a walrus.","Viděl jsem mrož."
"walrus_4","What noise does a walrus make?","Jaký hluk vydává mrož?"
"seahorse","Seahorse","Mořský koník"
"seahorse_2","I like seahorses.","Mám rád mořské koníky."
"seahorse_3","I saw a seahorse.","Viděl jsem mořského koníka."
"seahorse_4","What noise does a seahorse make?","Jaký hluk vydává mořský koník?"
"bull","Bull","Býk"
"bull_2","I like bulls.","Mám rád býky."
"bull_3","I saw a bull.","Viděl jsem býka."
"bull_4","What noise does a bull make?","Jaký hluk býk vydává?"
"pelican","Pelican","Pelikán"
"pelican_2","I like pelicans.","Mám rád pelikány."
"pelican_3","I saw a pelican.","Viděl jsem pelikána."
"pelican_4","What noise does a pelican make?","Jaký hluk způsobuje pelikán?"
"beaver","Beaver","Bobr"
"beaver_2","I like beavers.","Mám rád bobři."
"beaver_3","I saw a beaver.","Viděl jsem bobra."
"beaver_4","What noise does a beaver make?","Jaký hluk dělá bobr?"
"goldfish","Goldfish","Zlatá rybka"
"goldfish_2","I like goldfishes.","Mám rád zlaté rybky."
"goldfish_3","I saw a goldfish.","Viděl jsem zlatou rybku."
"goldfish_4","What noise does a goldfish make?","Jaký hluk vytváří zlatá rybka?"
"goldfish_5","Can we get a goldfish as pet?","Můžeme získat zlatou rybku jako domácího mazlíčka?"
"rhinoceros","Rhinoceros","Nosorožec"
"rhinoceros_2","I like rhinoceros.","Mám rád nosorožce."
"rhinoceros_3","I saw a rhinoceros.","Viděl jsem nosorožce."
"rhinoceros_4","What noise does a rhinoceros make?","Jaký hluk nosorožci vydávají?"
"snake","Snake","Had"
"snake_2","I like snakes.","Mám rád hady."
"snake_3","I saw a snake.","Viděl jsem hada."
"snake_4","What noise does a snake make?","Jaký hluk vytváří had?"
"lion","Lion","Lev"
"lion_2","I like lions.","Mám rád lvy."
"lion_3","I saw a lion.","Viděl jsem lva."
"lion_4","What noise does a lion make?","Jaký hluk dělá lev?"
"squid","Squid","Oliheň"
"squid_2","I like squids.","Mám ráda chobotnice."
"squid_3","I saw a squid.","Viděl jsem chobotnici."
"squid_4","What noise does a squid make?","Jaký hluk dělá chobotnice?"
"whale","Whale","Velryba"
"whale_2","I like whales.","Mám rád velryby."
"whale_3","I saw a whale.","Viděl jsem velrybu."
"whale_4","What noise does a whale make?","Jaký hluk způsobuje velryba?"
"beetle","Beetle","Brouk"
"beetle_2","I like beetles.","Mám rád brouky."
"beetle_3","I saw a beetle.","Viděl jsem brouka."
"beetle_4","What noise does a beetle make?","Jaký hluk způsobuje brouk?"
"dolphin","Dolphin","Delfín"
"dolphin_2","I like dolphins.","Mám rád delfíny."
"dolphin_3","I saw a dolphin.","Viděl jsem delfína."
"dolphin_4","What noise does a dolphin make?","Jaký hluk vydává delfín?"
"starfish","Starfish","Mořská hvězdice"
"starfish_2","I like starfishes.","Mám rád hvězdice."
"starfish_3","I saw a starfish.","Viděl jsem hvězdice."
"starfish_4","What noise does a starfish make?","Jaký hluk vytváří hvězdice?"
"parakeet","Parakeet","Andulka"
"parakeet_2","I like parakeets.","Mám rád papoušky."
"parakeet_3","I saw a parakeet.","Viděl jsem papouška."
"parakeet_4","What noise does a parakeet make?","Jaký hluk dělá papoušek?"
"owl","Owl","Sova"
"owl_2","I like owls.","Mám rád sovy."
"owl_3","I saw an owl.","Viděl jsem sova."
"owl_4","What noise does an owl make?","Jaký hluk vydává sova?"
"sheep","Sheep","Ovce"
"sheep_2","I like sheeps.","Mám rád ovce."
"sheep_3","I saw a sheep.","Viděl jsem ovci."
"sheep_4","What noise does a sheep make?","Jaký hluk způsobuje ovce?"
"clothes","Clothes","Oblečení"
"pants","Pants","Kalhoty"
"pants_2","My pants are dirty.","Moje kalhoty jsou špinavé."
"pants_3","Can you help me wear my pants?","Můžete mi pomoci nosit kalhoty?"
"shirt","Shirt","Košile"
"shirt_2","My shirt is dirty.","Moje košile je špinavá."
"shirt_3","Can you help me wear my shirt?","Můžete mi pomoci nosit košili?"
"skirt","Skirt","Sukně"
"skirt_2","My skirt is dirty.","Moje sukně je špinavá."
"skirt_3","Can you help me wear my skirt?","Můžete mi pomoci nosit sukni?"
"panty","Panty","Panty"
"panty_2","My underwear is dirty.","Moje spodní prádlo je špinavé."
"panty_3","Can you help me wear my panty?","Můžete mi pomoci nosit kalhotky?"
"jacket","Jacket","Bunda"
"jacket_2","My jacket is dirty.","Moje bunda je špinavá."
"jacket_3","Can you help me wear my jacket?","Můžete mi pomoci nosit moji bundu?"
"tie","Tie","Kravata"
"tie_2","I like wearing tie.","Mám rád kravatu."
"tie_3","Can you help me tie my tie?","Můžete mi pomoci uvázat mou kravatu?"
"baseball-cap","Baseball cap","Baseballová čepice"
"baseball-cap_2","I like wearing baseball cap.","Ráda nosím kšiltovku."
"baseball-cap_3","Which baseball cap should I wear?","Kterou baseballovou čepici bych měl nosit?"
"dress","Dress","Šaty"
"dress_2","My dress is dirty.","Moje šaty jsou špinavé."
"dress_3","Can you help me wear my dress?","Můžete mi pomoci nosit moje šaty?"
"shoes","Shoes","Obuv"
"shoes_2","My shoes are dirty.","Moje boty jsou špinavé."
"shoes_3","Can you help me wear my shoes?","Můžete mi pomoci nosit boty?"
"boots","Boots","Boty"
"boots_2","My boots are dirty.","Moje boty jsou špinavé."
"boots_3","Can you help me wear my boots?","Můžete mi pomoci nosit boty?"
"sneakers","Sneakers","Tenisky"
"sneakers_2","I want to wear my sneakers.","Chci nosit své tenisky."
"sneakers_3","Can you help me wear my sneakers?","Můžete mi pomoci nosit moje tenisky?"
"slippers","Slippers","Bačkory"
"slippers_2","I want to wear my slippers.","Chci nosit pantofle."
"slippers_3","Can you help me wear my slippers?","Můžete mi pomoci nosit pantofle?"
"belt","Belt","Pás"
"belt_2","I like wearing belt.","Rád nosím pás."
"belt_3","Can you help me wear my belt?","Můžete mi pomoci nosit můj opasek?"
"socks","Socks","Ponožky"
"socks_2","My socks are dirty.","Moje ponožky jsou špinavé."
"socks_3","Can you help me wear my socks?","Můžete mi pomoci nosit ponožky?"
"swimsuit","Swimsuit","Plavky"
"swimsuit_2","I want to wear my swimsuit.","Chci nosit plavky."
"swimsuit_3","Can you help me wear my swimsuit?","Můžete mi pomoci nosit plavky?"
"sweater","Sweater","Svetr"
"sweater_2","My sweater is dirty.","Můj svetr je špinavý."
"sweater_3","Can you help me wear my sweater?","Můžete mi pomoci nosit svetr?"
"scarf","Scarf","Šátek"
"scarf_2","I like wearing scarf.","Ráda nosím šátek."
"scarf_3","Can you help me wear my scarf?","Můžete mi pomoci nosit šátek?"
"denim-shorts","Denim shorts","Džínové šortky"
"denim-shorts_2","My denim shorts are dirty.","Moje džínové kraťasy jsou špinavé."
"denim-shorts_3","Can you help me wear my denim shorts?","Můžete mi pomoci nosit moje džínové kraťasy?"
"hoodies","Hoodies","Mikiny"
"hoodies_2","I like wearing hoodies.","Ráda nosí mikiny."
"hoodies_3","Can you help me wear my hoodie?","Můžete mi pomoci nosit moji mikinu?"
"swimming-shorts","Swimming shorts","Plavecké šortky"
"swimming-shorts_2","My swimming shorts are dirty.","Moje plavecké šortky jsou špinavé."
"swimming-shorts_3","Can you help me wear my swimming shorts?","Můžete mi pomoci nosit moje plavecké šortky?"
"bow-tie","Bow tie","Motýlek"
"bow-tie_2","I like wearing bow tie.","Mám rád motýlek."
"bow-tie_3","Can you help me wear my bow tie?","Můžete mi pomoci nosit motýlek?"
"leather-jacket","Leather jacket","Kožená bunda"
"leather-jacket_2","I like wearing leather jacket.","Ráda nosí koženou bundu."
"leather-jacket_3","Can you help me wear my leather jacket?","Můžete mi pomoci nosit moji koženou bundu?"
"bathrobe","Bathrobe","Župan"
"bathrobe_2","I like wearing bathrobe.","Mám rád župan."
"bathrobe_3","Can you help me wear my bathrobe?","Můžete mi pomoci nosit můj župan?"
"jumpsuit","Jumpsuit","Kombinéza"
"jumpsuit_2","I like wearing jumpsuit.","Ráda nosí kombinézu."
"jumpsuit_3","Can you help me wear my jumpsuit?","Můžete mi pomoci nosit kombinézu?"
"fedora-hat","Fedora hat","Klobouk Fedora"
"fedora-hat_2","I like wearing fedora hat.","Mám rád klobouk fedora."
"fedora-hat_3","Can you help me wear my fedora hat?","Můžete mi pomoci nosit klobouk fedora?"
"t-shirt","T-shirt","tričko"
"t-shirt_2","I like wearing t-shirt.","Ráda nosím tričko."
"t-shirt_3","Can you help me wear my t-shirt?","Můžete mi pomoci nosit moje tričko?"
"sleeveless","Sleeveless","Bez rukávů"
"sleeveless_2","I like wearing sleeveless.","Ráda nosím bez rukávů."
"sleeveless_3","Can you help me wear my sleeveless?","Můžete mi pomoci nosit můj bez rukávů?"
"boxers","Boxers","Boxeři"
"boxers_2","I like wearing boxers.","Ráda nosím boxerky."
"boxers_3","Can you help me wear my boxers?","Můžete mi pomoci nosit moje boxery?"
"vest","Vest","Vesta"
"vest_2","I like wearing vest.","Rád nosím vestu."
"vest_3","Can you help me wear my vest?","Můžete mi pomoci nosit vestu?"
"pamela-hat","Pamela hat","Pamela klobouk"
"pamela-hat_2","I like wearing pamela hat.","Ráda nosí klobouk Pamela."
"pamela-hat_3","Can you help me wear my pamela hat?","Můžete mi pomoci nosit klobouk pamela?"
"high-heels","High heels","Vysoké podpatky"
"high-heels_2","I like wearing high heels.","Ráda nosí vysoké podpatky."
"high-heels_3","Can you help me wear my high heels?","Můžete mi pomoci nosit vysoké podpatky?"
"overalls","Overalls","Montérky"
"overalls_2","I like wearing overalls.","Ráda nosím kombinézy."
"overalls_3","Can you help me wear my overalls?","Můžete mi pomoci nosit moje kombinézy?"
"kimono","Kimono","Kimono"
"kimono_2","I like wearing kimono.","Ráda nosím kimono."
"kimono_3","Can you help me wear my kimono?","Můžete mi pomoci nosit moje kimono?"
"raincoat","Raincoat","Pláštěnka"
"raincoat_2","I like wearing raincoat.","Ráda nosím pláštěnku."
"raincoat_3","Can you help me wear my raincoat?","Můžete mi pomoci nosit pláštěnku?"
"bandana","Bandana","Bandana"
"bandana_2","I like wearing bandana.","Ráda nosím šátek."
"bandana_3","Can you help me wear my bandana?","Můžete mi pomoci nosit můj šátek?"
"beret","Beret","Baret"
"beret_2","I like wearing beret.","Ráda nosí baret."
"beret_3","Can you help me wear my beret?","Můžete mi pomoci nosit můj baret?"
"knit-hat","Knit hat","Pletený klobouk"
"knit-hat_2","I like wearing knit hat.","Mám rád na sobě pletený klobouk."
"knit-hat_3","Can you help me wear my knit hat?","Můžete mi pomoci nosit můj pletený klobouk?"
"suspenders","Suspenders","Šle"
"suspenders_2","I like wearing suspenders.","Ráda nosím podvazky."
"suspenders_3","Can you help me wear my suspenders?","Můžete mi pomoci nosit moje podvazky?"
"mitten","Mitten","Mitten"
"mitten_2","I like wearing mitten.","Ráda nosí rukavice."
"mitten_3","Can you help me wear my mitten?","Můžete mi pomoci nosit rukavice?"
"suit","Suit","Oblek"
"suit_2","I like wearing suit.","Ráda nosí oblek."
"suit_3","Can you help me wear my suit?","Můžete mi pomoci nosit můj oblek?"
"coat","Coat","Kabát"
"coat_2","I like wearing coat.","Ráda nosím kabát."
"coat_3","Can you help me wear my coat?","Můžete mi pomoci nosit kabát?"
"trench-coat","Trench coat","Plášť"
"trench-coat_2","I like wearing trench coat.","Rád nosím trenčkot."
"trench-coat_3","Can you help me wear my trench coat?","Můžete mi pomoci nosit kabát?"
"colors","Colors","Barvy"
"crayons","Crayons","Pastelky"
"crayons_2","I like crayons.","Mám rád pastelky."
"crayons_3","Can you give me crayons?","Můžeš mi dát pastelky?"
"crayons_4","I want to draw using my crayons.","Chci kreslit pomocí svých pastelek."
"red","Red","Červené"
"red_2","It is red.","Je to červené."
"red_3","My favorite color is red.","Moje oblíbená barva je červená."
"red_4","Can you give me red paint?","Můžeš mi dát červenou barvu?"
"blue","Blue","Modrý"
"blue_2","It is blue.","Je to modré."
"blue_3","My favorite color is blue.","Moje oblíbená barva je modrá."
"blue_4","Can you give me blue paint?","Můžete mi dát modrou barvu?"
"orange","Orange","oranžový"
"orange_2","It is orange color.","Je to oranžová barva."
"orange_3","My favorite color is orange.","Moje oblíbená barva je oranžová."
"orange_4","Can you give me orange paint?","Můžeš mi dát oranžovou barvu?"
"green","Green","Zelený"
"green_2","It is green.","Je to zelené."
"green_3","My favorite color is green.","Moje oblíbená barva je zelená."
"green_4","Can you give me green paint?","Můžete mi dát zelenou barvu?"
"yellow","Yellow","Žlutá"
"yellow_2","It is yellow.","Je žlutá."
"yellow_3","My favorite color is yellow.","Moje oblíbená barva je žlutá."
"yellow_4","Can you give me yellow paint?","Můžeš mi dát žlutou barvu?"
"purple","Purple","Nachový"
"purple_2","It is purple.","Je fialová."
"purple_3","My favorite color is purple.","Moje oblíbená barva je fialová."
"purple_4","Can you give me purple paint?","Můžete mi dát fialové barvy?"
"pink","Pink","Růžový"
"pink_2","It is pink.","Je růžová."
"pink_3","My favorite color is pink.","Moje oblíbená barva je růžová."
"pink_4","Can you give me pink paint?","Můžeš mi dát růžovou barvu?"
"brown","Brown","Hnědý"
"brown_2","It is brown.","To je hnědé."
"brown_3","My favorite color is brown.","Moje oblíbená barva je hnědá."
"brown_4","Can you give me brown paint?","Můžeš mi dát hnědou barvu?"
"black","Black","Černá"
"black_2","It is black.","Je to černé."
"black_3","My favorite color is black.","Moje oblíbená barva je černá."
"black_4","Can you give me black paint?","Můžete mi dát černou barvu?"
"white","White","Bílý"
"white_2","It is white.","Je to bílé."
"white_3","My favorite color is white.","Moje oblíbená barva je bílá."
"white_4","Can you give me white paint?","Můžete mi dát bílou barvu?"
"gray","Gray","Šedá"
"gray_2","It is gray.","Je šedá."
"gray_3","My favorite color is gray.","Moje oblíbená barva je šedá."
"gray_4","Can you give me gray paint?","Můžete mi dát šedou barvu?"
"transparent","Transparent","Průhledný"
"transparent_2","It is transparent.","Je to průhledné."
"transparent_3","I can see behind transparent color.","Vidím za průhlednou barvou."
"transparent_4","Can you help me erase?","Můžete mi pomoci vymazat?"
"cyan","Cyan","Tyrkysová"
"cyan_2","It is cyan.","Je to azurová."
"cyan_3","My favorite color is cyan.","Moje oblíbená barva je azurová."
"cyan_4","Can you give me cyan paint?","Můžeš mi dát azurovou barvu?"
"violet","Violet","fialový"
"violet_2","It is violet.","Je fialová."
"violet_3","My favorite color is violet.","Moje oblíbená barva je fialová."
"violet_4","Can you give me violet paint?","Můžeš mi dát fialovou barvu?"
"turquoise","Turquoise","Tyrkysový"
"turquoise_2","It is turquoise.","Je tyrkysová."
"turquoise_3","My favorite color is turquoise.","Moje oblíbená barva je tyrkysová."
"turquoise_4","Can you give me turquoise paint?","Můžete mi dát tyrkysovou barvu?"
"lime","Lime","Limetka"
"lime_2","It is lime.","Je to vápno."
"lime_3","My favorite color is lime.","Moje oblíbená barva je vápno."
"lime_4","Can you give me lime paint?","Můžeš mi dát vápennou barvu?"
"plum","Plum","Švestka"
"plum_2","It is plum.","Je to švestka."
"plum_3","My favorite color is plum.","Moje oblíbená barva je švestka."
"plum_4","Can you give me plum paint?","Můžete mi dát švestkové barvy?"
"tan","Tan","Opálení"
"tan_2","It is tan color.","Je to hnědá barva."
"tan_3","My favorite color is tan color.","Moje oblíbená barva je hnědá."
"tan_4","Can you give me tan color paint?","Můžete mi dát pálení barvy barvy?"
"avocado","Avocado","Avokádo"
"avocado_2","It is avocado color.","Je to avokádová barva."
"avocado_3","My favorite color is avocado color.","Moje oblíbená barva je avokádová barva."
"avocado_4","Can you give me avocado color paint?","Můžeš mi dát avokádovou barvu?"
"barbie-pink","Barbie pink","Barbie růžová"
"barbie-pink_2","It is barbie pink color.","Je to barbie růžová barva."
"barbie-pink_3","My favorite color is barbie pink.","Moje oblíbená barva je barbie pink."
"barbie-pink_4","Can you give me barbie pink paint?","Můžete mi dát barbie růžové barvy?"
"blizzard-blue","Blizzard blue","Blizzard blue"
"blizzard-blue_2","It is blizzard blue color.","Je to vánice modrá barva."
"blizzard-blue_3","My favorite color is blizzard blue color.","Moje oblíbená barva je blizzard blue color."
"blizzard-blue_4","Can you give me blizzard blue paint?","Můžete mi dát blizzard blue paint?"
"conversation","Conversation","Konverzace"
"me","Me","Mě"
"me_2","My name is {name}","Jmenuji se {name}"
"me_3","I'm {name}","Jsem {name}"
"me_4","Do you know my name?","Znáš mé jméno?"
"me_5","What is your name?","Jak se jmenuješ?"
"me_6","Nice to meet you!","Rád vás poznávám!"
"me_7","Do you like me?","Máš mě rád?"
"me_8","Can we be friends?","Můžeme být přátelé?"
"me_9","I'm using assistive communication app.","Používám pomocnou komunikační aplikaci."
"me_10","Who are you?","Kdo jsi?"
"hello","Hello","Ahoj"
"hello_2","Hello.","Ahoj."
"hello_3","Hi.","Ahoj."
"hello_4","Greetings.","Pozdravy."
"hello_5","How are you?","Jak se máte?"
"hello_6","Nice to meet you!","Rád vás poznávám!"
"help","Help","Pomoc"
"help_2","Help me.","Pomoz mi."
"help_3","Can you help me?","Můžeš mi pomoci?"
"help_4","I need help","potřebuji pomoci"
"help_5","Do you need help?","Potřebuješ pomoc?"
"yes","Yes","Ano"
"yes_2","Yes.","Ano."
"yes_3","Yes please.","Ano prosím."
"yes_4","Alright.","V pořádku."
"yes_5","Agreed.","Souhlasím."
"yes_6","I want to.","Chci."
"yes_7","I would like to.","Rád bych."
"no","No","Ne"
"no_2","No.","Ne."
"no_3","Nope.","Ani náhodou."
"no_4","Never.","Nikdy."
"no_5","I don't want to.","Nechci."
"no_6","I don't like it.","Nelíbí se mi to."
"no_7","You don't like it?","Nelíbí se ti to?"
"no_8","Why you don't like it?","Proč se vám to nelíbí?"
"toilet","Toilet","Toaleta"
"toilet_2","I need to go to the toilet.","Musím jít na záchod."
"toilet_3","I need to pee.","Potřebuji čůrat."
"toilet_4","I need to poop.","Potřebuji kakat."
"toilet_5","Can you help me go to the toilet?","Můžete mi pomoci jít na záchod?"
"toilet_6","Can you help me clean?","Můžete mi pomoci vyčistit?"
"toilet_7","I peed myself.","Nakoukl jsem se."
"toilet_8","I pooped myself.","Nasadil jsem se."
"what","What","Co"
"what_2","What is that?","Co je to?"
"what_3","What does it mean?","Co to znamená?"
"what_4","What do you mean?","Co myslíš?"
"what_5","Can you explain it?","Můžeš to vysvětlit?"
"what_6","Can you repeat what you said?","Můžeš opakovat, co jsi řekl?"
"what_7","I don't understand.","Nerozumím."
"sleep","Sleep","Spát"
"sleep_2","I want to sleep.","Chci spát."
"sleep_3","I don't want to sleep.","Nechci spát."
"sleep_4","I'm tired.","Jsem unavený."
"sleep_5","Are you tired?","Jsi unavený?"
"sleep_6","When am I going to sleep?","Kdy jdu spát?"
"sleep_7","I want to take a nap.","Chci si zdřímnout."
"bath","Bath","Lázeň"
"bath_2","I want to take a bath.","Chci se vykoupat."
"bath_3","I like taking a bath.","Ráda se vykoupám."
"bath_4","I want to wash my hands.","Chci si umýt ruce."
"bath_5","I want to take a shower.","Chci se osprchovat."
"bath_6","I want to clean myself.","Chci se vyčistit."
"bath_7","Can you help me take a bath?","Můžete mi pomoci vykoupat se?"
"bath_8","I don't want to take a bath.","Nechci se vykoupat."
"listen","Listen","Poslouchat"
"listen_2","Listen to me.","Poslouchej mě."
"listen_3","Can you listen to me?","Můžeš mě poslouchat?"
"listen_4","Listen to music.","Poslouchat hudbu."
"listen_5","Listening to my parents.","Poslouchání mých rodičů."
"listen_6","Listen to what my application is saying!","Poslouchejte, co říká moje aplikace!"
"morning","Morning","Ráno"
"morning_2","Good morning.","Dobré ráno."
"morning_3","I like mornings.","Mám ráda rána."
"morning_4","In the morning.","Ráno."
"morning_5","Morning time.","Ranní čas."
"morning_6","Is it morning?","Je ráno?"
"night","Night","Noc"
"night_2","Good night!","Dobrou noc!"
"night_3","I like nights.","Mám rád noci."
"night_4","At night.","V noci."
"night_5","Night time.","Noční čas."
"night_6","Is it night?","Je noc?"
"look","Look","Dívej se"
"look_2","Look at me.","Podívej se na mě."
"look_3","Look at this.","Podívejte se na to."
"look_4","Are you looking?","Hledáš?"
"look_5","Look at my drawing.","Podívejte se na můj obrázek."
"look_6","How do I look?","Jak vypadám?"
"look_7","Look what I did.","Podívej, co jsem udělal."
"look_8","Let's look at that.","Pojďme se na to podívat."
"speak","Speak","Mluvit"
"speak_2","I'm learning how to speak.","Učím se mluvit."
"speak_3","I want to speak.","Chci mluvit."
"speak_4","Can I speak with you?","Můžu s tebou mluvit?"
"speak_5","I like speaking.","Rád mluvím."
"speak_6","I'm using assistive communication app.","Používám pomocnou komunikační aplikaci."
"play","Play","Hrát si"
"play_2","I love playing.","Miluji hraní."
"play_3","Can you play with me?","Můžeš si se mnou hrát?"
"play_4","I want to play with you!","Chci si s tebou hrát!"
"play_5","I want to play with my friends.","Chci si hrát se svými přáteli."
"play_6","I don't want to play with you.","Nechci s tebou hrát."
"outside","Outside","Mimo"
"outside_2","I love going outside.","Rád chodím ven."
"outside_3","I want to go outside.","Chci jít ven."
"outside_4","Is it cold outside?","Je venku zima?"
"outside_5","I don't like outside.","Nemám rád venku."
"outside_6","Can I go outside?","Mohu jít ven?"
"home","Home","Domov"
"home_2","I love my home.","Miluji svůj domov."
"home_3","I want to go home.","Chci jít domů."
"home_4","Where is your home?","Kde je tvůj domov?"
"home_5","Home sweet home.","Domov sladký domov."
"home_6","I'm in the house.","Jsem v domě."
"home_7","I'm not in the house.","Nejsem v domě."
"hurt","Hurt","Zranit"
"hurt_2","I'm hurt.","Jsem zraněný."
"hurt_3","Are you hurt?","Jsi zraněný?"
"hurt_4","Did I hurt you?","Ublížil jsem ti?"
"hurt_5","I didn't mean to hurt you!","Nechtěl jsem ti ublížit!"
"hurt_6","Is it going to hurt?","Bude to bolet?"
"hurt_7","I have a headache.","Bolí mě hlava."
"hurt_8","I have a stomach ache.","Mám bolesti břicha."
"hurt_9","My genitals hurt.","Moje genitálie bolí."
"hurt_10","My foot hurts.","Bolí mě noha."
"feelings","Feelings","Pocity"
"happy","Happy","Šťastný"
"happy_2","I'm happy.","Jsem šťastný."
"happy_3","I feel happy.","Cítím se šťastný."
"happy_4","Do you feel happy?","Cítíš se šťastný?"
"happy_5","I want to feel happy.","Chci se cítit šťastný."
"happy_6","You are making me happy.","Děláte mě šťastným."
"sad","Sad","Smutný"
"sad_2","I'm sad.","Jsem smutný."
"sad_3","I feel sad.","Je mi smutno."
"sad_4","Do you feel sad?","Cítíš se smutně?"
"sad_5","I don't want to feel sad.","Nechci se cítit smutně."
"sad_6","You are making me sad.","Zlobíš mě."
"exhausted","Exhausted","Vyčerpaný"
"exhausted_2","I'm exhausted.","Jsem vyčerpaný."
"exhausted_3","I feel exhausted.","Cítím se vyčerpaná."
"exhausted_4","Do you feel exhausted?","Cítíte se vyčerpaní?"
"exhausted_5","I don't want to be exhausted.","Nechci být vyčerpaný."
"relaxed","Relaxed","Uvolněný"
"relaxed_2","I'm relaxed.","Jsem uvolněný."
"relaxed_3","I feel relaxed.","Cítím se uvolněně."
"relaxed_4","Do you feel relaxed?","Cítíte se uvolněně?"
"relaxed_5","I want to feel relaxed.","Chci se cítit uvolněně."
"in-love","In love","Zamilovaný"
"in-love_2","I'm in love.","Jsem zamilovaný."
"in-love_3","I feel in love.","Zamiloval jsem se."
"in-love_4","Are you in love?","Jsi zamilovaný?"
"in-love_5","I want to fall in love.","Chci se zamilovat."
"in-love_6","Do you love me?","Miluješ mě?"
"stressed","Stressed","Zdůraznil"
"stressed_2","I'm stressed.","Jsem stresovaný."
"stressed_3","I feel stressed.","Cítím se ve stresu."
"stressed_4","Do you feel stressed?","Cítíte se stresovaní?"
"stressed_5","I don't want to feel stressed.","Nechci se cítit stresovaný."
"thankful","Thankful","Vděčný"
"thankful_2","I'm thankful.","Jsem vděčný."
"thankful_3","I feel thankful.","Cítím se vděčný."
"thankful_4","Do you feel thankful?","Cítíš se vděčný?"
"thankful_5","I want to feel thankful.","Chci se cítit vděčný."
"confused","Confused","Zmatený"
"confused_2","I'm confused.","Jsem zmatený."
"confused_3","I feel confused.","Cítím se zmatený."
"confused_4","Do you feel confused?","Cítíte se zmatení?"
"confused_5","You are confusing me.","Mateš mě."
"joyful","Joyful","Rozradostněný"
"joyful_2","I'm joyful.","Jsem radostná."
"joyful_3","I feel joyful.","Cítím se radostně."
"joyful_4","Do you feel joyful?","Cítíš se radostně?"
"joyful_5","I want to feel joyful.","Chci se cítit radostně."
"angry","Angry","Rozzlobený"
"angry_2","I'm angry.","Jsem naštvaný."
"angry_3","I feel angry.","Cítím se naštvaný."
"angry_4","Do you feel angry?","Cítíš se naštvaný?"
"angry_5","I'm angry at you.","Jsem na tebe naštvaný."
"angry_6","You are making me angry.","Rozčiluješ mě."
"smart","Smart","Chytrý"
"smart_2","I'm smart.","Jsem chytrý."
"smart_3","I feel smart.","Cítím se chytře."
"smart_4","Do you feel smart?","Cítíš se chytře?"
"smart_5","Am I smart?","Jsem chytrý?"
"smart_6","You are smart!","Jste chytří!"
"afraid","Afraid","Bojím se"
"afraid_2","I'm afraid.","Bojím se."
"afraid_3","I feel afraid.","Cítím se strach."
"afraid_4","Do you feel afraid?","Máte strach?"
"afraid_5","I don't want to feel afraid.","Nechci se bát."
"afraid_6","You are scaring me.","Děsíš mě."
"ashamed","Ashamed","Zahanbený"
"ashamed_2","I'm ashamed.","Stydím."
"ashamed_3","I feel ashamed.","Cítím se zahanben."
"ashamed_4","Do you feel ashamed?","Cítíte se stydět?"
"ashamed_5","I don't want to feel ashamed.","Nechci se stydět."
"shocked","Shocked","Šokováno"
"shocked_2","I'm shocked.","Jsem šokován."
"shocked_3","I feel shocked.","Cítím se šokován."
"shocked_4","Do you feel shocked?","Cítíte se šokováni?"
"shocked_5","You shocked me.","Šokoval jsi mě."
"sick","Sick","Nemocný"
"sick_2","I'm sick.","Je mi špatně."
"sick_3","I feel sick.","Cítím se špatně."
"sick_4","Do you feel sick?","Je Vám špatně?"
"sick_5","I don't want to be sick.","Nechci být nemocný."
"sick_6","I'm sick of the food.","Je mi špatně z jídla."
"frustrated","Frustrated","Frustrovaný"
"frustrated_2","I'm frustrated.","Jsem frustrovaný."
"frustrated_3","I feel frustrated.","Cítím se frustrovaný."
"frustrated_4","Do you feel frustrated?","Cítíte se frustrovaní?"
"frustrated_5","I don't want to feel frustrated.","Nechci se cítit frustrovaný."
"excited","Excited","Vzrušený"
"excited_2","I'm excited.","Jsem vzrušený."
"excited_3","I feel excited.","Cítím vzrušení."
"excited_4","Do you feel excited?","Cítíte se nadšeni?"
"excited_5","I don't want to feel excited.","Nechci se cítit nadšený."
"nauseated","Nauseated","Nauseating"
"nauseated_2","I'm nauseated.","Jsem nevolný."
"nauseated_3","I feel nauseated.","Cítím se zvraceně."
"nauseated_4","Do you feel nauseated?","Cítíte se zvraceni?"
"nauseated_5","I don't want to feel nauseated.","Nechci se cítit nevolně."
"agitated","Agitated","Rozrušený"
"agitated_2","I'm agitated.","Jsem rozrušený."
"agitated_3","I feel agitated.","Cítím se rozrušený."
"agitated_4","Do you feel agitated?","Cítíte se rozčileni?"
"agitated_5","I don't want to feel agitated.","Nechci se cítit rozrušený."
"food","Food","Jídlo"
"hungry","Hungry","Hladový"
"hungry_2","I'm hungry.","Mám hlad."
"hungry_3","Are you hungry?","Máš hlad?"
"hungry_4","Can you make me food?","Můžeš mi dát jídlo?"
"hungry_5","What is for dinner?","Co je k večeři?"
"thirsty","Thirsty","Žíznivý"
"thirsty_2","I'm thirsty.","Mám žízeň."
"thirsty_3","Can I have some water?","Můžu si dát trochu vody?"
"thirsty_4","Can I have a glass of water?","Mohl bych dostat sklenici vody?"
"thirsty_5","I want something to drink.","Chci něco pít."
"cutlery","Cutlery","Příbory"
"cutlery_2","I need cutlery.","Potřebuji příbory."
"cutlery_3","Help me use cutlery.","Pomozte mi používat příbory."
"cutlery_4","I need a fork.","Potřebuji vidličku."
"cutlery_5","I need a spoon.","Potřebuji lžíci."
"cutlery_6","I need chopsticks.","Potřebuji hůlky."
"cutlery_7","I need a knife.","Potřebuji nůž."
"cutlery_8","I need a napkin.","Potřebuji ubrousek."
"apple","Apple","Jablko"
"apple_2","I like apple.","Mám rád jablko."
"apple_3","I don't like apple.","Nemám rád jablko."
"apple_4","I want to eat an apple.","Chci jíst jablko."
"carrot","Carrot","Mrkev"
"carrot_2","I like carrot.","Líbí se mi mrkev."
"carrot_3","I don't like carrot.","Nemám rád mrkev."
"carrot_4","I want to eat a carrot.","Chci jíst mrkev."
"beans","Beans","Fazole"
"beans_2","I like beans.","Mám rád fazole."
"beans_3","I don't like beans.","Nemám rád fazole."
"beans_4","I want to eat beans.","Chci jíst fazole."
"chicken_5","I want fried chicken.","Chci smažené kuře."
"chicken_6","I want boiled chicken.","Chci vařené kuře."
"chocolate","Chocolate","Čokoláda"
"chocolate_2","I like chocolate.","Mám rád čokoládu."
"chocolate_3","I don't like chocolate.","Nemám rád čokoládu."
"chocolate_4","I want to eat chocolate.","Chci jíst čokoládu."
"chocolate_5","I want dark chocolate.","Chci hořkou čokoládu."
"chocolate_6","I want white chocolate.","Chci bílou čokoládu."
"milk","Milk","Mléko"
"milk_2","I like milk.","Mám rád mléko."
"milk_3","I don't like milk.","Nemám rád mléko."
"milk_4","I want to drink milk.","Chci pít mléko."
"milk_5","Can I have a glass of milk?","Mohu si dát sklenici mléka?"
"sandwich","Sandwich","Sendvič"
"sandwich_2","I like sandwich.","Mám rád sendvič."
"sandwich_3","I don't like sandwich.","Nemám rád sendvič."
"sandwich_4","I want to eat a sandwich.","Chci jíst sendvič."
"sandwich_5","Can you make me a sandwich?","Můžeš mi udělat sendvič?"
"steak","Steak","Steak"
"steak_2","I like steak.","Mám rád steaky."
"steak_3","I don't like steak.","Nemám rád steaky."
"steak_4","I want to eat steak.","Chci jíst steak."
"steak_5","Can you cook steak for me?","Můžeš mi uvařit steak?"
"banana","Banana","Banán"
"banana_2","I like banana.","Mám rád banán."
"banana_3","I don't like banana.","Nemám rád banán."
"banana_4","I want to eat a banana.","Chci jíst banán."
"pie","Pie","Koláč"
"pie_2","I like pie.","Mám rád koláč."
"pie_3","I don't like pie.","Nemám rád koláč."
"pie_4","I want to eat pie.","Chci jíst koláč."
"pie_5","Can you bake a pie for me?","Můžeš mi péct koláč?"
"egg","Egg","Vejce"
"egg_2","I like egg.","Mám rád vejce."
"egg_3","I don't like egg.","Nemám rád vejce."
"egg_4","I want to eat egg.","Chci jíst vejce."
"egg_5","I want fried eggs.","Chci smažená vejce."
"egg_6","I want boiled eggs.","Chci vařená vejce."
"noodles","Noodles","Nudle"
"noodles_2","I like noodles.","Mám rád nudle."
"noodles_3","I don't like noodles.","Nelíbí se mi nudle."
"noodles_4","I want to eat noodles.","Chci jíst nudle."
"noodles_5","Can you cook noodles for me?","Můžeš mi uvařit nudle?"
"salt","Salt","Sůl"
"salt_2","I want salt.","Chci sůl."
"salt_3","Can you pass me the salt?","Můžeš mi podat sůl?"
"salt_4","Food is too salty.","Jídlo je příliš slané."
"salt_5","My food needs some salt.","Moje jídlo potřebuje trochu soli."
"spices","Spices","Koření"
"spices_2","I like spicy food.","Mám rád kořeněné jídlo."
"spices_3","I don't like spicy food.","Nemám rád kořeněné jídlo."
"spices_4","I want paprika.","Chci papriku."
"spices_5","I want black pepper.","Chci černý pepř."
"pizza","Pizza","Pizza"
"pizza_2","I like pizza.","Mám rád pizzu."
"pizza_3","I don't like pizza.","Nemám rád pizzu."
"pizza_4","I want to eat pizza.","Chci jíst pizzu."
"pizza_5","Can you cook pizza for me?","Můžeš pro mě vařit pizzu?"
"pizza_6","Can we order pizza?","Můžeme si objednat pizzu?"
"cheese","Cheese","Sýr"
"cheese_2","I like cheese.","Mám rád sýr."
"cheese_3","I don't like cheese.","Nemám rád sýr."
"cheese_4","I want to eat cheese.","Chci jíst sýr."
"ice-cream","Ice cream","Zmrzlina"
"ice-cream_2","I like ice cream.","Mám rád zmrzlinu."
"ice-cream_3","I don't like ice cream.","Nemám rád zmrzlinu."
"ice-cream_4","I want to eat ice cream.","Chci jíst zmrzlinu."
"ice-cream_5","Can you buy ice cream for me?","Můžeš mi koupit zmrzlinu?"
"tea","Tea","Čaj"
"tea_2","I like tea.","Mám rád čaj."
"tea_3","I don't like tea.","Nemám rád čaj."
"tea_4","I want to drink tea.","Chci pít čaj."
"tea_5","Can you make tea for me?","Můžeš mi připravit čaj?"
"coffee","Coffee","Káva"
"coffee_2","I like coffee.","Mám rád kávu."
"coffee_3","I don't like coffee.","Nemám rád kávu."
"coffee_4","I want to drink coffee.","Chci pít kávu."
"coffee_5","Can you make coffee for me?","Můžeš pro mě udělat kávu?"
"tomato","Tomato","Rajče"
"tomato_2","I like tomato.","Mám rád rajče."
"tomato_3","I don't like tomato.","Rajčata se mi nelíbí."
"tomato_4","I want to eat tomato.","Chci jíst rajče."
"cereal","Cereal","Obiloviny"
"cereal_2","I like cereal.","Mám rád cereálie."
"cereal_3","I don't like cereal.","Nemám rád cereálie."
"cereal_4","I want to eat cereal.","Chci jíst obiloviny."
"cereal_5","Can you make my cereal?","Můžeš vyrobit mou obilovinu?"
"burger","Burger","Hamburger"
"burger_2","I like burger.","Mám rád hamburger."
"burger_3","I don't like burger.","Nemám rád hamburger."
"burger_4","I want to eat burger.","Chci jíst hamburger."
"burger_5","Can you cook burger for me?","Můžeš pro mě vařit hamburger?"
"burger_6","Can we order burger?","Můžeme si objednat hamburger?"
"french-fries","French fries","hranolky"
"french-fries_2","I like french fries.","Mám rád hranolky."
"french-fries_3","I don't like french fries.","Nemám rád hranolky."
"french-fries_4","I want to eat french fries.","Chci jíst hranolky."
"french-fries_5","Can you cook french fries for me?","Můžeš mi uvařit hranolky?"
"french-fries_6","Can we order french fries?","Můžeme si objednat hranolky?"
"spinach","Spinach","Špenát"
"spinach_2","I like spinach.","Mám rád špenát."
"spinach_3","I don't like spinach.","Nemám rád špenát."
"spinach_4","I want to eat spinach.","Chci jíst špenát."
"rice","Rice","Rýže"
"rice_2","I like rice.","Mám rád rýži."
"rice_3","I don't like rice.","Nemám rád rýži."
"rice_4","I want to eat rice.","Chci jíst rýži."
"rice_5","Can you cook rice for me?","Můžeš pro mě vařit rýži?"
"bread","Bread","Chléb"
"bread_2","I like bread.","Mám rád chléb."
"bread_3","I don't like bread.","Nemám rád chléb."
"bread_4","I want to eat bread.","Chci jíst chléb."
"bread_5","Can you buy some bread?","Můžete si koupit nějaký chléb?"
"pasta","Pasta","Těstoviny"
"pasta_2","I like pasta.","Mám rád těstoviny."
"pasta_3","I don't like pasta.","Nemám rád těstoviny."
"pasta_4","I want to eat pasta.","Chci jíst těstoviny."
"pasta_5","Can you cook pasta for me?","Můžeš pro mě vařit těstoviny?"
"sauce","Sauce","Omáčka"
"sauce_2","I like sauce.","Mám rád omáčku."
"sauce_3","I don't like sauce.","Nelíbí se mi omáčka."
"sauce_4","I want some sauce.","Chci nějakou omáčku."
"sauce_5","Can I have ketchup?","Mohu mít kečup?"
"sauce_6","Can I have mayonnaise?","Mohu mít majonézu?"
"sauce_7","Can I have mustard?","Mohu mít hořčici?"
"sauce_8","Can I have ranch sauce?","Mohu mít rančovou omáčku?"
"kebab","Kebab","Kebab"
"kebab_2","I like kebab.","Líbí se mi kebab."
"kebab_3","I don't like kebab.","Nemám rád kebab."
"kebab_4","I want to eat kebab.","Chci jíst kebab."
"kebab_5","Can you cook kebab for me?","Můžeš pro mě vařit kebab?"
"kebab_6","Can we order kebab?","Můžeme si objednat kebab?"
"numbers","Numbers","Čísla"
"one","One","Jeden"
"one_2","One comes before two.","Jeden přichází před dvěma."
"one_3","One comes after zero.","Jeden přichází po nule."
"one_4","I want one.","Chci jeden."
"two","Two","Dva"
"two_2","Two comes before three.","Dva přicházejí před třemi."
"two_3","Two comes after one.","Dva přicházejí po jednom."
"two_4","I want two.","Chci dva."
"three","Three","Tři"
"three_2","Three comes before four.","Tři přicházejí před čtyřmi."
"three_3","Three comes after two.","Tři přicházejí po dvou."
"three_4","I want three.","Chci tři."
"four","Four","Čtyři"
"four_2","Four comes before five.","Čtyři přichází před pěti."
"four_3","Four comes after three.","Čtyři přicházejí po třech."
"four_4","I want four.","Chci čtyři."
"five","Five","Pět"
"five_2","Five comes before six.","Pět přichází před šesti."
"five_3","Five comes after four.","Pět přichází po čtyřech."
"five_4","I want five.","Chci pět."
"six","Six","Šest"
"six_2","Six comes before seven.","Šest přichází před sedmi."
"six_3","Six comes after five.","Šest přichází po pěti."
"six_4","I want fix.","Chci to opravit."
"seven","Seven","Sedm"
"seven_2","Seven comes before eight.","Sedm přichází před osmou."
"seven_3","Seven comes after six.","Sedm přichází po šesti."
"seven_4","I want seven.","Chci sedm."
"eight","Eight","Osm"
"eight_2","Eight comes before nine.","Osm přichází před devíti."
"eight_3","Eight comes after seven.","Osm přichází po sedmi."
"eight_4","I want eight.","Chci osm."
"nine","Nine","Devět"
"nine_2","Nine comes before ten.","Devět přichází před deseti."
"nine_3","Nine comes after eight.","Devět přichází po osmi."
"nine_4","I want nine.","Chci devět."
"ten","Ten","Deset"
"ten_2","Ten comes before eleven.","Deset přichází před jedenáctou."
"ten_3","Ten comes after nine.","Deset přichází po devíti."
"ten_4","I want ten.","Chci deset."
"eleven","Eleven","Jedenáct"
"eleven_2","Eleven comes before thirteen.","Jedenáct přichází před třinácti."
"eleven_3","Eleven comes after ten.","Jedenáct přichází po deseti."
"eleven_4","I want eleven.","Chci jedenáct."
"twenty","Twenty","Dvacet"
"twenty_2","I can count up to twenty.","Mohu počítat až dvacet."
"thirty","Thirty","Třicet"
"thirty_2","I can count up to thirty.","Můžu počítat až třicet."
"forty","Forty","Čtyřicet"
"forty_2","I can count up to forty.","Můžu počítat až čtyřicet."
"fifty","Fifty","Padesáti"
"fifty_2","I can count up to fifty.","Můžu počítat až padesát."
"hundred","Hundred","Sto"
"hundred_2","I can count up to hundred.","Mohu spočítat až sto."
"thousand","Thousand","Tisíc"
"thousand_2","I can count up to thousand.","Dokážu spočítat až tisíc."
"calculator","Calculator","Kalkulačka"
"calculator_2","I want to use a calculator.","Chci použít kalkulačku."
"calculator_3","Can you teach me how to use a calculator?","Můžete mě naučit, jak používat kalkulačku?"
"calculator_4","Can I barrow your calculator?","Mohu si ztratit kalkulačku?"
"people","People","Lidé"
"mother","Mother","Matka"
"mother_2","Mommy!","Máma!"
"mother_3","I love my mother.","Miluju moji matku."
"mother_4","I love you mom.","Miluji tě mami."
"mother_5","I miss my mom.","Chybí mi moje máma."
"mother_6","Thank you for taking care of me.","Děkuji za péči o mě."
"mother_7","She is my mom.","Je to moje máma."
"mother_8","Can you help me find my mother?","Můžete mi pomoci najít matku?"
"father","Father","Otec"
"father_2","Daddy!","Tatínek!"
"father_3","I love my father.","Miluji svého otce."
"father_4","I love you dad.","Mám tě rád tati."
"father_5","I miss my dad.","Chybí mi můj táta."
"father_6","Thank you for taking care of me.","Děkuji za péči o mě."
"father_7","He is my dad.","Je to můj táta."
"father_8","Can you help me find my father?","Můžete mi pomoci najít mého otce?"
"parents","Parents","Rodiče"
"parents_2","I love my parents.","Miluji své rodiče."
"parents_3","I love my parents.","Miluji své rodiče."
"parents_4","I miss my parents.","Chybí mi rodiče."
"parents_5","They are my parents.","Oni jsou mí rodiče."
"parents_6","My parents are taking care of me.","Moji rodiče se o mě starají."
"parents_8","Can you help me find my parents?","Můžete mi pomoci najít mé rodiče?"
"grandparents","Grandparents","Prarodiče"
"grandparents_2","I love my grandparents.","Miluji své prarodiče."
"grandparents_3","I love you grandparents.","Miluji tě prarodiče."
"grandparents_4","I miss my grandparents.","Chybí mi prarodiče."
"grandparents_5","They are my grandparents.","Jsou to moji prarodiče."
"grandparents_6","My grandparents are taking care of me.","Moji prarodiče se o mě starají."
"grandparents_8","Can you help me find my grandparents?","Můžete mi pomoci najít mé prarodiče?"
"brother","Brother","Bratr"
"brother_2","I love my brother.","Miluji svého bratra."
"brother_3","I love you brother.","Miluji tě bratře."
"brother_4","I miss my brother.","Chybí mi můj bratr."
"brother_5","He is my brother.","On je můj bratr."
"brother_6","My brother is taking care of me.","Můj bratr se o mě stará."
"brother_8","Can you help me find my brother?","Můžete mi pomoci najít mého bratra?"
"sister","Sister","Sestra"
"sister_2","I love my sister.","Miluji svou sestru."
"sister_3","I love you sister.","Miluji tě sestro."
"sister_4","I miss my sister.","Chybí mi moje sestra."
"sister_5","She is my sister.","Je to moje sestra."
"sister_6","My sister is taking care of me.","Moje sestra se o mě stará."
"sister_8","Can you help me find my sister?","Můžete mi pomoci najít moji sestru?"
"uncle","Uncle","Strýc"
"uncle_2","I love my uncle.","Miluji svého strýce."
"uncle_3","I love you uncle.","Miluji tě strýčku."
"uncle_4","I miss my uncle.","Chybí mi strýc."
"uncle_5","He is my uncle.","On je můj strýc."
"uncle_8","Can you help me find my uncle?","Můžete mi pomoci najít mého strýce?"
"aunt","Aunt","Teta"
"aunt_2","I love my aunt.","Miluji svou tetu."
"aunt_3","I love you aunt.","Miluji tě teto."
"aunt_4","I miss my aunt.","Chybí mi teta."
"aunt_5","She is my aunt.","Je to moje teta."
"aunt_8","Can you help me find my aunt?","Můžete mi pomoci najít moji tetu?"
"teacher","Teacher","Učitel"
"teacher_2","I love my teacher.","Miluji svého učitele."
"teacher_3","I love you teacher.","Miluji vás učitele."
"teacher_4","I don't like my teacher.","Nelíbí se mi můj učitel."
"teacher_5","I miss my teacher.","Chybí mi můj učitel."
"teacher_6","Thank you for the lesson.","Děkuji za lekci."
"therapist","Therapist","Terapeut"
"therapist_2","I love my therapist.","Miluji svého terapeuta."
"therapist_3","I love you therapist.","Miluji tě terapeuta."
"therapist_4","I don't like my therapist.","Nemám ráda svého terapeuta."
"therapist_5","I miss my therapist.","Chybí mi terapeut."
"therapist_6","Thank you for the session.","Děkuji za návštěvu."
"doctor","Doctor","Doktor"
"doctor_2","I love my doctor.","Miluji svého doktora."
"doctor_3","I love you doctor.","Miluji tě doktore."
"doctor_4","I don't like my doctor.","Nemám rád svého doktora."
"doctor_5","I miss my doctor.","Chybí mi doktor."
"doctor_6","Thank you for healing me.","Děkuji za uzdravení."
"friends","Friends","Přátelé"
"friends_2","I love my friends.","Miluji své přátele."
"friends_3","Do you want to be my friend?","Chceš být mým kamarádem?"
"friends_4","I don't like my friends.","Nemám rád své přátele."
"friends_5","I miss my friends.","Chybí mi mí přátelé."
"friends_6","They are my friends.","Jsou to moji přátelé."
"friends_7","Thank you for playing with me.","Děkuji za hraní se mnou."
"cousins","Cousins","Bratranci"
"cousins_2","I love my cousins.","Miluji své sestřenice."
"cousins_3","I don't have cousins.","Nemám bratrance."
"cousins_4","I miss my cousins.","Chybí mi bratranci."
"cousins_5","They are my cousins.","Jsou to moji bratranci."
"grandmother","Grandmother","Babička"
"grandmother_2","I love my grandmother.","Miluji svou babičku."
"grandmother_3","I love you grandma.","Miluji tě babi."
"grandmother_4","I miss my grandma.","Chybí mi moje babička."
"grandmother_5","She is my grandma.","Je to moje babička."
"grandfather","Grandfather","Dědeček"
"grandfather_2","I love my grandfather.","Miluji svého dědečka."
"grandfather_3","I love you grandpa.","Miluji tě děda."
"grandfather_4","I miss my grandpa.","Chybí mi dědeček."
"grandfather_5","He is my grandpa.","Je to můj dědeček."
"stepfather","Stepfather","Nevlastní otec"
"stepfather_2","I love my stepfather.","Miluji svého nevlastního otce."
"stepfather_3","He is my stepfather.","Je to můj nevlastní otec."
"stepfather_4","I miss my stepfather.","Chybí mi můj nevlastní otec."
"stepfather_5","He is my stepfather.","Je to můj nevlastní otec."
"stepmother","Stepmother","Nevlastní matka"
"stepmother_2","I love my stepmother.","Miluji svou nevlastní matku."
"stepmother_3","She is my stepmother.","Je to moje nevlastní matka."
"stepmother_4","I miss my stepmother.","Chybí mi moje nevlastní matka."
"stepmother_5","She is my stepmother.","Je to moje nevlastní matka."
"stepsister","Stepsister","Nevlastní sestra"
"stepsister_2","I love my stepsister.","Miluji svou nevlastní sestru."
"stepsister_3","She is my stepsister.","Je to moje nevlastní sestra."
"stepsister_4","I miss my stepsister.","Chybí mi moje nevlastní sestra."
"stepsister_5","She is my stepsister.","Je to moje nevlastní sestra."
"stepbrother","Stepbrother","Nevlastní bratr"
"stepbrother_2","I love my stepbrother.","Miluji svého nevlastního bratra."
"stepbrother_3","He is my stepbrother.","Je to můj nevlastní bratr."
"stepbrother_4","I miss my stepbrother.","Chybí mi můj nevlastní bratr."
"stepbrother_5","He is my stepbrother.","Je to můj nevlastní bratr."
"half-brother","Half brother","Nevlastní bratr"
"half-brother_2","I love my half brother.","Miluji svého nevlastního bratra."
"half-brother_3","He is my half brother.","Je to můj nevlastní bratr."
"half-brother_4","I miss my half brother.","Chybí mi můj nevlastní bratr."
"half-brother_5","He is my half brother.","Je to můj nevlastní bratr."
"half-sister","Half sister","Nevlastní sestra"
"half-sister_2","I love my half sister.","Miluji svou nevlastní sestru."
"half-sister_3","She is my half sister.","Je to moje nevlastní sestra."
"half-sister_4","I miss my half sister.","Chybí mi moje nevlastní sestra."
"half-sister_5","She is my half sister.","Je to moje nevlastní sestra."
"quarantine","Quarantine","Karanténa"
"protective-mask","Protective mask","Ochranná maska"
"stay-home","Stay home","Zůstat doma"
"toilet-paper","Toilet paper","Toaletní papír"
"sprayer","Sprayer","Postřikovač"
"disinfectant","Disinfectant","Dezinfekční prostředek"
"thermometer","Thermometer","Teploměr"
"coughing","Coughing","Kašel"
"medical-assistance","Medical assistance","Zdravotní asistence"
"hand-sanitizer","Hand sanitizer","Dezinfekční prostředek na ruce"
"gloves","Gloves","Rukavice"
"social-distancing","Social distancing","Společenský odstup"
"mouth-mask","Mouth mask","Ústní maska"
"pandemic","Pandemic","Pandemický"
"working-at-home","Working at home","Práce doma"
"wet-wipes","Wet wipes","Vlhké ubrousky"
"first-aid-kit","First aid kit","Lékárnička"
"fitness","Fitness","Zdatnost"
"e-learning","E-learning","E-learning"
"virus","Virus","Virus"
"cleaning","Cleaning","Čištění"
"school","School","Škola"
"desk","Desk","Lavice"
"desk_2","Can I use this desk?","Mohu tento stůl použít?"
"desk_3","Which desk is mine?","Který stůl je můj?"
"desk_4","I spilled on my desk.","Rozlil jsem se na stůl."
"desk_5","Don't scratch your desk.","Neškrábejte si stůl."
"chair","Chair","Židle"
"chair_2","Can I sit with you?","Mohu s tebou sedět?"
"chair_3","Which chair is mine?","Která židle je moje?"
"chair_4","Is this chair taken?","Je tato židle zaujata?"
"chair_5","I spilled on my chair.","Rozlil jsem se na židli."
"book","Book","Rezervovat"
"book_2","Textbook","Učebnice"
"book_3","Workbook","pracovní sešit"
"book_4","Reading a book.","Čtení knihy."
"book_5","Can I borrow your book?","Mohu si půjčit vaši knihu?"
"book_6","Which page are we at?","Na které stránce jsme?"
"book_7","Flip the page.","Otočte stránku."
"book_8","I lost my book.","Ztratil jsem svou knihu."
"notebook","Notebook","Zápisník"
"notebook_2","Taking notes.","Psát si poznámky."
"notebook_3","I'm taking notes.","Dělám si poznámky."
"notebook_4","I lost my notebook.","Ztratil jsem notebook."
"backpack","Backpack","Batoh"
"backpack_2","Carrying my backpack.","Nesení batohu."
"backpack_3","Putting my books in my backpack.","Vložení mých knih do batohu."
"backpack_4","I need a new backpack.","Potřebuji nový batoh."
"backpack_5","Thank you for carrying my backpack.","Děkuji za nošení mého batohu."
"backpack_6","I lost my backpack.","Ztratil jsem batoh."
"backpack_7","My backpack is heavy.","Můj batoh je těžký."
"blackboard","Blackboard","Černá tabule"
"blackboard_2","Look at the blackboard.","Podívejte se na tabuli."
"blackboard_3","Cleaning the blackboard.","Čištění tabule."
"blackboard_4","Solving the problem on the blackboard.","Řešení problému na tabuli."
"blackboard_5","Taking note on the blackboard.","Zapisování poznámek na tabuli."
"blackboard_6","Give me a chalk.","Dej mi křídu."
"teacher_7","I don't like this topic.","Toto téma se mi nelíbí."
"teacher_8","Thank you for the lesson.","Děkuji za lekci."
"school-bus","School bus","Školní autobus"
"school-bus_2","School bus is coming.","Přijíždí školní autobus."
"school-bus_3","Can I sit next to you?","Mohu sedět vedle vás?"
"school-bus_4","Thank you bus driver!","Děkuji řidiči autobusu!"
"school-bus_5","School bus was late.","Školní autobus byl pozdě."
"pencil","Pencil","Tužka"
"pencil_2","I'm writing.","Píšu."
"pencil_3","I'm learning to write.","Učím se psát."
"pencil_4","I need a new pencil.","Potřebuji novou tužku."
"pencil_5","Can I borrow your pencil?","Můžu si půjčit tvoji tužku?"
"pencil_6","I lost my pencil.","Ztratil jsem tužku."
"eraser","Eraser","Guma"
"eraser_2","I'm erasing.","Mazám se."
"eraser_3","I need a new eraser.","Potřebuji nový guma."
"eraser_4","Can I borrow your eraser?","Můžu si půjčit gumu?"
"eraser_5","I lost my eraser.","Ztratil jsem gumu."
"ruler","Ruler","Pravítko"
"ruler_2","I'm measuring.","Měřím."
"ruler_3","I need a new ruler.","Potřebuji nového vládce."
"ruler_4","Can I borrow your ruler?","Můžu si půjčit tvého vládce?"
"ruler_5","I lost my ruler.","Ztratil jsem vládce."
"sharpener","Sharpener","Ořezávátko"
"sharpener_2","I'm sharpening my pencil.","Zostřuji tužku."
"sharpener_3","I need a new sharpener.","Potřebuji nové ořezávátko."
"sharpener_4","Can I borrow your sharpener?","Mohu si půjčit vaše ořezávátko?"
"sharpener_5","I lost my sharpener.","Ztratil jsem ořezávátko."
"mathematics","Mathematics","Matematika"
"mathematics_2","I like mathematics.","Mám rád matematiku."
"mathematics_3","I want to study mathematics.","Chci studovat matematiku."
"mathematics_4","I don't like mathematics.","Nemám rád matematiku."
"mathematics_5","When is mathematics class?","Kdy je matematická třída?"
"mathematics_6","Can you help me with my mathematics homework?","Můžete mi pomoci s domácími úkoly z matematiky?"
"literature","Literature","Literatura"
"literature_2","I like literature.","Mám rád literaturu."
"literature_3","I want to study literature.","Chci studovat literaturu."
"literature_4","I don't like literature.","Nemám rád literaturu."
"literature_5","When is literature class?","Kdy je třída literatury?"
"literature_6","Can you help me with my literature homework?","Můžete mi pomoci s domácími úkoly z literatury?"
"science","Science","Věda"
"science_2","I like science.","Mám ráda vědu."
"science_3","I want to study science.","Chci studovat vědu."
"science_4","I don't like science.","Nemám rád vědu."
"science_5","When is science class?","Kdy je třída vědy?"
"science_6","Can you help me with my science homework?","Můžeš mi pomoci s domácími úkoly?"
"art-class","Art class","Umělecká třída"
"art-class_2","I like art class.","Mám rád uměleckou třídu."
"art-class_3","I want to practice art skills.","Chci cvičit umělecké dovednosti."
"art-class_4","I don't like art class.","Nemám ráda uměleckou třídu."
"art-class_5","When is art class?","Kdy je umělecká třída?"
"art-class_6","Can you help me with my art class homework?","Můžete mi pomoci s domácími úkoly v umělecké třídě?"
"music-class","Music class","Hudební třída"
"music-class_2","I like music class.","Mám rád hudební třídu."
"music-class_3","I want to practice music skills.","Chci si procvičit hudební dovednosti."
"music-class_4","I don't like music class.","Nelíbí se mi hudební třídy."
"music-class_5","When is music class?","Kdy je hudební třída?"
"music-class_6","Can you help me with my music class homework?","Můžete mi pomoci s domácími úkoly z hudební třídy?"
"geography","Geography","Zeměpis"
"geography_2","I like geography.","Mám rád geografii."
"geography_3","I want to study geography.","Chci studovat geografii."
"geography_4","I don't like geography.","Nemám rád geografii."
"geography_5","When is geography?","Kdy je geografie?"
"geography_6","Can you help me with my geography homework?","Můžete mi pomoci s domácími úkoly v zeměpisu?"
"telescope","Telescope","Dalekohled"
"telescope_2","I'm using the telescope.","Používám dalekohled."
"telescope_3","I want to use the telescope.","Chci použít dalekohled."
"telescope_4","I want to look at the stars.","Chci se podívat na hvězdy."
"glue","Glue","Lepidlo"
"glue_2","I'm using glue.","Používám lepidlo."
"glue_3","I need a new glue.","Potřebuji nové lepidlo."
"glue_4","Can I borrow your glue?","Mohu si půjčit vaše lepidlo?"
"glue_5","I lost my glue.","Ztratil jsem své lepidlo."
"shapes","Shapes","Tvary"
"circle","Circle","Kruh"
"circle_2","This is circle shaped.","Tohle je kruhový tvar."
"circle_3","Can you teach me how to draw a circle?","Můžete mě naučit, jak nakreslit kruh?"
"triangle","Triangle","Trojúhelník"
"triangle_2","This is triangle shaped.","Tohle je trojúhelník."
"triangle_3","Can you teach me how to draw a triangle?","Můžete mě naučit, jak nakreslit trojúhelník?"
"square","Square","Náměstí"
"square_2","This is square shaped.","Toto je čtvercového tvaru."
"square_3","Can you teach me how to draw a square?","Můžete mě naučit, jak nakreslit čtverec?"
"rectangle","Rectangle","Obdélník"
"rectangle_2","This is rectangle shaped.","Toto je obdélníkového tvaru."
"rectangle_3","Can you teach me how to draw a rectangle?","Můžete mě naučit, jak nakreslit obdélník?"
"star","Star","Hvězda"
"star_2","This is star shaped.","To je ve tvaru hvězdy."
"star_3","Can you teach me how to draw a star?","Můžete mě naučit, jak nakreslit hvězdu?"
"pentagon","Pentagon","Pentagon"
"pentagon_2","This is pentagon shaped.","To má tvar pětiúhelníku."
"pentagon_3","Can you teach me how to draw a pentagon?","Můžete mě naučit, jak nakreslit pětiúhelník?"
"hexagon","Hexagon","Šestiúhelník"
"hexagon_2","This is hexagon shaped.","To má tvar šestiúhelníku."
"hexagon_3","Can you teach me how to draw a hexagon?","Můžete mě naučit, jak nakreslit šestiúhelník?"
"cross","Cross","Přejít"
"cross_2","This is cross shaped.","To má tvar kříže."
"cross_3","Can you teach me how to draw a cross?","Můžete mě naučit, jak nakreslit kříž?"
"ellipse","Ellipse","Elipsa"
"ellipse_2","This is ellipse shaped.","To má tvar elipsy."
"ellipse_3","Can you teach me how to draw a ellipse?","Můžete mě naučit kreslit elipsu?"
"arrow","Arrow","Šipka"
"arrow_2","This is arrow shaped.","Toto je ve tvaru šipky."
"arrow_3","Can you teach me how to draw a arrow?","Můžete mě naučit, jak nakreslit šipku?"
"crescent","Crescent","Půlměsíc"
"crescent_2","This is crescent shaped.","To je ve tvaru půlměsíce."
"crescent_3","Can you teach me how to draw a crescent?","Můžete mě naučit kreslit půlměsíc?"
"heart","Heart","Srdce"
"heart_2","This is heart shaped.","To je ve tvaru srdce."
"heart_3","Can you teach me how to draw a heart?","Můžete mě naučit, jak nakreslit srdce?"
"rhombus","Rhombus","Kosočtverec"
"rhombus_2","This is rhombus shaped.","Tohle je kosočtverec."
"rhombus_3","Can you teach me how to draw a rhombus?","Můžete mě naučit kreslit kosočtverce?"
"ring","Ring","Prsten"
"ring_2","This is ring shaped.","Tohle je prsten."
"ring_3","Can you teach me how to draw a ring?","Můžete mě naučit, jak nakreslit prsten?"
"semicircle","Semicircle","Půlkruh"
"semicircle_2","This is semicircle shaped.","To je ve tvaru půlkruhu."
"semicircle_3","Can you teach me how to draw a semicircle?","Můžete mě naučit, jak nakreslit půlkruh?"
"trapezoid","Trapezoid","Lichoběžník"
"trapezoid_2","This is trapezoid shaped.","Toto je lichoběžníkový tvar."
"trapezoid_3","Can you teach me how to draw a trapezoid?","Můžete mě naučit, jak kreslit lichoběžník?"
"cube","Cube","Krychle"
"cube_2","This is cube shaped.","Tohle je kostka."
"cube_3","Can you teach me how to draw a cube?","Můžete mě naučit, jak nakreslit kostku?"
"cylinder","Cylinder","Válec"
"cylinder_2","This is cylinder shaped.","To má tvar válce."
"cylinder_3","Can you teach me how to draw a cylinder?","Můžete mě naučit, jak nakreslit válec?"