"activities","Activities","Δραστηριότητες"
"walking","Walking","Το περπάτημα"
"walking_2","I like walking","Μου αρέσει να περπατώ"
"walking_3","I don't like walking","Δεν μου αρέσει το περπάτημα"
"walking_4","Do you want to walk together?","Θέλετε να περπατήσετε μαζί;"
"running","Running","Τρέξιμο"
"running_2","I like running.","Μου αρέσει το τρέξιμο."
"running_3","I don't like running.","Δεν μου αρέσει να τρέχω."
"running_4","Do you want to go running?","Θέλεις να τρέξεις;"
"talking","Talking","Ομιλία"
"talking_2","I like talking.","Μου αρέσει να μιλάω."
"talking_3","I don't like talking.","Δεν μου αρέσει να μιλάω."
"talking_4","Do you want to talk with me?","Θες να μιλησουμε?"
"reading","Reading","ΑΝΑΓΝΩΣΗ"
"reading_2","I like reading.","Μου αρεσει να διαβαζω."
"reading_3","I don't like reading.","Δεν μου αρέσει να διαβάζω."
"reading_4","Do you want to read together?","Θέλετε να διαβάσετε μαζί;"
"football","Football","Ποδόσφαιρο"
"football_2","I like playing football.","Μου αρέσει να παίζω ποδόσφαιρο."
"football_3","I don't like playing football.","Δεν μου αρέσει να παίζω ποδόσφαιρο."
"football_4","Do you want to play football?","Θέλετε να παίξετε ποδόσφαιρο;"
"basketball","Basketball","Μπάσκετ"
"basketball_2","I like playing basketball.","Μου αρέσει να παίζω μπάσκετ."
"basketball_3","I don't like playing basketball.","Δεν μου αρέσει να παίζω μπάσκετ."
"basketball_4","Do you want to play basketball?","Θέλετε να παίξετε μπάσκετ;"
"swimming","Swimming","Κολύμπι"
"swimming_2","I like swimming.","Μου αρέσει να κολυμπάω."
"swimming_3","I don't like swimming.","Δεν μου αρέσει το κολύμπι."
"swimming_4","Do you want to go to swimming?","Θέλετε να πάτε για κολύμπι;"
"painting","Painting","Ζωγραφική"
"painting_2","I like painting.","Μου αρέσει η ζωγραφική."
"painting_3","I don't like painting.","Δεν μου αρέσει η ζωγραφική."
"painting_4","Do you want to paint together?","Θέλετε να βάψετε μαζί;"
"drawing","Drawing","Σχέδιο"
"drawing_2","I like drawing.","Μου αρέσει να ζωγραφίζω."
"drawing_3","I don't like drawing.","Δεν μου αρέσει το σχέδιο."
"drawing_4","Do you want to draw together?","Θέλετε να σχεδιάσετε μαζί;"
"cycling","Cycling","Ποδηλασία"
"cycling_2","I like cycling.","Μου αρέσει η ποδηλασία."
"cycling_3","I don't like cycling.","Δεν μου αρέσει το ποδήλατο."
"cycling_4","Do you want to go cycling?","Θέλετε να πάτε ποδηλασία;"
"skating","Skating","Πατινάζ"
"skating_2","I like skating.","Μου αρέσει το πατινάζ."
"skating_3","I don't like skating.","Δεν μου αρέσει το πατινάζ."
"skating_4","Do you want to go skating?","Θέλετε να κάνετε πατινάζ;"
"sightseeing","Sightseeing","Περιοδεία εις αξιοθέατα μέρη"
"sightseeing_2","I like sightseeing.","Μου αρέσει τα αξιοθέατα."
"sightseeing_3","I don't like sightseeing.","Δεν μου αρέσει τα αξιοθέατα."
"sightseeing_4","Do you want to go for sightseeing?","Θέλετε να πάτε για αξιοθέατα;"
"video-games","Video games","Βιντεοπαιχνίδια"
"video-games_2","I like playing video games.","Μου αρέσει να παίζω βιντεοπαιχνίδια."
"video-games_3","I don't like playing video games.","Δεν μου αρέσει να παίζω βιντεοπαιχνίδια."
"video-games_4","Do you want to play games?","Θέλετε να παίξετε παιχνίδια;"
"tidying","Tidying","Τακτοποίηση"
"tidying_2","I like tidying my room.","Μου αρέσει να τακτοποιώ το δωμάτιό μου."
"tidying_3","I don't like tidying my room.","Δεν μου αρέσει να τακτοποιώ το δωμάτιό μου."
"tidying_4","Can you help me tidy my room?","Μπορείτε να με βοηθήσετε να τακτοποιήσετε το δωμάτιό μου;"
"toys","Toys","Παιχνίδια"
"toys_2","I like toys.","Μου αρέσουν τα παιχνίδια."
"toys_3","I don't like toys.","Δεν μου αρέσουν τα παιχνίδια."
"toys_4","Do you want to play with my toys?","Θέλετε να παίξετε με τα παιχνίδια μου;"
"puzzle","Puzzle","Παζλ"
"puzzle_2","I like solving puzzle.","Μου αρέσει η επίλυση παζλ."
"puzzle_3","I don't like solving puzzle.","Δεν μου αρέσει η επίλυση παζλ."
"puzzle_4","Do you want to solve puzzles with me?","Θέλετε να λύσετε παζλ μαζί μου;"
"comics","Comics","Ιστορία σε εικόνες"
"comics_2","I like reading comics.","Μου αρέσει να διαβάζω κόμικς."
"comics_3","I don't like reading comics.","Δεν μου αρέσει να διαβάζω κόμικς."
"comics_4","Do you want to read comics?","Θέλετε να διαβάσετε κόμικς;"
"chess","Chess","Σκάκι"
"chess_2","I like playing chess.","Μου αρέσει να παίζω σκάκι."
"chess_3","I don't like playing chess.","Δεν μου αρέσει να παίζω σκάκι."
"chess_4","Do you want to play chess with me?","Θέλετε να παίξετε σκάκι μαζί μου;"
"using-leeloo","Using Leeloo","Χρησιμοποιώντας το Leeloo"
"using-leeloo_2","I like using leeloo.","Μου αρέσει να χρησιμοποιώ το leeloo."
"using-leeloo_3","I don't like using leeloo.","Δεν μου αρέσει να χρησιμοποιώ το leeloo."
"using-leeloo_4","Can you change card packs on leeloo?","Μπορείτε να αλλάξετε πακέτα καρτών στο leeloo;"
"texting","Texting","Γράφοντας"
"texting_2","I like texting.","Μου αρέσει να στέλνω μηνύματα."
"texting_3","I don't like texting.","Δεν μου αρέσει να στέλνω μηνύματα."
"knitting","Knitting","Πλέξιμο"
"knitting_2","I like knitting.","Μου αρέσει το πλέξιμο."
"knitting_3","I don't like knitting.","Δεν μου αρέσει το πλέξιμο."
"knitting_4","I want to learn how to knit.","Θέλω να μάθω πώς να πλέκω."
"bowling","Bowling","Μπόουλινγκ"
"bowling_2","I like bowling.","Μου αρέσει το μπόουλινγκ."
"bowling_3","I don't like bowling.","Δεν μου αρέσει το μπόουλινγκ."
"bowling_4","Do you want to play bowling with me?","Θέλετε να παίξετε μπόουλινγκ μαζί μου;"
"watching-tv","Watching TV","Βλέπω τηλεόραση"
"watching-tv_2","I like watching tv.","Μου αρέσει να παρακολουθώ τηλεόραση."
"watching-tv_3","I don't like watching tv.","Δεν μου αρέσει να βλέπω τηλεόραση."
"watching-tv_4","Do you want to watch tv?","Θέλετε να παρακολουθήσετε τηλεόραση;"
"fishing","Fishing","Αλιεία"
"fishing_2","I like fishing.","Μου αρέσει το ψάρεμα."
"fishing_3","I don't like fishing.","Δεν μου αρέσει το ψάρεμα."
"fishing_4","Do you want to go to fishing?","Θέλετε να πάτε για ψάρεμα;"
"exercising","Exercising","Άσκηση"
"exercising_2","I like exercising.","Μου αρέσει η άσκηση."
"exercising_3","I don't like exercising.","Δεν μου αρέσει η άσκηση."
"exercising_4","Do you want to exercise with me?","Θέλετε να ασκηθείτε μαζί μου;"
"tennis","Tennis","Τένις"
"tennis_2","I like playing tennis.","Μου αρέσει να παίζω τένις."
"tennis_3","I don't like playing tennis.","Δεν μου αρέσει να παίζω τένις."
"tennis_4","Do you want to play tennis with me?","Θέλετε να παίξετε τένις μαζί μου;"
"animals","Animals","Των ζώων"
"cat","Cat","Γάτα"
"cat_2","I like cats.","Μου αρέσουν οι γάτες."
"cat_3","I saw a cat.","Είδα μια γάτα."
"cat_4","What noise does a cat make?","Τι θόρυβο κάνει μια γάτα;"
"cat_5","Can we get a cat as pet?","Μπορούμε να πάρουμε μια γάτα ως κατοικίδιο;"
"dog","Dog","Σκύλος"
"dog_2","I like dog.","Μου αρέσει ο σκύλος."
"dog_3","I saw a dog.","Είδα ένα σκυλί."
"dog_4","What noise does a dog make?","Τι θόρυβο κάνει ένας σκύλος;"
"dog_5","Can we get a dog as pet?","Μπορούμε να πάρουμε ένα σκυλί ως κατοικίδιο;"
"fish","Fish","Ψάρι"
"fish_2","I like fish.","Μου αρέσει το ψάρι."
"fish_3","I saw a fish.","Είδα ένα ψάρι."
"fish_4","What noise does a fish make?","Τι θόρυβο κάνει ένα ψάρι;"
"fish_5","Can we get a fish as pet?","Μπορούμε να πάρουμε ένα ψάρι ως κατοικίδιο;"
"rabbit","Rabbit","Κουνέλι"
"rabbit_2","I like rabbits.","Μου αρέσουν τα κουνέλια."
"rabbit_3","I saw a rabbit.","Είδα ένα κουνέλι."
"rabbit_4","What noise does a rabbit make?","Τι θόρυβο κάνει ένα κουνέλι;"
"rabbit_5","Can we get a rabbit as pet?","Μπορούμε να πάρουμε ένα κουνέλι ως κατοικίδιο;"
"butterfly","Butterfly","Πεταλούδα"
"butterfly_2","I like butterflies.","Μου αρέσουν οι πεταλούδες."
"butterfly_3","I saw a butterfly.","Είδα μια πεταλούδα."
"butterfly_4","What noise does a butterfly make?","Τι θόρυβο κάνει μια πεταλούδα;"
"kangaroo","Kangaroo","Καγκουρώ"
"kangaroo_2","I like kangaroos.","Μου αρέσουν τα καγκουρό."
"kangaroo_3","I saw a kangaroo.","Είδα ένα καγκουρό."
"kangaroo_4","What noise does a kangaroo make?","Τι θόρυβο κάνει ένα καγκουρό;"
"turtle","Turtle","Χελώνα"
"turtle_2","I like turtles.","Μου αρέσουν οι χελώνες."
"turtle_3","I saw a turtle.","Είδα μια χελώνα."
"turtle_4","What noise does a turtle make?","Τι θόρυβο κάνει μια χελώνα;"
"giraffe","Giraffe","Καμηλοπάρδαλη"
"giraffe_2","I like giraffes.","Μου αρέσουν οι καμηλοπάρδαλες."
"giraffe_3","I saw a giraffe.","Είδα μια καμηλοπάρδαλη."
"giraffe_4","What noise does a giraffe make?","Τι θόρυβο κάνει μια καμηλοπάρδαλη;"
"frog","Frog","Βάτραχος"
"frog_2","I like frogs.","Μου αρέσουν οι βάτραχοι."
"frog_3","I saw a frog.","Είδα έναν βάτραχο."
"frog_4","What noise does a frog make?","Τι θόρυβο κάνει ένας βάτραχος;"
"swan","Swan","κύκνος"
"swan_2","I like swans.","Μου αρέσουν οι κύκνοι."
"swan_3","I saw a swan.","Είδα έναν κύκνο."
"swan_4","What noise does a swan make?","Τι θόρυβο κάνει ένας κύκνος;"
"spider","Spider","Αράχνη"
"spider_2","I like spiders.","Μου αρέσουν οι αράχνες."
"spider_3","I saw a spider.","Είδα μια αράχνη."
"spider_4","What noise does a spider make?","Τι θόρυβο κάνει μια αράχνη;"
"cow","Cow","Αγελάδα"
"cow_2","I like cows.","Μου αρέσουν οι αγελάδες."
"cow_3","I saw a cow.","Είδα μια αγελάδα."
"cow_4","What noise does a cow make?","Τι θόρυβο κάνει μια αγελάδα;"
"duck","Duck","Πάπια"
"duck_2","I like ducks.","Μου αρέσουν οι πάπιες."
"duck_3","I saw a duck.","Είδα μια πάπια."
"duck_4","What noise does a duck make?","Τι θόρυβο κάνει μια πάπια;"
"horse","Horse","Αλογο"
"horse_2","I like horses.","Μου αρέσουν τα άλογα."
"horse_3","I saw a horse.","Είδα ένα άλογο."
"horse_4","What noise does a horse make?","Τι θόρυβο κάνει ένα άλογο;"
"chicken","Chicken","Κοτόπουλο"
"chicken_2","I like chickens.","Μου αρέσουν τα κοτόπουλα."
"chicken_3","I saw a chicken.","Είδα ένα κοτόπουλο."
"chicken_4","What noise does a chicken make?","Τι θόρυβο κάνει ένα κοτόπουλο;"
"bee","Bee","Μέλισσα"
"bee_2","I like bees.","Μου αρέσουν οι μέλισσες."
"bee_3","I saw a bee.","Είδα μια μέλισσα."
"bee_4","What noise does a bee make?","Τι θόρυβο κάνει μια μέλισσα;"
"pig","Pig","Χοίρος"
"pig_2","I like pigs.","Μου αρέσουν οι χοίροι."
"pig_3","I saw a pig.","Είδα ένα γουρούνι."
"pig_4","What noise does a pig make?","Τι θόρυβο κάνει ένας χοίρος;"
"dove","Dove","Περιστέρι"
"dove_2","I like doves.","Μου αρέσουν τα περιστέρια."
"dove_3","I saw a dove.","Είδα ένα περιστέρι."
"dove_4","What noise does a dove make?","Τι θόρυβο κάνει ένα περιστέρι;"
"crab","Crab","Κάβουρας"
"crab_2","I like crabs.","Μου αρέσουν τα καβούρια."
"crab_3","I saw a crab.","Είδα ένα καβούρι."
"crab_4","What noise does a crab make?","Τι θόρυβο κάνει ένα καβούρι;"
"penguin","Penguin","πιγκουίνος"
"penguin_2","I like penguins.","Μου αρέσουν οι πιγκουίνοι."
"penguin_3","I saw a penguin.","Είδα έναν πιγκουίνο."
"penguin_4","What noise does a penguin make?","Τι θόρυβο κάνει ένας πιγκουίνος;"
"elephant","Elephant","Ελέφαντας"
"elephant_2","I like elephants.","Μου αρέσουν οι ελέφαντες."
"elephant_3","I saw an elephant.","Είδα έναν ελέφαντα."
"elephant_4","What noise does an elephant make?","Τι θόρυβο κάνει ένας ελέφαντας;"
"zebra","Zebra","Ζέβρα"
"zebra_2","I like zebras.","Μου αρέσουν τα ζέβρα."
"zebra_3","I saw a zebra.","Είδα μια ζέβρα."
"zebra_4","What noise does a zebra make?","Τι θόρυβο κάνει μια ζέβρα;"
"panda","Panda","Αρκτοειδές ζώο της ασίας"
"panda_2","I like pandas.","Μου αρέσουν τα pandas."
"panda_3","I saw a panda.","Είδα ένα panda."
"panda_4","What noise does a panda make?","Τι θόρυβο κάνει ένα panda;"
"monkey","Monkey","Πίθηκος"
"monkey_2","I like monkeys.","Μου αρέσουν οι πίθηκοι."
"monkey_3","I saw a monkey.","Είδα μια μαϊμού."
"monkey_4","What noise does a monkey make?","Τι θόρυβο κάνει μια μαϊμού;"
"camel","Camel","Καμήλα"
"camel_2","I like camels.","Μου αρέσουν οι καμήλες."
"camel_3","I saw a camel.","Είδα μια καμήλα."
"camel_4","What noise does a camel make?","Τι θόρυβο κάνει μια καμήλα;"
"mouse","Mouse","Ποντίκι"
"mouse_2","I like mice.","Μου αρέσουν τα ποντίκια."
"mouse_3","I saw a mouse.","Είδα ένα ποντίκι."
"mouse_4","What noise does a mouse make?","Τι θόρυβο κάνει ένα ποντίκι;"
"tiger","Tiger","Τίγρη"
"tiger_2","I like tigers.","Μου αρέσουν οι τίγρεις."
"tiger_3","I saw a tiger.","Είδα μια τίγρη."
"tiger_4","What noise does a tiger make?","Τι θόρυβο κάνει μια τίγρη;"
"jellyfish","Jellyfish","Μέδουσα"
"jellyfish_2","I like jellyfishes.","Μου αρέσουν οι μέδουσες."
"jellyfish_3","I saw a jellyfish.","Είδα μια μέδουσα."
"jellyfish_4","What noise does a jellyfish make?","Τι θόρυβο κάνει μια μέδουσα;"
"crocodile","Crocodile","Κροκόδειλος"
"crocodile_2","I like crocodiles.","Μου αρέσουν οι κροκόδειλοι."
"crocodile_3","I saw a crocodile.","Είδα έναν κροκόδειλο."
"crocodile_4","What noise does a crocodile make?","Τι θόρυβο κάνει ένας κροκόδειλος;"
"koala","Koala","Δενδρόβιο ζώο της αυστραλίας"
"koala_2","I like koalas.","Μου αρέσουν τα κοάλα."
"koala_3","I saw a koala.","Είδα ένα κοάλα."
"koala_4","What noise does a koala make?","Τι θόρυβο κάνει ένα κοάλα;"
"ostrich","Ostrich","Στρουθοκάμηλος"
"ostrich_2","I like ostriches.","Μου αρέσουν οι στρουθοκάμηλοι."
"ostrich_3","I saw an ostrich.","Είδα μια στρουθοκάμηλο."
"ostrich_4","What noise does an ostrich make?","Τι θόρυβο κάνει μια στρουθοκάμηλος;"
"racoon","Racoon","Ρακούν"
"racoon_2","I like racoons.","Μου αρέσουν τα ρακούν."
"racoon_3","I saw a racoon.","Είδα ένα ρακούν."
"racoon_4","What noise does a racoon make?","Τι θόρυβο κάνει ένας ρακούν;"
"bat","Bat","Νυχτερίδα"
"bat_2","I like bats.","Μου αρέσουν τα νυχτερίδες."
"bat_3","I saw a bat.","Είδα ένα ρόπαλο."
"bat_4","What noise does a bat make?","Τι θόρυβο κάνει ένα ρόπαλο;"
"eagle","Eagle","Αετός"
"eagle_2","I like eagles.","Μου αρέσουν οι αετοί."
"eagle_3","I saw an eagle.","Είδα έναν αετό."
"eagle_4","What noise does an eagle make?","Τι θόρυβο κάνει ένας αετός;"
"hippopotamus","Hippopotamus","Ιπποπόταμος"
"hippopotamus_2","I like hippopotamus.","Μου αρέσει ο ιπποπόταμος."
"hippopotamus_3","I saw a hippopotamus.","Είδα έναν ιπποπόταμο."
"hippopotamus_4","What noise does a hippopotamus make?","Τι θόρυβο κάνει ένας ιπποπόταμος;"
"seal","Seal","Σφραγίδα"
"seal_2","I like seals.","Μου αρέσουν οι σφραγίδες."
"seal_3","I saw a seal.","Είδα μια σφραγίδα."
"seal_4","What noise does a seal make?","Τι θόρυβο κάνει μια σφραγίδα;"
"walrus","Walrus","Θαλάσσιος ίππος"
"walrus_2","I like walruses.","Μου αρέσουν οι ίπποι."
"walrus_3","I saw a walrus.","Είδα ένα θαλάσσιο ίππο."
"walrus_4","What noise does a walrus make?","Τι θόρυβο κάνει ένα θαλάσσιο ίππο;"
"seahorse","Seahorse","Ιππόκαμπος"
"seahorse_2","I like seahorses.","Μου αρέσουν οι ιππόκαμποι."
"seahorse_3","I saw a seahorse.","Είδα έναν ιππόκαμπο."
"seahorse_4","What noise does a seahorse make?","Τι θόρυβο κάνει ένας ιππόκαμπος;"
"bull","Bull","Ταύρος"
"bull_2","I like bulls.","Μου αρέσουν οι ταύροι."
"bull_3","I saw a bull.","Είδα ένα ταύρο."
"bull_4","What noise does a bull make?","Τι θόρυβο κάνει ένας ταύρος;"
"pelican","Pelican","Πελεκάνος"
"pelican_2","I like pelicans.","Μου αρέσουν οι πελεκάνοι."
"pelican_3","I saw a pelican.","Είδα έναν πελεκάνο."
"pelican_4","What noise does a pelican make?","Τι θόρυβο κάνει ένας πελεκάνος;"
"beaver","Beaver","κάστορας"
"beaver_2","I like beavers.","Μου αρέσουν οι κάστορες."
"beaver_3","I saw a beaver.","Είδα ένα κάστορα."
"beaver_4","What noise does a beaver make?","Τι θόρυβο κάνει ένας κάστορας;"
"goldfish","Goldfish","Χρυσόψαρο"
"goldfish_2","I like goldfishes.","Μου αρέσουν τα χρυσόψαρα."
"goldfish_3","I saw a goldfish.","Είδα ένα χρυσόψαρο."
"goldfish_4","What noise does a goldfish make?","Τι θόρυβο κάνει ένα χρυσόψαρο;"
"goldfish_5","Can we get a goldfish as pet?","Μπορούμε να πάρουμε ένα χρυσόψαρο ως κατοικίδιο;"
"rhinoceros","Rhinoceros","Ρινόκερως"
"rhinoceros_2","I like rhinoceros.","Μου αρέσει ο ρινόκερος."
"rhinoceros_3","I saw a rhinoceros.","Είδα έναν ρινόκερο."
"rhinoceros_4","What noise does a rhinoceros make?","Τι θόρυβο κάνει ένας ρινόκερος;"
"snake","Snake","Φίδι"
"snake_2","I like snakes.","Μου αρέσουν τα φίδια."
"snake_3","I saw a snake.","Είδα ένα φίδι."
"snake_4","What noise does a snake make?","Τι θόρυβο κάνει ένα φίδι;"
"lion","Lion","λιοντάρι"
"lion_2","I like lions.","Μου αρέσουν τα λιοντάρια."
"lion_3","I saw a lion.","Είδα ένα λιοντάρι."
"lion_4","What noise does a lion make?","Τι θόρυβο κάνει ένα λιοντάρι;"
"squid","Squid","Καλαμάρι"
"squid_2","I like squids.","Μου αρέσουν τα καλαμάρια."
"squid_3","I saw a squid.","Είδα ένα καλαμάρι."
"squid_4","What noise does a squid make?","Τι θόρυβο κάνει ένα καλαμάρι;"
"whale","Whale","Φάλαινα"
"whale_2","I like whales.","Μου αρέσουν οι φάλαινες."
"whale_3","I saw a whale.","Είδα μια φάλαινα."
"whale_4","What noise does a whale make?","Τι θόρυβο κάνει μια φάλαινα;"
"beetle","Beetle","Σκαθάρι"
"beetle_2","I like beetles.","Μου αρέσουν τα σκαθάρια."
"beetle_3","I saw a beetle.","Είδα ένα σκαθάρι."
"beetle_4","What noise does a beetle make?","Τι θόρυβο κάνει ένας σκαθάρι;"
"dolphin","Dolphin","Δελφίνι"
"dolphin_2","I like dolphins.","Μου αρέσουν τα δελφίνια."
"dolphin_3","I saw a dolphin.","Είδα ένα δελφίνι."
"dolphin_4","What noise does a dolphin make?","Τι θόρυβο κάνει ένα δελφίνι;"
"starfish","Starfish","Αστερίας"
"starfish_2","I like starfishes.","Μου αρέσουν οι αστερίες."
"starfish_3","I saw a starfish.","Είδα έναν αστερία."
"starfish_4","What noise does a starfish make?","Τι θόρυβο κάνει ένας αστερίας;"
"parakeet","Parakeet","Είδος παπαγάλου"
"parakeet_2","I like parakeets.","Μου αρέσουν τα parakeets."
"parakeet_3","I saw a parakeet.","Είδα ένα parakeet."
"parakeet_4","What noise does a parakeet make?","Τι θόρυβο κάνει ένα parakeet;"
"owl","Owl","Κουκουβάγια"
"owl_2","I like owls.","Μου αρέσουν οι κουκουβάγιες."
"owl_3","I saw an owl.","Είδα μια κουκουβάγια."
"owl_4","What noise does an owl make?","Τι θόρυβο κάνει μια κουκουβάγια;"
"sheep","Sheep","Πρόβατο"
"sheep_2","I like sheeps.","Μου αρέσουν τα πρόβατα."
"sheep_3","I saw a sheep.","Είδα ένα πρόβατο."
"sheep_4","What noise does a sheep make?","Τι θόρυβο κάνει ένα πρόβατο;"
"clothes","Clothes","Ρούχα"
"pants","Pants","Παντελόνι"
"pants_2","My pants are dirty.","Το παντελόνι μου είναι βρώμικο."
"pants_3","Can you help me wear my pants?","Μπορείς να με βοηθήσεις να φορέσω το παντελόνι μου;"
"shirt","Shirt","Πουκάμισο"
"shirt_2","My shirt is dirty.","Το πουκάμισό μου είναι βρώμικο."
"shirt_3","Can you help me wear my shirt?","Μπορείς να με βοηθήσεις να φορέσω το πουκάμισό μου;"
"skirt","Skirt","Φούστα"
"skirt_2","My skirt is dirty.","Η φούστα μου είναι βρώμικη."
"skirt_3","Can you help me wear my skirt?","Μπορείτε να με βοηθήσετε να φορέσω τη φούστα μου;"
"panty","Panty","Κιλότα"
"panty_2","My underwear is dirty.","Τα εσώρουχα μου είναι βρώμικα."
"panty_3","Can you help me wear my panty?","Μπορείτε να με βοηθήσετε να φορέσω το εσώρουχό μου;"
"jacket","Jacket","Σακάκι"
"jacket_2","My jacket is dirty.","Το σακάκι μου είναι βρώμικο."
"jacket_3","Can you help me wear my jacket?","Μπορείς να με βοηθήσεις να φορέσω το σακάκι μου;"
"tie","Tie","Γραβάτα"
"tie_2","I like wearing tie.","Μου αρέσει να φοράω γραβάτα."
"tie_3","Can you help me tie my tie?","Μπορείς να με βοηθήσεις να δέσω τη γραβάτα μου;"
"baseball-cap","Baseball cap","Καπέλο μπέιζμπολ"
"baseball-cap_2","I like wearing baseball cap.","Μου αρέσει να φοράω καπέλο του μπέιζμπολ."
"baseball-cap_3","Which baseball cap should I wear?","Ποιο καπέλο του μπέιζμπολ πρέπει να φοράω;"
"dress","Dress","Φόρεμα"
"dress_2","My dress is dirty.","Το φόρεμά μου είναι βρώμικο."
"dress_3","Can you help me wear my dress?","Μπορείς να με βοηθήσεις να φορέσω το φόρεμά μου;"
"shoes","Shoes","Παπούτσια"
"shoes_2","My shoes are dirty.","Τα παπούτσια μου είναι βρώμικα."
"shoes_3","Can you help me wear my shoes?","Μπορείς να με βοηθήσεις να φορέσω τα παπούτσια μου;"
"boots","Boots","Μπότες"
"boots_2","My boots are dirty.","Οι μπότες μου είναι βρώμικες."
"boots_3","Can you help me wear my boots?","Μπορείτε να με βοηθήσετε να φορέσω τις μπότες μου;"
"sneakers","Sneakers","Αθλητικά"
"sneakers_2","I want to wear my sneakers.","Θέλω να φορέσω τα πάνινα παπούτσια μου."
"sneakers_3","Can you help me wear my sneakers?","Μπορείς να με βοηθήσεις να φορέσω τα πάνινα παπούτσια μου;"
"slippers","Slippers","Παντούφλες"
"slippers_2","I want to wear my slippers.","Θέλω να φορέσω τις παντόφλες μου."
"slippers_3","Can you help me wear my slippers?","Μπορείτε να με βοηθήσετε να φορέσω τις παντόφλες μου;"
"belt","Belt","Ζώνη"
"belt_2","I like wearing belt.","Μου αρέσει να φοράω ζώνη."
"belt_3","Can you help me wear my belt?","Μπορείτε να με βοηθήσετε να φορέσω τη ζώνη μου;"
"socks","Socks","Κάλτσες"
"socks_2","My socks are dirty.","Οι κάλτσες μου είναι βρώμικες."
"socks_3","Can you help me wear my socks?","Μπορείτε να με βοηθήσετε να φορέσω τις κάλτσες μου;"
"swimsuit","Swimsuit","Μαγιό"
"swimsuit_2","I want to wear my swimsuit.","Θέλω να φορέσω το μαγιό μου."
"swimsuit_3","Can you help me wear my swimsuit?","Μπορείτε να με βοηθήσετε να φορέσω το μαγιό μου;"
"sweater","Sweater","Πουλόβερ"
"sweater_2","My sweater is dirty.","Το πουλόβερ μου είναι βρώμικο."
"sweater_3","Can you help me wear my sweater?","Μπορείτε να με βοηθήσετε να φορέσω το πουλόβερ μου;"
"scarf","Scarf","Κασκόλ"
"scarf_2","I like wearing scarf.","Μου αρέσει να φοράω κασκόλ."
"scarf_3","Can you help me wear my scarf?","Μπορείς να με βοηθήσεις να φορέσω το μαντήλι μου;"
"denim-shorts","Denim shorts","Τζιν σορτς"
"denim-shorts_2","My denim shorts are dirty.","Τα τζιν σορτς μου είναι βρώμικα."
"denim-shorts_3","Can you help me wear my denim shorts?","Μπορείτε να με βοηθήσετε να φορέσω τα τζιν σορτς μου;"
"hoodies","Hoodies","Φούτερ"
"hoodies_2","I like wearing hoodies.","Μου αρέσει να φοράω φούτερ."
"hoodies_3","Can you help me wear my hoodie?","Μπορείτε να με βοηθήσετε να φορέσω το hoodie μου;"
"swimming-shorts","Swimming shorts","Σορτς κολύμβησης"
"swimming-shorts_2","My swimming shorts are dirty.","Τα σορτς κολύμβησης μου είναι βρώμικα."
"swimming-shorts_3","Can you help me wear my swimming shorts?","Μπορείτε να με βοηθήσετε να φορέσω τα σορτς κολύμβησης;"
"bow-tie","Bow tie","Παπιγιό"
"bow-tie_2","I like wearing bow tie.","Μου αρέσει να φοράω παπιγιόν."
"bow-tie_3","Can you help me wear my bow tie?","Μπορείς να με βοηθήσεις να φορέσω το παπιγιόν μου;"
"leather-jacket","Leather jacket","Δερμάτινο μπουφάν"
"leather-jacket_2","I like wearing leather jacket.","Μου αρέσει να φοράω δερμάτινο μπουφάν."
"leather-jacket_3","Can you help me wear my leather jacket?","Μπορείτε να με βοηθήσετε να φορέσω το δερμάτινο μπουφάν μου;"
"bathrobe","Bathrobe","Μπουρνούζι"
"bathrobe_2","I like wearing bathrobe.","Μου αρέσει να φοράω μπουρνούζι."
"bathrobe_3","Can you help me wear my bathrobe?","Μπορείτε να με βοηθήσετε να φορέσω το μπουρνούζι μου;"
"jumpsuit","Jumpsuit","Φόρμες"
"jumpsuit_2","I like wearing jumpsuit.","Μου αρέσει να φοράω φόρμα."
"jumpsuit_3","Can you help me wear my jumpsuit?","Μπορείτε να με βοηθήσετε να φορέσω τη φόρμα μου"
"fedora-hat","Fedora hat","Καπέλο Fedora"
"fedora-hat_2","I like wearing fedora hat.","Μου αρέσει να φοράω καπέλο fedora."
"fedora-hat_3","Can you help me wear my fedora hat?","Μπορείς να με βοηθήσεις να φορέσω το καπέλο μου;"
"t-shirt","T-shirt","Κοντομάνικη μπλούζα"
"t-shirt_2","I like wearing t-shirt.","Μου αρέσει να φοράω μπλουζάκι."
"t-shirt_3","Can you help me wear my t-shirt?","Μπορείτε να με βοηθήσετε να φορέσω το μπλουζάκι μου;"
"sleeveless","Sleeveless","Αμάνικο"
"sleeveless_2","I like wearing sleeveless.","Μου αρέσει να φοράω αμάνικο."
"sleeveless_3","Can you help me wear my sleeveless?","Μπορείς να με βοηθήσεις να φορέσω το αμάνικο μου;"
"boxers","Boxers","Μπόξερ"
"boxers_2","I like wearing boxers.","Μου αρέσει να φοράω μπόξερ."
"boxers_3","Can you help me wear my boxers?","Μπορείτε να με βοηθήσετε να φορέσω τους μπόξερ μου;"
"vest","Vest","Γιλέκο"
"vest_2","I like wearing vest.","Μου αρέσει να φοράω γιλέκο."
"vest_3","Can you help me wear my vest?","Μπορείτε να με βοηθήσετε να φορέσω το γιλέκο μου;"
"pamela-hat","Pamela hat","Καπέλο Pamela"
"pamela-hat_2","I like wearing pamela hat.","Μου αρέσει να φοράω καπέλο pamela."
"pamela-hat_3","Can you help me wear my pamela hat?","Μπορείς να με βοηθήσεις να φορέσω το καπέλο μου;"
"high-heels","High heels","Ψηλοτάκουνα"
"high-heels_2","I like wearing high heels.","Μου αρέσει να φοράω ψηλά τακούνια."
"high-heels_3","Can you help me wear my high heels?","Μπορείτε να με βοηθήσετε να φορέσω τα ψηλά τακούνια μου;"
"overalls","Overalls","Φόρμα"
"overalls_2","I like wearing overalls.","Μου αρέσει να φοράω φόρμες."
"overalls_3","Can you help me wear my overalls?","Μπορείτε να με βοηθήσετε να φορέσω τις φόρμες μου;"
"kimono","Kimono","Κιμονό"
"kimono_2","I like wearing kimono.","Μου αρέσει να φοράω κιμονό."
"kimono_3","Can you help me wear my kimono?","Μπορείτε να με βοηθήσετε να φορέσω το κιμονό μου;"
"raincoat","Raincoat","Αδιάβροχο"
"raincoat_2","I like wearing raincoat.","Μου αρέσει να φοράω αδιάβροχο."
"raincoat_3","Can you help me wear my raincoat?","Μπορείς να με βοηθήσεις να φορέσω το αδιάβροχο μου;"
"bandana","Bandana","Φουλάρι"
"bandana_2","I like wearing bandana.","Μου αρέσει να φοράω μπαντάνα."
"bandana_3","Can you help me wear my bandana?","Μπορείς να με βοηθήσεις να φορέσω το μαντήλι μου;"
"beret","Beret","Μπερές"
"beret_2","I like wearing beret.","Μου αρέσει να φοράω μπερέ."
"beret_3","Can you help me wear my beret?","Μπορείς να με βοηθήσεις να φορέσω το μπερέ μου;"
"knit-hat","Knit hat","Πλεκτό καπέλο"
"knit-hat_2","I like wearing knit hat.","Μου αρέσει να φοράω πλεκτό καπέλο."
"knit-hat_3","Can you help me wear my knit hat?","Μπορείτε να με βοηθήσετε να φορέσω το πλεκτό καπέλο μου;"
"suspenders","Suspenders","Τιράντες"
"suspenders_2","I like wearing suspenders.","Μου αρέσει να φοράω τιράντες."
"suspenders_3","Can you help me wear my suspenders?","Μπορείτε να με βοηθήσετε να φορέσω τις ζαρτιέρες μου;"
"mitten","Mitten","Γάντι πυγμαχίας"
"mitten_2","I like wearing mitten.","Μου αρέσει να φοράω γάντι."
"mitten_3","Can you help me wear my mitten?","Μπορείτε να με βοηθήσετε να φορέσω το γάντι μου;"
"suit","Suit","Κοστούμι"
"suit_2","I like wearing suit.","Μου αρέσει να φοράω κοστούμι."
"suit_3","Can you help me wear my suit?","Μπορείς να με βοηθήσεις να φορέσω το κοστούμι μου;"
"coat","Coat","Παλτό"
"coat_2","I like wearing coat.","Μου αρέσει να φοράω παλτό."
"coat_3","Can you help me wear my coat?","Μπορείς να με βοηθήσεις να φορέσω το παλτό μου;"
"trench-coat","Trench coat","Καμπαρντίνα"
"trench-coat_2","I like wearing trench coat.","Μου αρέσει να φοράω καμπαρντίνα."
"trench-coat_3","Can you help me wear my trench coat?","Μπορείτε να με βοηθήσετε να φορέσω το παλτό μου;"
"colors","Colors","Χρωματιστά"
"crayons","Crayons","Κραγιόνια"
"crayons_2","I like crayons.","Μου αρέσουν τα κραγιόνια."
"crayons_3","Can you give me crayons?","Μπορείς να μου δώσεις κραγιόνια;"
"crayons_4","I want to draw using my crayons.","Θέλω να σχεδιάσω χρησιμοποιώντας τα κραγιόνια μου."
"red","Red","το κόκκινο"
"red_2","It is red.","Είναι κόκκινο."
"red_3","My favorite color is red.","Το αγαπημένο μου χρώμα είναι το κόκκινο."
"red_4","Can you give me red paint?","Μπορείς να μου δώσεις κόκκινο χρώμα;"
"blue","Blue","Μπλε"
"blue_2","It is blue.","Είναι μπλε."
"blue_3","My favorite color is blue.","Το αγαπημένο μου χρώμα είναι το μπλέ."
"blue_4","Can you give me blue paint?","Μπορείς να μου δώσεις μπλε χρώμα;"
"orange","Orange","Πορτοκάλι"
"orange_2","It is orange color.","Είναι πορτοκαλί χρώμα."
"orange_3","My favorite color is orange.","Το αγαπημένο μου χρώμα είναι πορτοκαλί."
"orange_4","Can you give me orange paint?","Μπορείτε να μου δώσετε πορτοκαλί χρώμα;"
"green","Green","Πράσινος"
"green_2","It is green.","Είναι πράσινο."
"green_3","My favorite color is green.","Το αγαπημενο μου χρωμα ειναι το πρασινο."
"green_4","Can you give me green paint?","Μπορείτε να μου δώσετε πράσινο χρώμα;"
"yellow","Yellow","Κίτρινος"
"yellow_2","It is yellow.","Είναι κίτρινο."
"yellow_3","My favorite color is yellow.","Το αγαπημένο μου χρώμα είναι κίτρινο."
"yellow_4","Can you give me yellow paint?","Μπορείς να μου δώσεις κίτρινο χρώμα;"
"purple","Purple","Μωβ"
"purple_2","It is purple.","Είναι μωβ."
"purple_3","My favorite color is purple.","Το αγαπημένο μου χρώμα είναι το μωβ."
"purple_4","Can you give me purple paint?","Μπορείς να μου δώσεις μοβ χρώμα;"
"pink","Pink","Ροζ"
"pink_2","It is pink.","Είναι ροζ."
"pink_3","My favorite color is pink.","Το αγαπημένο μου χρώμα είναι το ροζ."
"pink_4","Can you give me pink paint?","Μπορείς να μου δώσεις ροζ χρώμα;"
"brown","Brown","καφέ"
"brown_2","It is brown.","Αυτό είναι καφέ."
"brown_3","My favorite color is brown.","Το αγαπημένο μου χρώμα είναι καφέ."
"brown_4","Can you give me brown paint?","Μπορείς να μου δώσεις καφέ χρώμα;"
"black","Black","Μαύρος"
"black_2","It is black.","Είναι μαύρο."
"black_3","My favorite color is black.","Το αγαπημένο μου χρώμα είναι μαύρο."
"black_4","Can you give me black paint?","Μπορείς να μου δώσεις μαύρο χρώμα;"
"white","White","λευκό"
"white_2","It is white.","Είναι λευκό."
"white_3","My favorite color is white.","Το αγαπημένο μου χρώμα είναι λευκό."
"white_4","Can you give me white paint?","Μπορείτε να μου δώσετε λευκό χρώμα;"
"gray","Gray","Γκρί"
"gray_2","It is gray.","Είναι γκρι."
"gray_3","My favorite color is gray.","Το αγαπημένο μου χρώμα είναι γκρι."
"gray_4","Can you give me gray paint?","Μπορείτε να μου δώσετε γκρι χρώμα;"
"transparent","Transparent","Διαφανής"
"transparent_2","It is transparent.","Είναι διαφανές."
"transparent_3","I can see behind transparent color.","Μπορώ να δω πίσω από διαφανές χρώμα."
"transparent_4","Can you help me erase?","Μπορείτε να με βοηθήσετε να σβήσω;"
"cyan","Cyan","Κυανό"
"cyan_2","It is cyan.","Είναι κυανό."
"cyan_3","My favorite color is cyan.","Το αγαπημένο μου χρώμα είναι κυανό."
"cyan_4","Can you give me cyan paint?","Μπορείς να μου δώσεις κυανό χρώμα;"
"violet","Violet","Βιολέτα"
"violet_2","It is violet.","Είναι βιολετί."
"violet_3","My favorite color is violet.","Το αγαπημένο μου χρώμα είναι βιολετί."
"violet_4","Can you give me violet paint?","Μπορείς να μου δώσεις βιολετί χρώμα;"
"turquoise","Turquoise","Τουρκουάζ"
"turquoise_2","It is turquoise.","Είναι τυρκουάζ."
"turquoise_3","My favorite color is turquoise.","Το αγαπημένο μου χρώμα είναι τυρκουάζ."
"turquoise_4","Can you give me turquoise paint?","Μπορείτε να μου δώσετε τιρκουάζ χρώμα;"
"lime","Lime","Ασβεστος"
"lime_2","It is lime.","Είναι ασβέστης."
"lime_3","My favorite color is lime.","Το αγαπημένο μου χρώμα είναι ο ασβέστης."
"lime_4","Can you give me lime paint?","Μπορείς να μου δώσεις ασβέστη;"
"plum","Plum","Δαμάσκηνο"
"plum_2","It is plum.","Είναι δαμάσκηνο."
"plum_3","My favorite color is plum.","Το αγαπημένο μου χρώμα είναι το δαμάσκηνο."
"plum_4","Can you give me plum paint?","Μπορείς να μου δώσεις δαμάσκηνο;"
"tan","Tan","Ηλιοκαίω"
"tan_2","It is tan color.","Είναι μαύρισμα."
"tan_3","My favorite color is tan color.","Το αγαπημένο μου χρώμα είναι το μαύρο χρώμα."
"tan_4","Can you give me tan color paint?","Μπορείτε να μου δώσετε μαύρισμα χρώματος;"
"avocado","Avocado","Αβοκάντο"
"avocado_2","It is avocado color.","Είναι χρώμα αβοκάντο."
"avocado_3","My favorite color is avocado color.","Το αγαπημένο μου χρώμα είναι το χρώμα του αβοκάντο."
"avocado_4","Can you give me avocado color paint?","Μπορείς να μου δώσεις χρώμα αβοκάντο;"
"barbie-pink","Barbie pink","Μπάρμπι ροζ"
"barbie-pink_2","It is barbie pink color.","Έχει ροζ χρώμα barbie."
"barbie-pink_3","My favorite color is barbie pink.","Το αγαπημένο μου χρώμα είναι το ροζ barbie."
"barbie-pink_4","Can you give me barbie pink paint?","Μπορείτε να μου δώσετε ροζ χρώμα barbie;"
"blizzard-blue","Blizzard blue","Μπλε χιονοθύελλα"
"blizzard-blue_2","It is blizzard blue color.","Είναι μπλε χιονοθύελλα."
"blizzard-blue_3","My favorite color is blizzard blue color.","Το αγαπημένο μου χρώμα είναι το μπλε χρώμα της χιονοθύελλας."
"blizzard-blue_4","Can you give me blizzard blue paint?","Μπορείτε να μου δώσετε μπλε χρώμα χιονοθύελλας;"
"conversation","Conversation","Συνομιλία"
"me","Me","Μου"
"me_2","My name is {name}","Το όνομά μου είναι {name}"
"me_3","I'm {name}","Είμαι {όνομα}"
"me_4","Do you know my name?","Ξέρεις το όνομά μου?"
"me_5","What is your name?","Πως σε λένε?"
"me_6","Nice to meet you!","Χαίρομαι που σε γνωρίζω!"
"me_7","Do you like me?","Σου αρέσω?"
"me_8","Can we be friends?","Μπορουμε να ειμαστε φιλοι?"
"me_9","I'm using assistive communication app.","Χρησιμοποιώ εφαρμογή βοηθητικής επικοινωνίας."
"me_10","Who are you?","Ποιος είσαι?"
"hello","Hello","Χαίρετε"
"hello_2","Hello.","Χαίρετε."
"hello_3","Hi.","Γεια."
"hello_4","Greetings.","Χαιρετίσματα."
"hello_5","How are you?","Πώς είσαι;"
"hello_6","Nice to meet you!","Χαίρομαι που σε γνωρίζω!"
"help","Help","Βοήθεια"
"help_2","Help me.","Βοήθησέ με."
"help_3","Can you help me?","Μπορείς να με βοηθήσεις?"
"help_4","I need help","χρειάζομαι βοήθεια"
"help_5","Do you need help?","Χρειάζεσαι βοήθεια?"
"yes","Yes","Ναί"
"yes_2","Yes.","Ναί."
"yes_3","Yes please.","Ναι παρακαλώ."
"yes_4","Alright.","Καλώς."
"yes_5","Agreed.","Σύμφωνος."
"yes_6","I want to.","Θέλω να."
"yes_7","I would like to.","Θα ήθελα να."
"no","No","Οχι"
"no_2","No.","Οχι."
"no_3","Nope.","Οχι."
"no_4","Never.","Ποτέ."
"no_5","I don't want to.","Δεν θέλω."
"no_6","I don't like it.","Δεν μου αρέσει."
"no_7","You don't like it?","Δεν σου αρέσει;"
"no_8","Why you don't like it?","Γιατί δεν σου αρέσει;"
"toilet","Toilet","Τουαλέτα"
"toilet_2","I need to go to the toilet.","Πρέπει να πάω στην τουαλέτα."
"toilet_3","I need to pee.","Πρέπει να ουρήσω."
"toilet_4","I need to poop.","Θελω να χεσω."
"toilet_5","Can you help me go to the toilet?","Μπορείτε να με βοηθήσετε να πάω στην τουαλέτα;"
"toilet_6","Can you help me clean?","Μπορείς να με βοηθήσεις να καθαρίσω;"
"toilet_7","I peed myself.","Έκανα τον εαυτό μου."
"toilet_8","I pooped myself.","Εκάθηκα."
"what","What","Τι"
"what_2","What is that?","Τι ΕΙΝΑΙ ΑΥΤΟ?"
"what_3","What does it mean?","Τι σημαίνει?"
"what_4","What do you mean?","Τι εννοείς?"
"what_5","Can you explain it?","Μπορείτε να το εξηγήσετε;"
"what_6","Can you repeat what you said?","Μπορείτε να επαναλάβετε αυτό που είπατε;"
"what_7","I don't understand.","Δεν καταλαβαίνω"
"sleep","Sleep","Υπνος"
"sleep_2","I want to sleep.","Θέλω να κοιμηθώ."
"sleep_3","I don't want to sleep.","Δεν θέλω να κοιμηθώ."
"sleep_4","I'm tired.","Είμαι κουρασμένος."
"sleep_5","Are you tired?","Είσαι κουρασμένος?"
"sleep_6","When am I going to sleep?","Πότε θα κοιμηθώ;"
"sleep_7","I want to take a nap.","Θέλω να κοιμηθώ."
"bath","Bath","Λούτρο"
"bath_2","I want to take a bath.","Θελω να κανω μπανιο."
"bath_3","I like taking a bath.","Μου αρέσει να κάνω μπάνιο."
"bath_4","I want to wash my hands.","Θέλω να πλένω τα χέρια μου."
"bath_5","I want to take a shower.","Θέλω να κάνω ντους."
"bath_6","I want to clean myself.","Θέλω να καθαρίσω τον εαυτό μου."
"bath_7","Can you help me take a bath?","Μπορείς να με βοηθήσεις να κάνω μπάνιο;"
"bath_8","I don't want to take a bath.","Δεν θέλω να κάνω μπάνιο."
"listen","Listen","Ακούω"
"listen_2","Listen to me.","Ακουσε με."
"listen_3","Can you listen to me?","Μπορείς να με ακούσεις;"
"listen_4","Listen to music.","Ακούω μουσική."
"listen_5","Listening to my parents.","Ακούγοντας τους γονείς μου."
"listen_6","Listen to what my application is saying!","Ακούστε τι λέει η εφαρμογή μου!"
"morning","Morning","Πρωί"
"morning_2","Good morning.","Καλημέρα."
"morning_3","I like mornings.","Μου αρέσουν τα πρωινά."
"morning_4","In the morning.","Το πρωί."
"morning_5","Morning time.","Πρωινή ώρα."
"morning_6","Is it morning?","Είναι πρωί;"
"night","Night","Νύχτα"
"night_2","Good night!","Καληνυχτα!"
"night_3","I like nights.","Μου αρέσουν οι νύχτες."
"night_4","At night.","Τη νύχτα."
"night_5","Night time.","Νυχτερινή ώρα."
"night_6","Is it night?","Είναι νύχτα;"
"look","Look","Κοίτα"
"look_2","Look at me.","Κοίταξέ με."
"look_3","Look at this.","Κοίτα αυτό."
"look_4","Are you looking?","Κοιτάς?"
"look_5","Look at my drawing.","Κοίτα το σχέδιό μου."
"look_6","How do I look?","Πώς φαίνομαι?"
"look_7","Look what I did.","Κοίτα τι έκανα."
"look_8","Let's look at that.","Ας το δούμε."
"speak","Speak","Μιλώ"
"speak_2","I'm learning how to speak.","Μαθαίνω να μιλάω."
"speak_3","I want to speak.","Θέλω να μιλήσω."
"speak_4","Can I speak with you?","Μπορώ να σου μιλήσω?"
"speak_5","I like speaking.","Μου αρέσει να μιλάω."
"speak_6","I'm using assistive communication app.","Χρησιμοποιώ εφαρμογή βοηθητικής επικοινωνίας."
"play","Play","Παίζω"
"play_2","I love playing.","Μου αρέσει να παίζω."
"play_3","Can you play with me?","Μπορείς να παίξεις μαζί μου;"
"play_4","I want to play with you!","Θέλω να παίξω μαζί σου!"
"play_5","I want to play with my friends.","Θέλω να παίξω με τους φίλους μου."
"play_6","I don't want to play with you.","Δεν θέλω να παίξω μαζί σου."
"outside","Outside","Εξω απο"
"outside_2","I love going outside.","Μου αρέσει να πηγαίνω έξω."
"outside_3","I want to go outside.","Θέλω να πάω έξω."
"outside_4","Is it cold outside?","Είναι κρύο έξω;"
"outside_5","I don't like outside.","Δεν μου αρέσει το εξωτερικό."
"outside_6","Can I go outside?","Μπορώ να πάω έξω;"
"home","Home","Σπίτι"
"home_2","I love my home.","Λατρεύω το σπίτι μου."
"home_3","I want to go home.","Θέλω να πάω σπίτι."
"home_4","Where is your home?","Που είναι το σπίτι σου?"
"home_5","Home sweet home.","Σπίτι μου σπιτάκι μου."
"home_6","I'm in the house.","Είμαι στο σπίτι."
"home_7","I'm not in the house.","Δεν είμαι στο σπίτι."
"hurt","Hurt","Πλήγμα"
"hurt_2","I'm hurt.","Χτύπησα."
"hurt_3","Are you hurt?","Είσαι πληγωμένος?"
"hurt_4","Did I hurt you?","Σε πονεσα?"
"hurt_5","I didn't mean to hurt you!","Δεν ήθελα να σε πληγωθώ!"
"hurt_6","Is it going to hurt?","Θα πονάει;"
"hurt_7","I have a headache.","Εχω πονοκέφαλο."
"hurt_8","I have a stomach ache.","Εχω ένα στομαχόπονο."
"hurt_9","My genitals hurt.","Τα γεννητικά μου όργανα πονάνε."
"hurt_10","My foot hurts.","Το πόδι μου πονάει."
"feelings","Feelings","Συναισθήματα"
"happy","Happy","Χαρούμενος"
"happy_2","I'm happy.","Είμαι χαρούμενος."
"happy_3","I feel happy.","Αισθάνομαι ευτυχής."
"happy_4","Do you feel happy?","Νιώθεις χαρούμενος;"
"happy_5","I want to feel happy.","Θέλω να νιώθω χαρούμενος."
"happy_6","You are making me happy.","Με κάνεις χαρούμενο."
"sad","Sad","Λυπημένος"
"sad_2","I'm sad.","Είμαι λυπημένος."
"sad_3","I feel sad.","Αισθάνομαι λυπημένος."
"sad_4","Do you feel sad?","Νιώθεις λυπημένος;"
"sad_5","I don't want to feel sad.","Δεν θέλω να νιώθω λυπημένος."
"sad_6","You are making me sad.","Με κάνεις λυπημένο."
"exhausted","Exhausted","Εξαντλημένος"
"exhausted_2","I'm exhausted.","Είμαι εξαντλημένος."
"exhausted_3","I feel exhausted.","Νιώθω εξαντλημένος."
"exhausted_4","Do you feel exhausted?","Νιώθεις εξαντλημένος;"
"exhausted_5","I don't want to be exhausted.","Δεν θέλω να εξαντληθώ."
"relaxed","Relaxed","Χαλαρή"
"relaxed_2","I'm relaxed.","Είμαι χαλαρός."
"relaxed_3","I feel relaxed.","Νιώθω χαλαρή."
"relaxed_4","Do you feel relaxed?","Νιώθεις χαλαρή;"
"relaxed_5","I want to feel relaxed.","Θέλω να νιώθω χαλαρή."
"in-love","In love","Ερωτευμένος"
"in-love_2","I'm in love.","Είμαι ερωτευμένος."
"in-love_3","I feel in love.","Νιώθω ερωτευμένος."
"in-love_4","Are you in love?","Είσαι ερωτευμένος?"
"in-love_5","I want to fall in love.","Θέλω να ερωτευτώ."
"in-love_6","Do you love me?","Με αγαπάς?"
"stressed","Stressed","Τόνισε"
"stressed_2","I'm stressed.","Είμαι αγχωμένος."
"stressed_3","I feel stressed.","Νιώθω άγχος."
"stressed_4","Do you feel stressed?","Νιώθεις άγχος;"
"stressed_5","I don't want to feel stressed.","Δεν θέλω να νιώσω άγχος."
"thankful","Thankful","Ευγνώμων"
"thankful_2","I'm thankful.","Είμαι ευγνώμων."
"thankful_3","I feel thankful.","Νιώθω ευγνώμων."
"thankful_4","Do you feel thankful?","Νιώθεις ευγνώμων;"
"thankful_5","I want to feel thankful.","Θέλω να αισθάνομαι ευγνώμων."
"confused","Confused","Ταραγμένος"
"confused_2","I'm confused.","Είμαι μπερδεμένος."
"confused_3","I feel confused.","Νιώθω μπερδεμένος."
"confused_4","Do you feel confused?","Νιώθεις σύγχυση;"
"confused_5","You are confusing me.","Με μπερδεύεις."
"joyful","Joyful","Χαρούμενος"
"joyful_2","I'm joyful.","Είμαι χαρούμενη."
"joyful_3","I feel joyful.","Νιώθω χαρούμενη."
"joyful_4","Do you feel joyful?","Νιώθεις χαρούμενη;"
"joyful_5","I want to feel joyful.","Θέλω να νιώθω χαρούμενη."
"angry","Angry","Θυμωμένος"
"angry_2","I'm angry.","Είμαι θυμωμένος."
"angry_3","I feel angry.","Νιώθω θυμωμένος."
"angry_4","Do you feel angry?","Νιώθεις θυμωμένος;"
"angry_5","I'm angry at you.","Είμαι θυμωμένος σε σένα."
"angry_6","You are making me angry.","Με κάνεις θυμωμένο."
"smart","Smart","Εξυπνος"
"smart_2","I'm smart.","Είμαι έξυπνος."
"smart_3","I feel smart.","Νιώθω έξυπνος."
"smart_4","Do you feel smart?","Νιώθεις έξυπνος;"
"smart_5","Am I smart?","Είμαι έξυπνος;"
"smart_6","You are smart!","Είσαι έξυπνος!"
"afraid","Afraid","Φοβισμένος"
"afraid_2","I'm afraid.","Φοβάμαι."
"afraid_3","I feel afraid.","Νιώθω φοβισμένος."
"afraid_4","Do you feel afraid?","Νιώθεις φοβισμένος;"
"afraid_5","I don't want to feel afraid.","Δεν θέλω να φοβάμαι."
"afraid_6","You are scaring me.","Με τρομάζεις."
"ashamed","Ashamed","Ντροπιασμένος"
"ashamed_2","I'm ashamed.","Ντρέπομαι."
"ashamed_3","I feel ashamed.","Αισθάνομαι ντροπή."
"ashamed_4","Do you feel ashamed?","Νιώθεις ντροπή;"
"ashamed_5","I don't want to feel ashamed.","Δεν θέλω να νιώθω ντροπή."
"shocked","Shocked","Σοκαρισμένος"
"shocked_2","I'm shocked.","Είμαι σοκαρισμένος."
"shocked_3","I feel shocked.","Νιώθω σοκαρισμένος."
"shocked_4","Do you feel shocked?","Νιώθεις σοκαρισμένος;"
"shocked_5","You shocked me.","Με σοκαρίσατε."
"sick","Sick","Αρρωστος"
"sick_2","I'm sick.","Είμαι άρρωστος."
"sick_3","I feel sick.","Νιώθω άρρωστος."
"sick_4","Do you feel sick?","Νιώθεις άρρωστος?"
"sick_5","I don't want to be sick.","Δεν θέλω να είμαι άρρωστος."
"sick_6","I'm sick of the food.","Είμαι άρρωστος από το φαγητό."
"frustrated","Frustrated","Απογοητευμένοι"
"frustrated_2","I'm frustrated.","Είμαι απογοητευμένος."
"frustrated_3","I feel frustrated.","Νιώθω απογοητευμένος."
"frustrated_4","Do you feel frustrated?","Νιώθετε απογοητευμένοι;"
"frustrated_5","I don't want to feel frustrated.","Δεν θέλω να νιώθω απογοητευμένος."
"excited","Excited","Ενθουσιασμένος"
"excited_2","I'm excited.","Είμαι ενθουσιασμένος."
"excited_3","I feel excited.","Νιωθω ΕΝΘΟΥΣΙΑΣΜΕΝΟΣ."
"excited_4","Do you feel excited?","Νιώθεις ενθουσιασμένος;"
"excited_5","I don't want to feel excited.","Δεν θέλω να αισθάνομαι ενθουσιασμένος."
"nauseated","Nauseated","Ναυτία"
"nauseated_2","I'm nauseated.","Έχω ναυτία."
"nauseated_3","I feel nauseated.","Νιώθω ναυτία."
"nauseated_4","Do you feel nauseated?","Νιώθεις ναυτία;"
"nauseated_5","I don't want to feel nauseated.","Δεν θέλω να νιώθω ναυτία."
"agitated","Agitated","Ταραγμένος"
"agitated_2","I'm agitated.","Είμαι ταραγμένος."
"agitated_3","I feel agitated.","Νιώθω ταραγμένος."
"agitated_4","Do you feel agitated?","Νιώθεις ταραγμένος;"
"agitated_5","I don't want to feel agitated.","Δεν θέλω να αισθάνομαι ταραγμένος."
"food","Food","Τροφή"
"hungry","Hungry","Πεινασμένος"
"hungry_2","I'm hungry.","Πεινάω."
"hungry_3","Are you hungry?","Πεινάς?"
"hungry_4","Can you make me food?","Μπορείς να με φτιάξεις φαγητό;"
"hungry_5","What is for dinner?","Τι έχει για δείπνο?"
"thirsty","Thirsty","Διψασμένος"
"thirsty_2","I'm thirsty.","Διψάω."
"thirsty_3","Can I have some water?","Μπορω να εχω λιγο νερο?"
"thirsty_4","Can I have a glass of water?","Μπορώ να έχω ένα ποτήρι νερό?"
"thirsty_5","I want something to drink.","Θέλω κάτι να πιω."
"cutlery","Cutlery","Μαχαιρικά είδη"
"cutlery_2","I need cutlery.","Χρειάζομαι μαχαιροπίρουνα."
"cutlery_3","Help me use cutlery.","Βοηθήστε με να χρησιμοποιήσω μαχαιροπήρουνα."
"cutlery_4","I need a fork.","Χρειάζομαι ένα πιρούνι."
"cutlery_5","I need a spoon.","Χρειάζομαι ένα κουτάλι."
"cutlery_6","I need chopsticks.","Χρειάζομαι τσοπ στικς."
"cutlery_7","I need a knife.","Χρειάζομαι ένα μαχαίρι."
"cutlery_8","I need a napkin.","Χρειάζομαι μια χαρτοπετσέτα."
"apple","Apple","μήλο"
"apple_2","I like apple.","Μου αρέσει το μήλο."
"apple_3","I don't like apple.","Δεν μου αρέσει το μήλο."
"apple_4","I want to eat an apple.","Θέλω να φάω ένα μήλο."
"carrot","Carrot","Καρότο"
"carrot_2","I like carrot.","Μου αρέσει το καρότο."
"carrot_3","I don't like carrot.","Δεν μου αρέσει το καρότο."
"carrot_4","I want to eat a carrot.","Θέλω να φάω ένα καρότο."
"beans","Beans","Φασόλια"
"beans_2","I like beans.","Μου αρέσουν τα φασόλια."
"beans_3","I don't like beans.","Δεν μου αρέσουν τα φασόλια."
"beans_4","I want to eat beans.","Θέλω να φάω φασόλια."
"chicken_5","I want fried chicken.","Θέλω τηγανητό κοτόπουλο."
"chicken_6","I want boiled chicken.","Θέλω βραστό κοτόπουλο."
"chocolate","Chocolate","Σοκολάτα"
"chocolate_2","I like chocolate.","Μου αρέσει η σοκολάτα."
"chocolate_3","I don't like chocolate.","Δεν μου αρέσει η σοκολάτα."
"chocolate_4","I want to eat chocolate.","Θέλω να φάω σοκολάτα."
"chocolate_5","I want dark chocolate.","Θέλω μαύρη σοκολάτα."
"chocolate_6","I want white chocolate.","Θέλω λευκή σοκολάτα."
"milk","Milk","Γάλα"
"milk_2","I like milk.","Μου αρέσει το γάλα."
"milk_3","I don't like milk.","Δεν μου αρέσει το γάλα."
"milk_4","I want to drink milk.","Θέλω να πιω γάλα."
"milk_5","Can I have a glass of milk?","Μπορώ να έχω ένα ποτήρι γάλα;"
"sandwich","Sandwich","Σάντουιτς"
"sandwich_2","I like sandwich.","Μου αρέσει το σάντουιτς."
"sandwich_3","I don't like sandwich.","Δεν μου αρέσει το σάντουιτς."
"sandwich_4","I want to eat a sandwich.","Θέλω να φάω ένα σάντουιτς."
"sandwich_5","Can you make me a sandwich?","Μπορείς να με φτιάξεις σάντουιτς;"
"steak","Steak","Μπριζόλα"
"steak_2","I like steak.","Μου αρέσει η μπριζόλα."
"steak_3","I don't like steak.","Δεν μου αρέσει η μπριζόλα."
"steak_4","I want to eat steak.","Θέλω να φάω μπριζόλα."
"steak_5","Can you cook steak for me?","Μπορείτε να μαγειρέψετε μπριζόλα για μένα;"
"banana","Banana","Μπανάνα"
"banana_2","I like banana.","Μου αρέσει η μπανάνα."
"banana_3","I don't like banana.","Δεν μου αρέσει η μπανάνα."
"banana_4","I want to eat a banana.","Θέλω να φάω μπανάνα."
"pie","Pie","Πίτα"
"pie_2","I like pie.","Μου αρέσει η πιτα."
"pie_3","I don't like pie.","Δεν μου αρέσει η πίτα."
"pie_4","I want to eat pie.","Θέλω να φάω πίτα."
"pie_5","Can you bake a pie for me?","Μπορείς να φτιάξεις μια πίτα για μένα;"
"egg","Egg","Αυγό"
"egg_2","I like egg.","Μου αρέσει το αυγό."
"egg_3","I don't like egg.","Δεν μου αρέσει το αυγό."
"egg_4","I want to eat egg.","Θέλω να φάω αυγό."
"egg_5","I want fried eggs.","Θέλω τηγανητά αυγά."
"egg_6","I want boiled eggs.","Θέλω βραστά αυγά."
"noodles","Noodles","Λαζάνια"
"noodles_2","I like noodles.","Μου αρέσουν τα ζυμαρικά."
"noodles_3","I don't like noodles.","Δεν μου αρέσουν τα ζυμαρικά."
"noodles_4","I want to eat noodles.","Θέλω να φάω χυλοπίτες."
"noodles_5","Can you cook noodles for me?","Μπορείτε να μαγειρέψετε noodles για μένα;"
"salt","Salt","Αλας"
"salt_2","I want salt.","Θέλω αλάτι."
"salt_3","Can you pass me the salt?","Μπορείς να μου δώσεις το αλάτι;"
"salt_4","Food is too salty.","Το φαγητό είναι πολύ αλμυρό."
"salt_5","My food needs some salt.","Το φαγητό μου χρειάζεται λίγο αλάτι."
"spices","Spices","Μπαχαρικά"
"spices_2","I like spicy food.","Μου αρέσει το πικάντικο φαγητό."
"spices_3","I don't like spicy food.","Δεν μου αρέσει το πικάντικο φαγητό."
"spices_4","I want paprika.","Θέλω πάπρικα."
"spices_5","I want black pepper.","Θέλω μαύρο πιπέρι."
"pizza","Pizza","Πίτσα"
"pizza_2","I like pizza.","Μου αρέσει η πίτσα."
"pizza_3","I don't like pizza.","Δεν μου αρέσει η πίτσα."
"pizza_4","I want to eat pizza.","Θέλω να φάω πίτσα."
"pizza_5","Can you cook pizza for me?","Μπορείτε να μαγειρέψετε πίτσα για μένα;"
"pizza_6","Can we order pizza?","Μπορούμε να παραγγείλουμε πίτσα;"
"cheese","Cheese","Τυρί"
"cheese_2","I like cheese.","Μου αρέσει το τυρί."
"cheese_3","I don't like cheese.","Δεν μου αρέσει το τυρί."
"cheese_4","I want to eat cheese.","Θέλω να φάω τυρί."
"ice-cream","Ice cream","Παγωτό"
"ice-cream_2","I like ice cream.","Μου αρέσει το παγωτό."
"ice-cream_3","I don't like ice cream.","Δεν μου αρέσει το παγωτό."
"ice-cream_4","I want to eat ice cream.","Θέλω να φάω παγωτό."
"ice-cream_5","Can you buy ice cream for me?","Μπορείτε να αγοράσετε παγωτό για μένα;"
"tea","Tea","Τσάι"
"tea_2","I like tea.","Μου αρέσει το τσάι."
"tea_3","I don't like tea.","Δεν μου αρέσει το τσάι."
"tea_4","I want to drink tea.","Θέλω να πιω τσάι."
"tea_5","Can you make tea for me?","Μπορείς να φτιάξεις τσάι για μένα;"
"coffee","Coffee","Καφές"
"coffee_2","I like coffee.","Μου αρέσει ο καφές."
"coffee_3","I don't like coffee.","Δεν μου αρέσει ο καφές."
"coffee_4","I want to drink coffee.","Θέλω να πιω καφέ."
"coffee_5","Can you make coffee for me?","Μπορείς να φτιάξεις καφέ για μένα;"
"tomato","Tomato","Ντομάτα"
"tomato_2","I like tomato.","Μου αρέσει η ντομάτα."
"tomato_3","I don't like tomato.","Δεν μου αρέσει η ντομάτα."
"tomato_4","I want to eat tomato.","Θέλω να φάω ντομάτα."
"cereal","Cereal","Δημητριακό"
"cereal_2","I like cereal.","Μου αρέσουν τα δημητριακά."
"cereal_3","I don't like cereal.","Δεν μου αρέσουν τα δημητριακά."
"cereal_4","I want to eat cereal.","Θέλω να φάω δημητριακά."
"cereal_5","Can you make my cereal?","Μπορείς να φτιάξεις τα δημητριακά μου;"
"burger","Burger","Burger"
"burger_2","I like burger.","Μου αρέσει το μπιφτέκι."
"burger_3","I don't like burger.","Δεν μου αρέσει το μπιφτέκι."
"burger_4","I want to eat burger.","Θέλω να φάω μπιφτέκι."
"burger_5","Can you cook burger for me?","Μπορείτε να μαγειρέψετε μπιφτέκι για μένα;"
"burger_6","Can we order burger?","Μπορούμε να παραγγείλουμε burger;"
"french-fries","French fries","τηγανιτές πατάτες"
"french-fries_2","I like french fries.","Μου αρέσουν οι τηγανητές πατάτες."
"french-fries_3","I don't like french fries.","Δεν μου αρέσουν οι τηγανητές πατάτες."
"french-fries_4","I want to eat french fries.","Θέλω να φάω τηγανητές πατάτες."
"french-fries_5","Can you cook french fries for me?","Μπορείτε να μαγειρέψετε τηγανητές πατάτες για μένα;"
"french-fries_6","Can we order french fries?","Μπορούμε να παραγγείλουμε τηγανητές πατάτες;"
"spinach","Spinach","Σπανάκι"
"spinach_2","I like spinach.","Μου αρέσει το σπανάκι."
"spinach_3","I don't like spinach.","Δεν μου αρέσει το σπανάκι."
"spinach_4","I want to eat spinach.","Θέλω να φάω σπανάκι."
"rice","Rice","Ρύζι"
"rice_2","I like rice.","Μου αρέσει το ρύζι."
"rice_3","I don't like rice.","Δεν μου αρέσει το ρύζι."
"rice_4","I want to eat rice.","Θέλω να φάω ρύζι."
"rice_5","Can you cook rice for me?","Μπορείτε να μαγειρέψετε ρύζι για μένα;"
"bread","Bread","Ψωμί"
"bread_2","I like bread.","Μου αρέσει το ψωμί."
"bread_3","I don't like bread.","Δεν μου αρέσει το ψωμί."
"bread_4","I want to eat bread.","Θέλω να φάω ψωμί."
"bread_5","Can you buy some bread?","Μπορείς να αγοράσεις λίγο ψωμί;"
"pasta","Pasta","Ζυμαρικά"
"pasta_2","I like pasta.","Μου αρέσουν τα ζυμαρικά."
"pasta_3","I don't like pasta.","Δεν μου αρέσουν τα ζυμαρικά."
"pasta_4","I want to eat pasta.","Θέλω να φάω ζυμαρικά."
"pasta_5","Can you cook pasta for me?","Μπορείτε να μαγειρέψετε ζυμαρικά για μένα;"
"sauce","Sauce","Σάλτσα"
"sauce_2","I like sauce.","Μου αρέσει η σάλτσα."
"sauce_3","I don't like sauce.","Δεν μου αρέσει η σάλτσα."
"sauce_4","I want some sauce.","Θέλω κάποια σάλτσα."
"sauce_5","Can I have ketchup?","Μπορώ να έχω κέτσαπ;"
"sauce_6","Can I have mayonnaise?","Μπορώ να έχω μαγιονέζα;"
"sauce_7","Can I have mustard?","Μπορώ να έχω μουστάρδα;"
"sauce_8","Can I have ranch sauce?","Μπορώ να έχω σάλτσα ράντσο;"
"kebab","Kebab","Κεμπάπ"
"kebab_2","I like kebab.","Μου αρέσει το κεμπάπ."
"kebab_3","I don't like kebab.","Δεν μου αρέσει το κεμπάπ."
"kebab_4","I want to eat kebab.","Θέλω να φάω κεμπάπ."
"kebab_5","Can you cook kebab for me?","Μπορείτε να μαγειρέψετε κεμπάπ για μένα;"
"kebab_6","Can we order kebab?","Μπορούμε να παραγγείλουμε κεμπάπ;"
"numbers","Numbers","Αριθμοί"
"one","One","Ενας"
"one_2","One comes before two.","Ένα έρχεται πριν από τα δύο."
"one_3","One comes after zero.","Το ένα έρχεται μετά το μηδέν."
"one_4","I want one.","Θέλω ένα."
"two","Two","Δύο"
"two_2","Two comes before three.","Δύο έρχονται πριν από τις τρεις."
"two_3","Two comes after one.","Δύο έρχονται μετά από ένα."
"two_4","I want two.","Θέλω δύο."
"three","Three","Τρία"
"three_2","Three comes before four.","Τρία έρχονται πριν από τα τέσσερα."
"three_3","Three comes after two.","Τρία έρχονται μετά από δύο."
"three_4","I want three.","Θέλω τρία."
"four","Four","Τέσσερις"
"four_2","Four comes before five.","Τέσσερα έρχονται πριν από τα πέντε."
"four_3","Four comes after three.","Τέσσερα έρχονται μετά από τρία."
"four_4","I want four.","Θέλω τέσσερα."
"five","Five","Πέντε"
"five_2","Five comes before six.","Πέντε έρχονται πριν από τις έξι."
"five_3","Five comes after four.","Πέντε έρχονται μετά από τέσσερα."
"five_4","I want five.","Θέλω πέντε."
"six","Six","Εξι"
"six_2","Six comes before seven.","Έξι έρχονται πριν από τις επτά."
"six_3","Six comes after five.","Έξι έρχονται μετά από πέντε."
"six_4","I want fix.","Θέλω να διορθώσω."
"seven","Seven","Επτά"
"seven_2","Seven comes before eight.","Επτά έρχονται πριν από τις οκτώ."
"seven_3","Seven comes after six.","Επτά έρχονται μετά από έξι."
"seven_4","I want seven.","Θέλω επτά."
"eight","Eight","Οκτώ"
"eight_2","Eight comes before nine.","Οκτώ έρχεται πριν από τις εννέα."
"eight_3","Eight comes after seven.","Οκτώ έρχεται μετά από επτά."
"eight_4","I want eight.","Θέλω οκτώ."
"nine","Nine","Εννέα"
"nine_2","Nine comes before ten.","Εννέα έρχεται πριν από δέκα."
"nine_3","Nine comes after eight.","Εννέα έρχεται μετά από οκτώ."
"nine_4","I want nine.","Θέλω εννέα."
"ten","Ten","Δέκα"
"ten_2","Ten comes before eleven.","Δέκα έρχονται πριν από τις έντεκα."
"ten_3","Ten comes after nine.","Δέκα έρχονται μετά από εννέα."
"ten_4","I want ten.","Θέλω δέκα."
"eleven","Eleven","Εντεκα"
"eleven_2","Eleven comes before thirteen.","Έντεκα έρχεται πριν από δεκατρία."
"eleven_3","Eleven comes after ten.","Έντεκα έρχεται μετά από δέκα."
"eleven_4","I want eleven.","Θέλω έντεκα."
"twenty","Twenty","Είκοσι"
"twenty_2","I can count up to twenty.","Μπορώ να μετρήσω έως και είκοσι."
"thirty","Thirty","Τριάντα"
"thirty_2","I can count up to thirty.","Μπορώ να μετρήσω έως και τριάντα."
"forty","Forty","Σαράντα"
"forty_2","I can count up to forty.","Μπορώ να μετρήσω έως και σαράντα."
"fifty","Fifty","Πενήντα"
"fifty_2","I can count up to fifty.","Μπορώ να μετρήσω έως και πενήντα."
"hundred","Hundred","Εκατό"
"hundred_2","I can count up to hundred.","Μπορώ να μετρήσω έως και εκατό."
"thousand","Thousand","Χίλια"
"thousand_2","I can count up to thousand.","Μπορώ να μετρήσω έως και χιλιάδες."
"calculator","Calculator","Αριθμομηχανή"
"calculator_2","I want to use a calculator.","Θέλω να χρησιμοποιήσω μια αριθμομηχανή."
"calculator_3","Can you teach me how to use a calculator?","Μπορείτε να μου μάθετε πώς να χρησιμοποιείτε μια αριθμομηχανή;"
"calculator_4","Can I barrow your calculator?","Μπορώ να φράξω την αριθμομηχανή σας;"
"people","People","Ανθρωποι"
"mother","Mother","Μητέρα"
"mother_2","Mommy!","Μανούλα!"
"mother_3","I love my mother.","Αγαπώ τη μητέρα μου."
"mother_4","I love you mom.","Μαμά σ'αγαπώ."
"mother_5","I miss my mom.","Μου λείπει η μαμά μου."
"mother_6","Thank you for taking care of me.","Σας ευχαριστώ που με φροντίσατε."
"mother_7","She is my mom.","Είναι η μητέρα μου."
"mother_8","Can you help me find my mother?","Μπορείς να με βοηθήσεις να βρω τη μητέρα μου;"
"father","Father","Πατέρας"
"father_2","Daddy!","Πατερούλης!"
"father_3","I love my father.","Αγαπάω τον πατέρα μου."
"father_4","I love you dad.","Σε αγαπάω μπαμπά."
"father_5","I miss my dad.","Μου λείπει ο μπαμπάς μου."
"father_6","Thank you for taking care of me.","Σας ευχαριστώ που με φροντίσατε."
"father_7","He is my dad.","Αυτός είναι ο μπαμπάς μου."
"father_8","Can you help me find my father?","Μπορείς να με βοηθήσεις να βρω τον πατέρα μου;"
"parents","Parents","Γονείς"
"parents_2","I love my parents.","Αγαπώ τους γονείς μου."
"parents_3","I love my parents.","Αγαπώ τους γονείς μου."
"parents_4","I miss my parents.","Μου λείπουν οι γονείς μου."
"parents_5","They are my parents.","Αυτοί είναι οι γονείς μου."
"parents_6","My parents are taking care of me.","Οι γονείς μου με φροντίζουν."
"parents_8","Can you help me find my parents?","Μπορείτε να με βοηθήσετε να βρω τους γονείς μου;"
"grandparents","Grandparents","Παππούς και γιαγιά"
"grandparents_2","I love my grandparents.","Λατρεύω τους παππούδες μου."
"grandparents_3","I love you grandparents.","Σε αγαπώ παππούδες."
"grandparents_4","I miss my grandparents.","Μου λείπουν οι παππούδες μου."
"grandparents_5","They are my grandparents.","Είναι οι παππούδες μου."
"grandparents_6","My grandparents are taking care of me.","Οι παππούδες μου με φροντίζουν."
"grandparents_8","Can you help me find my grandparents?","Μπορείς να με βοηθήσεις να βρω τους παππούδες μου;"
"brother","Brother","Αδελφός"
"brother_2","I love my brother.","Αγαπώ τον αδερφό μου."
"brother_3","I love you brother.","Σε αγαπώ αδερφέ."
"brother_4","I miss my brother.","Μου λείπει ο αδερφός μου."
"brother_5","He is my brother.","Είναι ο αδελφός μου."
"brother_6","My brother is taking care of me.","Ο αδερφός μου με φροντίζει."
"brother_8","Can you help me find my brother?","Μπορείς να με βοηθήσεις να βρω τον αδερφό μου;"
"sister","Sister","Αδελφή"
"sister_2","I love my sister.","Αγαπώ την αδερφή μου."
"sister_3","I love you sister.","Αγαπώ την αδερφή σου."
"sister_4","I miss my sister.","Μου λειπει η αδερφη μου."
"sister_5","She is my sister.","Αυτή είναι η αδερφή μου."
"sister_6","My sister is taking care of me.","Η αδερφή μου με φροντίζει."
"sister_8","Can you help me find my sister?","Μπορείς να με βοηθήσεις να βρω την αδερφή μου;"
"uncle","Uncle","Θείος"
"uncle_2","I love my uncle.","Λατρεύω τον θείο μου."
"uncle_3","I love you uncle.","Σε αγαπώ θείε."
"uncle_4","I miss my uncle.","Μου λείπει ο θείος μου."
"uncle_5","He is my uncle.","Αυτός είναι ο θείος μου."
"uncle_8","Can you help me find my uncle?","Μπορείς να με βοηθήσεις να βρω τον θείο μου;"
"aunt","Aunt","Θεία"
"aunt_2","I love my aunt.","Λατρεύω τη θεία μου."
"aunt_3","I love you aunt.","Σε αγαπώ θεία."
"aunt_4","I miss my aunt.","Μου λείπει η θεία μου."
"aunt_5","She is my aunt.","Είναι η θεία μου."
"aunt_8","Can you help me find my aunt?","Μπορείς να με βοηθήσεις να βρω τη θεία μου;"
"teacher","Teacher","Δάσκαλος"
"teacher_2","I love my teacher.","Λατρεύω τον δάσκαλό μου."
"teacher_3","I love you teacher.","Σ 'αγαπώ δασκάλα."
"teacher_4","I don't like my teacher.","Δεν μου αρέσει ο δάσκαλός μου."
"teacher_5","I miss my teacher.","Μου λείπει ο δάσκαλός μου."
"teacher_6","Thank you for the lesson.","Ευχαριστώ για το μάθημα."
"therapist","Therapist","Θεραπευτής"
"therapist_2","I love my therapist.","Λατρεύω τον θεραπευτή μου."
"therapist_3","I love you therapist.","Σε αγαπώ θεραπευτή."
"therapist_4","I don't like my therapist.","Δεν μου αρέσει ο θεραπευτής μου."
"therapist_5","I miss my therapist.","Μου λείπει ο θεραπευτής μου."
"therapist_6","Thank you for the session.","Ευχαριστώ για τη συνεδρία."
"doctor","Doctor","Γιατρός"
"doctor_2","I love my doctor.","Λατρεύω τον γιατρό μου."
"doctor_3","I love you doctor.","Σ 'αγαπώ γιατρό."
"doctor_4","I don't like my doctor.","Δεν μου αρέσει ο γιατρός μου."
"doctor_5","I miss my doctor.","Μου λείπει ο γιατρός μου."
"doctor_6","Thank you for healing me.","Σας ευχαριστώ που με θεραπεύσατε."
"friends","Friends","Οι φιλοι"
"friends_2","I love my friends.","Αγαπώ τους φίλους μου."
"friends_3","Do you want to be my friend?","Θέλεις να γίνεις φίλος μου?"
"friends_4","I don't like my friends.","Δεν μου αρέσουν οι φίλοι μου."
"friends_5","I miss my friends.","Μου λείπουν οι φίλοι μου."
"friends_6","They are my friends.","Είναι οι φίλοι μου."
"friends_7","Thank you for playing with me.","Σας ευχαριστώ που παίξατε μαζί μου."
"cousins","Cousins","Ξαδερφια"
"cousins_2","I love my cousins.","Λατρεύω τα ξαδέρφια μου."
"cousins_3","I don't have cousins.","Δεν έχω ξαδέλφια."
"cousins_4","I miss my cousins.","Μου λείπουν τα ξαδέρφια μου."
"cousins_5","They are my cousins.","Αυτοί είναι τα ξαδέρφια μου."
"grandmother","Grandmother","Γιαγιά"
"grandmother_2","I love my grandmother.","Λατρεύω τη γιαγιά μου."
"grandmother_3","I love you grandma.","Αγαπώ την γιαγιά σου."
"grandmother_4","I miss my grandma.","Μου λείπει η γιαγιά μου."
"grandmother_5","She is my grandma.","Είναι η γιαγιά μου."
"grandfather","Grandfather","Παππούς"
"grandfather_2","I love my grandfather.","Λατρεύω τον παππού μου."
"grandfather_3","I love you grandpa.","Σε αγαπώ παππού."
"grandfather_4","I miss my grandpa.","Μου λείπει ο παππούς μου."
"grandfather_5","He is my grandpa.","Αυτός είναι ο παππούς μου."
"stepfather","Stepfather","Πατριός"
"stepfather_2","I love my stepfather.","Λατρεύω τον πατριό μου."
"stepfather_3","He is my stepfather.","Είναι ο πατέρας μου."
"stepfather_4","I miss my stepfather.","Μου λείπει ο πατέρας μου."
"stepfather_5","He is my stepfather.","Είναι ο πατέρας μου."
"stepmother","Stepmother","Μητριά"
"stepmother_2","I love my stepmother.","Λατρεύω τη μητριά μου."
"stepmother_3","She is my stepmother.","Είναι η μητριά μου."
"stepmother_4","I miss my stepmother.","Μου λείπει η μητριά μου."
"stepmother_5","She is my stepmother.","Είναι η μητριά μου."
"stepsister","Stepsister","Θετή αδερφή"
"stepsister_2","I love my stepsister.","Λατρεύω τον αδερφό μου."
"stepsister_3","She is my stepsister.","Είναι η αδερφή μου."
"stepsister_4","I miss my stepsister.","Μου λείπει ο αδερφός μου."
"stepsister_5","She is my stepsister.","Είναι η αδερφή μου."
"stepbrother","Stepbrother","Ετεροθαλης αδερφος"
"stepbrother_2","I love my stepbrother.","Λατρεύω τον πατριό μου."
"stepbrother_3","He is my stepbrother.","Είναι ο πατέρας μου."
"stepbrother_4","I miss my stepbrother.","Μου λείπει ο πατέρας μου."
"stepbrother_5","He is my stepbrother.","Είναι ο πατέρας μου."
"half-brother","Half brother","Ετεροθαλής αδελφός"
"half-brother_2","I love my half brother.","Αγαπώ τον αδερφό μου."
"half-brother_3","He is my half brother.","Είναι ο μισός αδερφός μου."
"half-brother_4","I miss my half brother.","Μου λείπει ο μισός αδερφός μου."
"half-brother_5","He is my half brother.","Είναι ο μισός αδερφός μου."
"half-sister","Half sister","Ετεροθαλής αδελφή"
"half-sister_2","I love my half sister.","Λατρεύω τη μισή αδερφή μου."
"half-sister_3","She is my half sister.","Είναι η μισή αδερφή μου."
"half-sister_4","I miss my half sister.","Μου λείπει η μισή αδερφή μου."
"half-sister_5","She is my half sister.","Είναι η μισή αδερφή μου."
"quarantine","Quarantine","Καραντίνα"
"protective-mask","Protective mask","Προστατευτική μάσκα"
"stay-home","Stay home","Μείνε σπίτι"
"toilet-paper","Toilet paper","Χαρτί υγείας"
"sprayer","Sprayer","Ψεκαστήρας"
"disinfectant","Disinfectant","Απολυμαντικό"
"thermometer","Thermometer","Θερμόμετρο"
"coughing","Coughing","Βήχα"
"medical-assistance","Medical assistance","Ιατρική βοήθεια"
"hand-sanitizer","Hand sanitizer","Απολυμαντικό χεριών"
"gloves","Gloves","Γάντια"
"social-distancing","Social distancing","Κοινωνική αποστασιοποίηση"
"mouth-mask","Mouth mask","Στοματική μάσκα"
"pandemic","Pandemic","Πανδημία"
"working-at-home","Working at home","Εργασία στο σπίτι"
"wet-wipes","Wet wipes","Υγρά μαντηλάκια"
"first-aid-kit","First aid kit","Κουτί πρώτων βοηθειών"
"fitness","Fitness","Καταλληλότητα"
"e-learning","E-learning","Ηλεκτρονική μάθηση"
"virus","Virus","Ιός"
"cleaning","Cleaning","Καθάρισμα"
"school","School","Σχολείο"
"desk","Desk","Γραφείο"
"desk_2","Can I use this desk?","Μπορώ να χρησιμοποιήσω αυτό το γραφείο;"
"desk_3","Which desk is mine?","Ποιο γραφείο είναι δικό μου;"
"desk_4","I spilled on my desk.","Χύθηκα στο γραφείο μου."
"desk_5","Don't scratch your desk.","Μην ξύνετε το γραφείο σας."
"chair","Chair","Καρέκλα"
"chair_2","Can I sit with you?","Μπορώ να καθίσω μαζί σου;"
"chair_3","Which chair is mine?","Ποια καρέκλα είναι δική μου;"
"chair_4","Is this chair taken?","Έχει ληφθεί αυτή η καρέκλα;"
"chair_5","I spilled on my chair.","Χύθηκα στην καρέκλα μου."
"book","Book","Βιβλίο"
"book_2","Textbook","Βιβλίο"
"book_3","Workbook","ΤΕΤΡΑΔΙΟ ΕΡΓΑΣΙΩΝ"
"book_4","Reading a book.","Διαβάζοντας ένα βιβλίο."
"book_5","Can I borrow your book?","Μπορώ να δανειστώ το βιβλίο σας;"
"book_6","Which page are we at?","Σε ποια σελίδα είμαστε;"
"book_7","Flip the page.","Αναστρέψτε τη σελίδα."
"book_8","I lost my book.","Έχασα το βιβλίο μου."
"notebook","Notebook","Σημειωματάριο"
"notebook_2","Taking notes.","Κρατάω σημειώσεις."
"notebook_3","I'm taking notes.","Παίρνω σημειώσεις."
"notebook_4","I lost my notebook.","Έχασα το σημειωματάριό μου."
"backpack","Backpack","ΣΑΚΙΔΙΟ ΠΛΑΤΗΣ"
"backpack_2","Carrying my backpack.","Μεταφέροντας το σακίδιο μου."
"backpack_3","Putting my books in my backpack.","Βάζοντας τα βιβλία μου στο σακίδιο μου."
"backpack_4","I need a new backpack.","Χρειάζομαι ένα νέο σακίδιο."
"backpack_5","Thank you for carrying my backpack.","Σας ευχαριστώ που μεταφέρατε το σακίδιο μου."
"backpack_6","I lost my backpack.","Έχασα το σακίδιο μου."
"backpack_7","My backpack is heavy.","Το σακίδιο μου είναι βαρύ."
"blackboard","Blackboard","Μαυροπίνακας"
"blackboard_2","Look at the blackboard.","Κοιτάξτε τον πίνακα."
"blackboard_3","Cleaning the blackboard.","Καθαρισμός του μαυροπίνακα."
"blackboard_4","Solving the problem on the blackboard.","Επίλυση του προβλήματος στον πίνακα."
"blackboard_5","Taking note on the blackboard.","Σημείωση στον πίνακα."
"blackboard_6","Give me a chalk.","Δώσε μου κιμωλία."
"teacher_7","I don't like this topic.","Δεν μου αρέσει αυτό το θέμα."
"teacher_8","Thank you for the lesson.","Ευχαριστώ για το μάθημα."
"school-bus","School bus","Σχολικό λεωφορείο"
"school-bus_2","School bus is coming.","Το σχολικό λεωφορείο έρχεται."
"school-bus_3","Can I sit next to you?","Μπορώ να καθίσω δίπλα σου;"
"school-bus_4","Thank you bus driver!","Ευχαριστώ οδηγό λεωφορείου!"
"school-bus_5","School bus was late.","Το σχολικό λεωφορείο ήταν αργά."
"pencil","Pencil","Μολύβι"
"pencil_2","I'm writing.","Γράφω."
"pencil_3","I'm learning to write.","Μαθαίνω να γράφω."
"pencil_4","I need a new pencil.","Χρειάζομαι ένα νέο μολύβι."
"pencil_5","Can I borrow your pencil?","Μπορώ να δανειστώ το μολύβι σου?"
"pencil_6","I lost my pencil.","Έχασα το μολύβι μου."
"eraser","Eraser","Γόμα"
"eraser_2","I'm erasing.","Διαγράφω."
"eraser_3","I need a new eraser.","Χρειάζομαι μια νέα γόμα."
"eraser_4","Can I borrow your eraser?","Μπορώ να δανειστώ τη γόμα σας;"
"eraser_5","I lost my eraser.","Έχασα τη γόμα μου."
"ruler","Ruler","Κυβερνήτης"
"ruler_2","I'm measuring.","Μετρούν."
"ruler_3","I need a new ruler.","Χρειάζομαι ένα νέο χάρακα."
"ruler_4","Can I borrow your ruler?","Μπορώ να δανειστώ τον κυβερνήτη σας;"
"ruler_5","I lost my ruler.","Έχασα τον χάρακα μου."
"sharpener","Sharpener","Ξύστρα"
"sharpener_2","I'm sharpening my pencil.","Ακονίζω το μολύβι μου."
"sharpener_3","I need a new sharpener.","Χρειάζομαι ένα νέο ξύστρα."
"sharpener_4","Can I borrow your sharpener?","Μπορώ να δανειστώ το ξύστρα σου;"
"sharpener_5","I lost my sharpener.","Έχασα το ξύστρα μου."
"mathematics","Mathematics","Μαθηματικά"
"mathematics_2","I like mathematics.","Μου αρέσουν τα μαθηματικά."
"mathematics_3","I want to study mathematics.","Θέλω να σπουδάσω μαθηματικά."
"mathematics_4","I don't like mathematics.","Δεν μου αρέσουν τα μαθηματικά."
"mathematics_5","When is mathematics class?","Πότε είναι η τάξη των μαθηματικών;"
"mathematics_6","Can you help me with my mathematics homework?","Μπορείς να με βοηθήσεις με τα μαθηματικά μου;"
"literature","Literature","Βιβλιογραφία"
"literature_2","I like literature.","Μου αρέσει η λογοτεχνία."
"literature_3","I want to study literature.","Θέλω να σπουδάσω λογοτεχνία."
"literature_4","I don't like literature.","Δεν μου αρέσει η λογοτεχνία."
"literature_5","When is literature class?","Πότε είναι το μάθημα λογοτεχνίας;"
"literature_6","Can you help me with my literature homework?","Μπορείτε να με βοηθήσετε με τη δουλειά της βιβλιογραφίας μου;"
"science","Science","Επιστήμη"
"science_2","I like science.","Μου αρέσει η επιστήμη."
"science_3","I want to study science.","Θέλω να σπουδάσω επιστήμη."
"science_4","I don't like science.","Δεν μου αρέσει η επιστήμη."
"science_5","When is science class?","Πότε είναι το μάθημα της επιστήμης;"
"science_6","Can you help me with my science homework?","Μπορείτε να με βοηθήσετε με την εργασία μου στην επιστήμη;"
"art-class","Art class","Μάθημα τέχνης"
"art-class_2","I like art class.","Μου αρέσει το μάθημα τέχνης."
"art-class_3","I want to practice art skills.","Θέλω να εξασκήσω τις δεξιότητες τέχνης."
"art-class_4","I don't like art class.","Δεν μου αρέσει το μάθημα τέχνης."
"art-class_5","When is art class?","Πότε είναι το μάθημα τέχνης;"
"art-class_6","Can you help me with my art class homework?","Μπορείτε να με βοηθήσετε με την εργασία μου στην τάξη;"
"music-class","Music class","Τάξη μουσικής"
"music-class_2","I like music class.","Μου αρέσει το μάθημα μουσικής."
"music-class_3","I want to practice music skills.","Θέλω να εξασκήσω μουσικές δεξιότητες."
"music-class_4","I don't like music class.","Δεν μου αρέσει το μάθημα μουσικής."
"music-class_5","When is music class?","Πότε είναι το μάθημα μουσικής;"
"music-class_6","Can you help me with my music class homework?","Μπορείτε να με βοηθήσετε με την εργασία μου στο μάθημα μουσικής;"
"geography","Geography","Γεωγραφία"
"geography_2","I like geography.","Μου αρέσει η γεωγραφία."
"geography_3","I want to study geography.","Θέλω να σπουδάσω γεωγραφία."
"geography_4","I don't like geography.","Δεν μου αρέσει η γεωγραφία."
"geography_5","When is geography?","Πότε είναι η γεωγραφία;"
"geography_6","Can you help me with my geography homework?","Μπορείτε να με βοηθήσετε με την εργασία μου στη γεωγραφία;"
"telescope","Telescope","Τηλεσκόπιο"
"telescope_2","I'm using the telescope.","Χρησιμοποιώ το τηλεσκόπιο."
"telescope_3","I want to use the telescope.","Θέλω να χρησιμοποιήσω το τηλεσκόπιο."
"telescope_4","I want to look at the stars.","Θέλω να κοιτάξω τα αστέρια."
"glue","Glue","Κόλλα"
"glue_2","I'm using glue.","Χρησιμοποιώ κόλλα."
"glue_3","I need a new glue.","Χρειάζομαι μια νέα κόλλα."
"glue_4","Can I borrow your glue?","Μπορώ να δανειστώ την κόλλα σας;"
"glue_5","I lost my glue.","Έχασα την κόλλα μου."
"shapes","Shapes","Σχήματα"
"circle","Circle","Κύκλος"
"circle_2","This is circle shaped.","Αυτό είναι σε σχήμα κύκλου."
"circle_3","Can you teach me how to draw a circle?","Μπορείτε να μου μάθετε πώς να σχεδιάζω έναν κύκλο;"
"triangle","Triangle","Τρίγωνο"
"triangle_2","This is triangle shaped.","Έχει σχήμα τριγώνου."
"triangle_3","Can you teach me how to draw a triangle?","Μπορείτε να μου μάθετε πώς να σχεδιάζω ένα τρίγωνο;"
"square","Square","τετράγωνο"
"square_2","This is square shaped.","Αυτό είναι τετράγωνο."
"square_3","Can you teach me how to draw a square?","Μπορείτε να μου μάθετε πώς να σχεδιάζω ένα τετράγωνο;"
"rectangle","Rectangle","Ορθογώνιο παραλληλόγραμμο"
"rectangle_2","This is rectangle shaped.","Έχει σχήμα ορθογωνίου."
"rectangle_3","Can you teach me how to draw a rectangle?","Μπορείτε να μου μάθετε πώς να σχεδιάζω ένα ορθογώνιο;"
"star","Star","Αστέρι"
"star_2","This is star shaped.","Αυτό έχει σχήμα αστεριού."
"star_3","Can you teach me how to draw a star?","Μπορείτε να μου μάθετε πώς να σχεδιάζω ένα αστέρι;"
"pentagon","Pentagon","Πεντάγωνο"
"pentagon_2","This is pentagon shaped.","Έχει σχήμα πενταγώνου."
"pentagon_3","Can you teach me how to draw a pentagon?","Μπορείτε να μου μάθετε πώς να σχεδιάζω ένα πεντάγωνο;"
"hexagon","Hexagon","Εξάγωνο"
"hexagon_2","This is hexagon shaped.","Έχει σχήμα εξαγώνου."
"hexagon_3","Can you teach me how to draw a hexagon?","Μπορείτε να μου μάθετε πώς να σχεδιάζω ένα εξάγωνο;"
"cross","Cross","Διασχίζω"
"cross_2","This is cross shaped.","Αυτό είναι σταυροειδές."
"cross_3","Can you teach me how to draw a cross?","Μπορείτε να μου μάθετε πώς να σχεδιάζω ένα σταυρό;"
"ellipse","Ellipse","Ελλειψη"
"ellipse_2","This is ellipse shaped.","Έχει σχήμα έλλειψης."
"ellipse_3","Can you teach me how to draw a ellipse?","Μπορείτε να μου μάθετε πώς να σχεδιάζω μια έλλειψη;"
"arrow","Arrow","Βέλος"
"arrow_2","This is arrow shaped.","Αυτό έχει σχήμα βέλους."
"arrow_3","Can you teach me how to draw a arrow?","Μπορείτε να μου μάθετε πώς να σχεδιάζω ένα βέλος;"
"crescent","Crescent","Ημισέληνος"
"crescent_2","This is crescent shaped.","Έχει σχήμα ημισελήνου."
"crescent_3","Can you teach me how to draw a crescent?","Μπορείτε να μου μάθετε πώς να σχεδιάζω ένα μισοφέγγαρο;"
"heart","Heart","Καρδιά"
"heart_2","This is heart shaped.","Αυτό είναι σε σχήμα καρδιάς."
"heart_3","Can you teach me how to draw a heart?","Μπορείτε να μου μάθετε πώς να σχεδιάζω μια καρδιά;"
"rhombus","Rhombus","Ρόμβος"
"rhombus_2","This is rhombus shaped.","Έχει σχήμα ρόμβου."
"rhombus_3","Can you teach me how to draw a rhombus?","Μπορείτε να μου μάθετε πώς να σχεδιάζω έναν ρόμβο;"
"ring","Ring","Δαχτυλίδι"
"ring_2","This is ring shaped.","Αυτό είναι δαχτυλίδι."
"ring_3","Can you teach me how to draw a ring?","Μπορείτε να μου μάθετε πώς να σχεδιάζω ένα δαχτυλίδι;"
"semicircle","Semicircle","Ημικύκλιο"
"semicircle_2","This is semicircle shaped.","Έχει σχήμα ημικυκλίου."
"semicircle_3","Can you teach me how to draw a semicircle?","Μπορείτε να μου μάθετε πώς να σχεδιάζω ημικύκλιο;"
"trapezoid","Trapezoid","Τραπεζοειδές"
"trapezoid_2","This is trapezoid shaped.","Έχει σχήμα τραπεζοειδούς."
"trapezoid_3","Can you teach me how to draw a trapezoid?","Μπορείτε να μου μάθετε πώς να σχεδιάζω ένα τραπεζοειδές;"
"cube","Cube","Κύβος"
"cube_2","This is cube shaped.","Είναι σε σχήμα κύβου."
"cube_3","Can you teach me how to draw a cube?","Μπορείτε να μου μάθετε πώς να σχεδιάζω έναν κύβο;"
"cylinder","Cylinder","Κύλινδρος"
"cylinder_2","This is cylinder shaped.","Αυτό έχει σχήμα κυλίνδρου."
"cylinder_3","Can you teach me how to draw a cylinder?","Μπορείτε να μου μάθετε πώς να σχεδιάζω έναν κύλινδρο;"