"activities","Activities","Mga Aktibidad"
"walking","Walking","Naglalakad"
"walking_2","I like walking","mahilig akong maglakad"
"walking_3","I don't like walking","Ayaw kong maglakad"
"walking_4","Do you want to walk together?","Gusto mo bang maglakad nang magkasama?"
"running","Running","Tumatakbo"
"running_2","I like running.","Para akong tumatakbo."
"running_3","I don't like running.","Ayaw kong tumakbo."
"running_4","Do you want to go running?","Gusto mo bang tumakbo?"
"talking","Talking","Nakikipag-usap"
"talking_2","I like talking.","Gusto kong magsalita."
"talking_3","I don't like talking.","Ayaw kong magsalita."
"talking_4","Do you want to talk with me?","Gusto mo ba akong makausap?"
"reading","Reading","Pagbasa"
"reading_2","I like reading.","Gusto kong magbasa."
"reading_3","I don't like reading.","Ayaw kong magbasa"
"reading_4","Do you want to read together?","Nais mo bang basahin nang magkasama?"
"football","Football","Football"
"football_2","I like playing football.","Gusto ko maglaro ng football."
"football_3","I don't like playing football.","Hindi ko gusto maglaro ng football."
"football_4","Do you want to play football?","Gusto mo bang maglaro ng football?"
"basketball","Basketball","Basketball"
"basketball_2","I like playing basketball.","Gusto ko maglaro ng basketball."
"basketball_3","I don't like playing basketball.","Hindi ko gusto maglaro ng basketball."
"basketball_4","Do you want to play basketball?","Gusto mo bang maglaro ng basketball?"
"swimming","Swimming","Paglangoy"
"swimming_2","I like swimming.","Gusto ko lumangoy."
"swimming_3","I don't like swimming.","Hindi ko gusto ang paglangoy."
"swimming_4","Do you want to go to swimming?","Gusto mo bang mag-swimming?"
"painting","Painting","Pagpipinta"
"painting_2","I like painting.","Gusto kong magpinta."
"painting_3","I don't like painting.","Hindi ko gusto ang pagpipinta."
"painting_4","Do you want to paint together?","Nais mo bang magpinta nang magkasama?"
"drawing","Drawing","Pagguhit"
"drawing_2","I like drawing.","Mahilig ako magdrawing."
"drawing_3","I don't like drawing.","Hindi ko gusto ang pagguhit."
"drawing_4","Do you want to draw together?","Nais mo bang gumuhit?"
"cycling","Cycling","Pagbibisikleta"
"cycling_2","I like cycling.","Gusto ko ang pagbibisikleta."
"cycling_3","I don't like cycling.","Hindi ko gusto ang pagbibisikleta."
"cycling_4","Do you want to go cycling?","Gusto mo bang mag-cycling?"
"skating","Skating","Skating"
"skating_2","I like skating.","Gusto ko ng skating."
"skating_3","I don't like skating.","Hindi ko gusto ang skate."
"skating_4","Do you want to go skating?","Gusto mo bang mag-skate?"
"sightseeing","Sightseeing","Paglilibot"
"sightseeing_2","I like sightseeing.","Gusto ko ang pamamasyal."
"sightseeing_3","I don't like sightseeing.","Hindi ko gusto ang pamamasyal."
"sightseeing_4","Do you want to go for sightseeing?","Nais mo bang pumunta para sa paglalakbay?"
"video-games","Video games","Mga larong video"
"video-games_2","I like playing video games.","Gusto ko maglaro ng mga video game."
"video-games_3","I don't like playing video games.","Hindi ko gusto ang paglalaro ng mga video game."
"video-games_4","Do you want to play games?","Nais mo bang maglaro?"
"tidying","Tidying","Tidying"
"tidying_2","I like tidying my room.","Gusto kong mag-tid ang aking silid."
"tidying_3","I don't like tidying my room.","Hindi ko gusto ang pag-tid sa aking silid."
"tidying_4","Can you help me tidy my room?","Maaari mo bang tulungan akong maglinis ng aking silid?"
"toys","Toys","Mga Laruan"
"toys_2","I like toys.","Gusto ko ng mga laruan."
"toys_3","I don't like toys.","Hindi ko gusto ang mga laruan."
"toys_4","Do you want to play with my toys?","Gusto mo bang makipaglaro sa mga laruan ko?"
"puzzle","Puzzle","Palaisipan"
"puzzle_2","I like solving puzzle.","Gusto kong malutas ang puzzle."
"puzzle_3","I don't like solving puzzle.","Hindi ko gusto ang paglutas ng puzzle."
"puzzle_4","Do you want to solve puzzles with me?","Nais mo bang malutas ang mga puzzle sa akin?"
"comics","Comics","Komiks"
"comics_2","I like reading comics.","Gusto kong magbasa ng mga komiks."
"comics_3","I don't like reading comics.","Hindi ko gusto ang pagbabasa ng mga komiks."
"comics_4","Do you want to read comics?","Nais mo bang magbasa ng mga komiks?"
"chess","Chess","Chess"
"chess_2","I like playing chess.","Gusto ko maglaro ng chess."
"chess_3","I don't like playing chess.","Hindi ako mahilig maglaro ng chess."
"chess_4","Do you want to play chess with me?","Gusto mo bang maglaro ng chess sa akin?"
"using-leeloo","Using Leeloo","Gamit ang Leeloo"
"using-leeloo_2","I like using leeloo.","Gusto kong gumamit ng leeloo."
"using-leeloo_3","I don't like using leeloo.","Hindi ko gusto ang paggamit ng leeloo."
"using-leeloo_4","Can you change card packs on leeloo?","Maaari mong baguhin ang mga pack ng card sa leeloo?"
"texting","Texting","Pag-text"
"texting_2","I like texting.","Gusto ko magtext."
"texting_3","I don't like texting.","Hindi ko gusto ang pag-text."
"knitting","Knitting","Pagniniting"
"knitting_2","I like knitting.","Gusto ko ang pagniniting."
"knitting_3","I don't like knitting.","Hindi ko gusto ang pagniniting."
"knitting_4","I want to learn how to knit.","Gusto kong malaman kung paano mangunot."
"bowling","Bowling","Bowling"
"bowling_2","I like bowling.","Para akong bowling."
"bowling_3","I don't like bowling.","Hindi ko gusto ang bowling."
"bowling_4","Do you want to play bowling with me?","Gusto mo bang maglaro ng bowling sa akin?"
"watching-tv","Watching TV","Nanonood ng TV"
"watching-tv_2","I like watching tv.","Gusto ko ang panonood ng telebisyon."
"watching-tv_3","I don't like watching tv.","Hindi ko gusto ang panonood sa tv."
"watching-tv_4","Do you want to watch tv?","Gusto mo bang manood ng tv?"
"fishing","Fishing","Pangingisda"
"fishing_2","I like fishing.","Gusto ko pangingisda."
"fishing_3","I don't like fishing.","Hindi ko gusto ang pangingisda."
"fishing_4","Do you want to go to fishing?","Gusto mo bang mangisda?"
"exercising","Exercising","Pagsasanay"
"exercising_2","I like exercising.","Gusto ko mag-ehersisyo."
"exercising_3","I don't like exercising.","Ayaw kong mag-ehersisyo."
"exercising_4","Do you want to exercise with me?","Gusto mo bang mag-ehersisyo sa akin?"
"tennis","Tennis","Tennis"
"tennis_2","I like playing tennis.","Para akong naglalaro ng tennis."
"tennis_3","I don't like playing tennis.","Hindi ako mahilig maglaro ng tennis."
"tennis_4","Do you want to play tennis with me?","Gusto mo bang maglaro ng tennis sa akin?"
"animals","Animals","Mga Hayop"
"cat","Cat","Cat"
"cat_2","I like cats.","Gusto ko ng mga pusa."
"cat_3","I saw a cat.","May nakita akong pusa."
"cat_4","What noise does a cat make?","Anong ingay ang ginagawa ng isang pusa?"
"cat_5","Can we get a cat as pet?","Maaari ba tayong makakuha ng isang pusa bilang alagang hayop?"
"dog","Dog","Aso"
"dog_2","I like dog.","Gusto ko ng aso."
"dog_3","I saw a dog.","May nakita akong aso."
"dog_4","What noise does a dog make?","Anong ingay ang ginagawa ng isang aso?"
"dog_5","Can we get a dog as pet?","Maaari ba tayong makakuha ng isang aso bilang alagang hayop?"
"fish","Fish","Isda"
"fish_2","I like fish.","Gusto ko ng isda."
"fish_3","I saw a fish.","May nakita akong isda."
"fish_4","What noise does a fish make?","Anong ingay ang ginagawa ng isang isda?"
"fish_5","Can we get a fish as pet?","Maaari ba tayong makakuha ng isang isda bilang alagang hayop?"
"rabbit","Rabbit","Kuneho"
"rabbit_2","I like rabbits.","Gusto ko ng mga kuneho."
"rabbit_3","I saw a rabbit.","Nakita ko ang isang kuneho."
"rabbit_4","What noise does a rabbit make?","Anong ingay ang ginagawa ng isang kuneho?"
"rabbit_5","Can we get a rabbit as pet?","Maaari ba tayong makakuha ng isang kuneho bilang pet?"
"butterfly","Butterfly","Butterfly"
"butterfly_2","I like butterflies.","Gusto ko ng butterflies."
"butterfly_3","I saw a butterfly.","Nakakita ako ng butterfly."
"butterfly_4","What noise does a butterfly make?","Anong ingay ang ginagawa ng isang butterfly?"
"kangaroo","Kangaroo","Kangaroo"
"kangaroo_2","I like kangaroos.","Gusto ko ng mga kangaro."
"kangaroo_3","I saw a kangaroo.","Nakita ko ang isang kangaroo."
"kangaroo_4","What noise does a kangaroo make?","Anong ingay ang ginagawa ng isang kangaroo?"
"turtle","Turtle","Pagong"
"turtle_2","I like turtles.","Mahilig ako sa pagong."
"turtle_3","I saw a turtle.","Nakita ko ang isang pagong."
"turtle_4","What noise does a turtle make?","Anong ingay ang ginagawa ng isang pagong?"
"giraffe","Giraffe","Giraffe"
"giraffe_2","I like giraffes.","Gusto ko ng mga giraffes."
"giraffe_3","I saw a giraffe.","Nakita ko ang isang dyirap."
"giraffe_4","What noise does a giraffe make?","Anong ingay ang ginagawa ng isang dyirap?"
"frog","Frog","Palaka"
"frog_2","I like frogs.","Gusto ko ng mga palaka."
"frog_3","I saw a frog.","Nakita ko ang isang palaka."
"frog_4","What noise does a frog make?","Anong ingay ang ginagawa ng isang palaka?"
"swan","Swan","Swan"
"swan_2","I like swans.","Gusto ko swans."
"swan_3","I saw a swan.","Nakita ko ang isang swan."
"swan_4","What noise does a swan make?","Anong ingay ang ginagawa ng isang swan?"
"spider","Spider","Spider"
"spider_2","I like spiders.","Gusto ko ng mga spider."
"spider_3","I saw a spider.","Nakita ko ang isang spider."
"spider_4","What noise does a spider make?","Anong ingay ang ginagawa ng isang spider?"
"cow","Cow","Baka"
"cow_2","I like cows.","Gusto ko ng mga baka."
"cow_3","I saw a cow.","Nakita ko ang isang baka."
"cow_4","What noise does a cow make?","Anong ingay ang ginagawa ng isang baka?"
"duck","Duck","Itik"
"duck_2","I like ducks.","Gusto ko ng mga pato."
"duck_3","I saw a duck.","Nakita ko ang isang pato."
"duck_4","What noise does a duck make?","Anong ingay ang ginagawa ng isang pato?"
"horse","Horse","Kabayo"
"horse_2","I like horses.","Gusto ko ng kabayo."
"horse_3","I saw a horse.","May nakita akong kabayo."
"horse_4","What noise does a horse make?","Anong ingay ang ginagawa ng isang kabayo?"
"chicken","Chicken","Manok"
"chicken_2","I like chickens.","Gusto ko ng manok."
"chicken_3","I saw a chicken.","May nakita akong manok."
"chicken_4","What noise does a chicken make?","Anong ingay ang ginagawa ng isang manok?"
"bee","Bee","Bee"
"bee_2","I like bees.","Gusto ko ng mga bubuyog."
"bee_3","I saw a bee.","Nakita ko ang isang bubuyog."
"bee_4","What noise does a bee make?","Anong ingay ang ginagawa ng isang bubuyog?"
"pig","Pig","Baboy"
"pig_2","I like pigs.","Gusto ko ng baboy."
"pig_3","I saw a pig.","Nakita ko ang isang baboy."
"pig_4","What noise does a pig make?","Anong ingay ang ginagawa ng isang baboy?"
"dove","Dove","Dove"
"dove_2","I like doves.","Gusto ko ng mga kalapati."
"dove_3","I saw a dove.","Nakita ko ang kalapati."
"dove_4","What noise does a dove make?","Anong ingay ang ginagawa ng isang kalapati?"
"crab","Crab","Crab"
"crab_2","I like crabs.","Gusto ko ng mga crab."
"crab_3","I saw a crab.","Nakita ko ang isang alimango."
"crab_4","What noise does a crab make?","Anong ingay ang ginagawa ng isang alimango?"
"penguin","Penguin","Penguin"
"penguin_2","I like penguins.","Gusto ko ng mga penguin."
"penguin_3","I saw a penguin.","Nakita ko ang isang penguin."
"penguin_4","What noise does a penguin make?","Anong ingay ang ginagawa ng isang penguin?"
"elephant","Elephant","Elephant"
"elephant_2","I like elephants.","Gusto ko ng mga elepante."
"elephant_3","I saw an elephant.","Nakita ko ang isang elepante."
"elephant_4","What noise does an elephant make?","Anong ingay ang ginagawa ng isang elepante?"
"zebra","Zebra","Zebra"
"zebra_2","I like zebras.","Gusto ko ng mga zebras."
"zebra_3","I saw a zebra.","Nakita ko ang isang zebra."
"zebra_4","What noise does a zebra make?","Anong ingay ang ginagawa ng isang zebra?"
"panda","Panda","Panda"
"panda_2","I like pandas.","Gusto ko ng mga pandas."
"panda_3","I saw a panda.","Nakita ko ang isang panda."
"panda_4","What noise does a panda make?","Anong ingay ang ginagawa ng isang panda?"
"monkey","Monkey","Unggoy"
"monkey_2","I like monkeys.","Gusto ko ng mga unggoy."
"monkey_3","I saw a monkey.","Nakita ko ang unggoy."
"monkey_4","What noise does a monkey make?","Anong ingay ang ginagawa ng unggoy?"
"camel","Camel","Kamelyo"
"camel_2","I like camels.","Gusto ko ng mga kamelyo."
"camel_3","I saw a camel.","Nakita ko ang isang kamelyo."
"camel_4","What noise does a camel make?","Anong ingay ang ginagawa ng isang kamelyo?"
"mouse","Mouse","Mouse"
"mouse_2","I like mice.","Gusto ko ng mga daga."
"mouse_3","I saw a mouse.","Nakita ko ang isang daga."
"mouse_4","What noise does a mouse make?","Anong ingay ang ginagawa ng isang mouse?"
"tiger","Tiger","Tigre"
"tiger_2","I like tigers.","Gusto ko ng tigre."
"tiger_3","I saw a tiger.","Nakita ko ang isang tigre."
"tiger_4","What noise does a tiger make?","Anong ingay ang ginagawa ng isang tigre?"
"jellyfish","Jellyfish","Dikya"
"jellyfish_2","I like jellyfishes.","Gusto ko ng mga jellyfishes."
"jellyfish_3","I saw a jellyfish.","Nakita ko ang isang dikya."
"jellyfish_4","What noise does a jellyfish make?","Anong ingay ang ginagawa ng isang dikya?"
"crocodile","Crocodile","Buwaya"
"crocodile_2","I like crocodiles.","Gusto ko ng mga buwaya."
"crocodile_3","I saw a crocodile.","Nakita ko ang isang buwaya."
"crocodile_4","What noise does a crocodile make?","Anong ingay ang ginagawa ng isang buwaya?"
"koala","Koala","Koala"
"koala_2","I like koalas.","Gusto ko ko."
"koala_3","I saw a koala.","Nakita ko ang isang koala."
"koala_4","What noise does a koala make?","Anong ingay ang ginagawa ng isang koala?"
"ostrich","Ostrich","Ostrich"
"ostrich_2","I like ostriches.","Gusto ko ng mga ostriches."
"ostrich_3","I saw an ostrich.","Nakita ko ang isang ostrich."
"ostrich_4","What noise does an ostrich make?","Anong ingay ang ginagawa ng isang ostrik?"
"racoon","Racoon","Racoon"
"racoon_2","I like racoons.","Gusto ko ng mga racon."
"racoon_3","I saw a racoon.","Nakita ko ang isang lahi."
"racoon_4","What noise does a racoon make?","Anong ingay ang ginagawa ng isang lahi?"
"bat","Bat","Bat"
"bat_2","I like bats.","Gusto ko ng mga paniki."
"bat_3","I saw a bat.","Nakita ko ang isang paniki."
"bat_4","What noise does a bat make?","Anong ingay ang ginagawa ng isang bat?"
"eagle","Eagle","Eagle"
"eagle_2","I like eagles.","Gusto ko ng mga agila."
"eagle_3","I saw an eagle.","Nakita ko ang isang agila."
"eagle_4","What noise does an eagle make?","Anong ingay ang ginagawa ng isang agila?"
"hippopotamus","Hippopotamus","Hippopotamus"
"hippopotamus_2","I like hippopotamus.","Gusto ko ng hippopotamus."
"hippopotamus_3","I saw a hippopotamus.","Nakita ko ang isang hippopotamus."
"hippopotamus_4","What noise does a hippopotamus make?","Anong ingay ang ginagawa ng isang hippopotamus?"
"seal","Seal","Selyo"
"seal_2","I like seals.","Gusto ko ng mga seal."
"seal_3","I saw a seal.","Nakita ko ang isang selyo."
"seal_4","What noise does a seal make?","Anong ingay ang ginagawa ng isang selyo?"
"walrus","Walrus","Walrus"
"walrus_2","I like walruses.","Gusto ko ng mga walrus."
"walrus_3","I saw a walrus.","Nakita ko ang isang walrus."
"walrus_4","What noise does a walrus make?","Anong ingay ang ginagawa ng isang walrus?"
"seahorse","Seahorse","Seahorse"
"seahorse_2","I like seahorses.","Gusto ko ng seahorses."
"seahorse_3","I saw a seahorse.","Nakita ko ang isang seahorse."
"seahorse_4","What noise does a seahorse make?","Anong ingay ang ginagawa ng isang seahorse?"
"bull","Bull","Bull"
"bull_2","I like bulls.","Gusto ko ng mga toro."
"bull_3","I saw a bull.","Nakita ko ang isang toro."
"bull_4","What noise does a bull make?","Anong ingay ang ginagawa ng isang toro?"
"pelican","Pelican","Pelican"
"pelican_2","I like pelicans.","Gusto ko ng mga pelicans."
"pelican_3","I saw a pelican.","Nakita ko ang isang pelican."
"pelican_4","What noise does a pelican make?","Anong ingay ang ginagawa ng isang pelican?"
"beaver","Beaver","Beaver"
"beaver_2","I like beavers.","Gusto ko ng mga beaver."
"beaver_3","I saw a beaver.","Nakita ko ang isang beaver."
"beaver_4","What noise does a beaver make?","Anong ingay ang ginagawa ng isang beaver?"
"goldfish","Goldfish","Goldfish"
"goldfish_2","I like goldfishes.","Gusto ko ng mga ginto."
"goldfish_3","I saw a goldfish.","Nakita ko ang isang goldpis."
"goldfish_4","What noise does a goldfish make?","Anong ingay ang ginagawa ng isang goldpis?"
"goldfish_5","Can we get a goldfish as pet?","Maaari ba tayong makakuha ng isang goldpis bilang alagang hayop?"
"rhinoceros","Rhinoceros","Mga rhino"
"rhinoceros_2","I like rhinoceros.","Gusto ko ng mga rhinoceros."
"rhinoceros_3","I saw a rhinoceros.","Nakita ko ang isang rhinoceros."
"rhinoceros_4","What noise does a rhinoceros make?","Anong ingay ang ginagawa ng isang rhinoceros?"
"snake","Snake","Ahas"
"snake_2","I like snakes.","Gusto ko ng mga ahas."
"snake_3","I saw a snake.","May nakita akong ahas."
"snake_4","What noise does a snake make?","Anong ingay ang ginagawa ng isang ahas?"
"lion","Lion","Leon"
"lion_2","I like lions.","Gusto ko ng leon."
"lion_3","I saw a lion.","May nakita akong leon."
"lion_4","What noise does a lion make?","Anong ingay ang ginagawa ng isang leon?"
"squid","Squid","Pusit"
"squid_2","I like squids.","Gusto ko ng mga squid."
"squid_3","I saw a squid.","Nakita ko ang isang pusit."
"squid_4","What noise does a squid make?","Anong ingay ang ginagawa ng isang pusit?"
"whale","Whale","Balyena"
"whale_2","I like whales.","Gusto ko ng mga balyena."
"whale_3","I saw a whale.","Nakita ko ang isang balyena."
"whale_4","What noise does a whale make?","Anong ingay ang ginagawa ng isang balyena?"
"beetle","Beetle","Beetle"
"beetle_2","I like beetles.","Gusto ko ng mga beetles."
"beetle_3","I saw a beetle.","Nakita ko ang isang salagubang."
"beetle_4","What noise does a beetle make?","Anong ingay ang ginagawa ng isang salagubang?"
"dolphin","Dolphin","Dolphin"
"dolphin_2","I like dolphins.","Gusto ko ng mga dolphin."
"dolphin_3","I saw a dolphin.","Nakita ko ang isang dolphin."
"dolphin_4","What noise does a dolphin make?","Anong ingay ang ginagawa ng isang dolphin?"
"starfish","Starfish","Starfish"
"starfish_2","I like starfishes.","Gusto ko ng mga gutom."
"starfish_3","I saw a starfish.","Nakita ko ang isang starfish."
"starfish_4","What noise does a starfish make?","Anong ingay ang ginagawa ng isang isdang bituin?"
"parakeet","Parakeet","Parakeet"
"parakeet_2","I like parakeets.","Gusto ko ng mga parakeet."
"parakeet_3","I saw a parakeet.","Nakita ko ang isang parakeet."
"parakeet_4","What noise does a parakeet make?","Anong ingay ang ginagawa ng isang parakeet?"
"owl","Owl","Owl"
"owl_2","I like owls.","Gusto ko ng mga kuwago."
"owl_3","I saw an owl.","Nakita ko ang isang kuwago."
"owl_4","What noise does an owl make?","Anong ingay ang ginagawa ng isang kuwago?"
"sheep","Sheep","Tupa"
"sheep_2","I like sheeps.","Gusto ko ng mga tupa."
"sheep_3","I saw a sheep.","May nakita akong tupa."
"sheep_4","What noise does a sheep make?","Anong ingay ang ginagawa ng isang tupa?"
"clothes","Clothes","Mga damit"
"pants","Pants","Pantalon"
"pants_2","My pants are dirty.","Marumi ang pantalon ko."
"pants_3","Can you help me wear my pants?","Maaari mo bang tulungan akong magsuot ng aking pantalon?"
"shirt","Shirt","Shirt"
"shirt_2","My shirt is dirty.","Marumi ang shirt ko."
"shirt_3","Can you help me wear my shirt?","Maaari mo ba akong tulungan na magsuot ng shirt?"
"skirt","Skirt","Skirt"
"skirt_2","My skirt is dirty.","Marumi ang palda ko."
"skirt_3","Can you help me wear my skirt?","Maaari mo bang tulungan akong magsuot ng palda?"
"panty","Panty","Panty"
"panty_2","My underwear is dirty.","Marumi ang aking panloob."
"panty_3","Can you help me wear my panty?","Maaari mo bang tulungan akong magsuot ng panty ko?"
"jacket","Jacket","Jacket"
"jacket_2","My jacket is dirty.","Marumi ang jacket ko."
"jacket_3","Can you help me wear my jacket?","Maaari mo bang tulungan akong magsuot ng aking dyaket?"
"tie","Tie","Itali"
"tie_2","I like wearing tie.","Gusto kong magsuot ng kurbatang."
"tie_3","Can you help me tie my tie?","Maaari mo bang tulungan akong itali ang aking itali?"
"baseball-cap","Baseball cap","Baseball cap"
"baseball-cap_2","I like wearing baseball cap.","Gusto kong magsuot ng baseball cap."
"baseball-cap_3","Which baseball cap should I wear?","Aling baseball cap ang dapat kong isuot?"
"dress","Dress","Damit"
"dress_2","My dress is dirty.","Marumi ang damit ko."
"dress_3","Can you help me wear my dress?","Maaari mo bang tulungan akong magsuot ng aking damit?"
"shoes","Shoes","Sapatos"
"shoes_2","My shoes are dirty.","Marumi ang sapatos ko."
"shoes_3","Can you help me wear my shoes?","Maaari mo bang tulungan akong magsuot ng aking sapatos?"
"boots","Boots","Mga Boots"
"boots_2","My boots are dirty.","Marumi ang aking bota."
"boots_3","Can you help me wear my boots?","Maaari mo bang tulungan akong magsuot ng aking bota?"
"sneakers","Sneakers","Mga sneaker"
"sneakers_2","I want to wear my sneakers.","Gusto kong magsuot ng mga sneaker ko."
"sneakers_3","Can you help me wear my sneakers?","Maaari mo bang tulungan akong magsuot ng aking mga sneaker?"
"slippers","Slippers","Tsinelas"
"slippers_2","I want to wear my slippers.","Gusto kong magsuot ng tsinelas ko."
"slippers_3","Can you help me wear my slippers?","Maaari mo bang tulungan akong magsuot ng aking tsinelas?"
"belt","Belt","Belt"
"belt_2","I like wearing belt.","Para akong may suot na sinturon."
"belt_3","Can you help me wear my belt?","Maaari mo bang tulungan akong magsuot ng sinturon?"
"socks","Socks","Mga medyas"
"socks_2","My socks are dirty.","Marumi ang aking medyas."
"socks_3","Can you help me wear my socks?","Maaari mo bang tulungan akong magsuot ng medyas?"
"swimsuit","Swimsuit","Swimsuit"
"swimsuit_2","I want to wear my swimsuit.","Gusto kong magsuot ng swimsuit ko."
"swimsuit_3","Can you help me wear my swimsuit?","Maaari mo bang tulungan akong magsuot ng aking swimsuit?"
"sweater","Sweater","Panglamig"
"sweater_2","My sweater is dirty.","Marumi ang aking panglamig."
"sweater_3","Can you help me wear my sweater?","Maaari mo bang tulungan akong magsuot ng aking panglamig?"
"scarf","Scarf","Scarf"
"scarf_2","I like wearing scarf.","Gusto kong magsuot ng scarf."
"scarf_3","Can you help me wear my scarf?","Maaari mo bang tulungan akong magsuot ng scarf ko?"
"denim-shorts","Denim shorts","Maong shorts"
"denim-shorts_2","My denim shorts are dirty.","Marumi ang mga shim shorts ko."
"denim-shorts_3","Can you help me wear my denim shorts?","Maaari mo bang tulungan akong magsuot ng aking shim shorts?"
"hoodies","Hoodies","Hoodies"
"hoodies_2","I like wearing hoodies.","Gusto kong magsuot ng hoodies."
"hoodies_3","Can you help me wear my hoodie?","Maaari mo bang tulungan akong magsuot ng aking hoodie?"
"swimming-shorts","Swimming shorts","Pag-swimming shorts"
"swimming-shorts_2","My swimming shorts are dirty.","Marumi ang aking shorts sa paglangoy."
"swimming-shorts_3","Can you help me wear my swimming shorts?","Maaari mo bang tulungan akong magsuot ng aking shorts sa paglangoy?"
"bow-tie","Bow tie","Bow tie"
"bow-tie_2","I like wearing bow tie.","Gusto kong magsuot ng bow tie."
"bow-tie_3","Can you help me wear my bow tie?","Maaari mo bang tulungan akong isusuot ang aking bow tie?"
"leather-jacket","Leather jacket","Mga dyaket ng katad"
"leather-jacket_2","I like wearing leather jacket.","Gusto kong magsuot ng leather jacket."
"leather-jacket_3","Can you help me wear my leather jacket?","Maaari mo bang tulungan akong magsuot ng aking katad na jacket?"
"bathrobe","Bathrobe","Maligo"
"bathrobe_2","I like wearing bathrobe.","Para akong may suot na banyo."
"bathrobe_3","Can you help me wear my bathrobe?","Maaari mo bang tulungan akong magsuot ng aking banyo?"
"jumpsuit","Jumpsuit","Jumpsuit"
"jumpsuit_2","I like wearing jumpsuit.","Gusto kong magsuot ng jumpsuit."
"jumpsuit_3","Can you help me wear my jumpsuit?","Maaari mo bang tulungan akong magsuot ng aking jumpsuit?"
"fedora-hat","Fedora hat","Sumbrero ng Fedora"
"fedora-hat_2","I like wearing fedora hat.","Gusto kong magsuot ng sumbrero na fedora."
"fedora-hat_3","Can you help me wear my fedora hat?","Maaari mo bang tulungan akong magsuot ng aking sumbrero na fedora?"
"t-shirt","T-shirt","T-shirt"
"t-shirt_2","I like wearing t-shirt.","Gusto kong magsuot ng t-shirt."
"t-shirt_3","Can you help me wear my t-shirt?","Maaari mo bang tulungan akong magsuot ng t-shirt?"
"sleeveless","Sleeveless","Walang suot"
"sleeveless_2","I like wearing sleeveless.","Para akong may suot na walang manggas."
"sleeveless_3","Can you help me wear my sleeveless?","Maaari mo bang tulungan akong magsuot ng aking manggas?"
"boxers","Boxers","Mga Boxer"
"boxers_2","I like wearing boxers.","Para akong may suot na boksingero."
"boxers_3","Can you help me wear my boxers?","Maaari mo bang tulungan akong magsuot ng aking mga boksingero?"
"vest","Vest","Vest"
"vest_2","I like wearing vest.","Gusto kong magsuot ng vest."
"vest_3","Can you help me wear my vest?","Maaari mo bang tulungan akong magsuot ng aking vest?"
"pamela-hat","Pamela hat","Pamela sumbrero"
"pamela-hat_2","I like wearing pamela hat.","Gusto kong magsuot ng pamela hat."
"pamela-hat_3","Can you help me wear my pamela hat?","Maaari mo bang tulungan akong magsuot ng aking pamela hat?"
"high-heels","High heels","Mataas na Takong"
"high-heels_2","I like wearing high heels.","Para akong may suot na mataas na takong."
"high-heels_3","Can you help me wear my high heels?","Maaari mo bang tulungan akong magsuot ng aking mataas na takong?"
"overalls","Overalls","Mga oberols"
"overalls_2","I like wearing overalls.","Gusto kong magsuot ng mga ober."
"overalls_3","Can you help me wear my overalls?","Maaari mo bang tulungan akong magsuot ng aking mga oberols?"
"kimono","Kimono","Kimono"
"kimono_2","I like wearing kimono.","Gusto kong magsuot ng kimono."
"kimono_3","Can you help me wear my kimono?","Maaari mo bang tulungan akong magsuot ng aking kimono?"
"raincoat","Raincoat","Raincoat"
"raincoat_2","I like wearing raincoat.","Gusto kong magsuot ng kapote."
"raincoat_3","Can you help me wear my raincoat?","Maaari mo bang tulungan akong magsuot ng aking kapote?"
"bandana","Bandana","Bandana"
"bandana_2","I like wearing bandana.","Gusto kong magsuot ng bandana."
"bandana_3","Can you help me wear my bandana?","Maaari mo bang tulungan akong magsuot ng aking bandana?"
"beret","Beret","Beret"
"beret_2","I like wearing beret.","Gusto kong magsuot ng beret."
"beret_3","Can you help me wear my beret?","Maaari mo bang tulungan akong magsuot ng aking beret?"
"knit-hat","Knit hat","Kumunot na sumbrero"
"knit-hat_2","I like wearing knit hat.","Gusto kong magsuot ng niniting na sumbrero."
"knit-hat_3","Can you help me wear my knit hat?","Maaari mo bang tulungan akong magsuot ng aking niniting sumbrero?"
"suspenders","Suspenders","Mga suspendido"
"suspenders_2","I like wearing suspenders.","Para akong may suot na suspenders."
"suspenders_3","Can you help me wear my suspenders?","Maaari mo bang tulungan akong magsuot ng aking mga suspendido?"
"mitten","Mitten","Mitten"
"mitten_2","I like wearing mitten.","Gusto kong magsuot ng kutsilyo."
"mitten_3","Can you help me wear my mitten?","Maaari mo bang tulungan akong magsuot ng aking kuting?"
"suit","Suit","Suit"
"suit_2","I like wearing suit.","Gusto kong magsuot ng suit."
"suit_3","Can you help me wear my suit?","Maaari mo bang tulungan akong magsuot ng suit?"
"coat","Coat","Coat"
"coat_2","I like wearing coat.","Gusto kong magsuot ng amerikana."
"coat_3","Can you help me wear my coat?","Maaari mo bang tulungan akong magsuot ng aking amerikana?"
"trench-coat","Trench coat","Trench coat"
"trench-coat_2","I like wearing trench coat.","Para akong may suot na trench coat."
"trench-coat_3","Can you help me wear my trench coat?","Maaari mo bang tulungan akong magsuot ng aking trench coat?"
"colors","Colors","Mga Kulay"
"crayons","Crayons","Mga krayola"
"crayons_2","I like crayons.","Gusto ko ng mga krayola."
"crayons_3","Can you give me crayons?","Maaari mo bang bigyan ako ng krayola?"
"crayons_4","I want to draw using my crayons.","Nais kong gumuhit gamit ang aking mga krayola."
"red","Red","Pula"
"red_2","It is red.","Pula ito."
"red_3","My favorite color is red.","Ang aking paboritong kulay ay pula."
"red_4","Can you give me red paint?","Maaari mo bang bigyan ako ng pulang pintura?"
"blue","Blue","Bughaw"
"blue_2","It is blue.","Ito ay asul."
"blue_3","My favorite color is blue.","Ang paborito kong kulay ay asul."
"blue_4","Can you give me blue paint?","Maaari mo bang bigyan ako ng asul na pintura?"
"orange","Orange","Orange"
"orange_2","It is orange color.","Ito ay kulay kahel."
"orange_3","My favorite color is orange.","Ang aking paboritong kulay ay orange."
"orange_4","Can you give me orange paint?","Maaari mo bang bigyan ako ng orange na pintura?"
"green","Green","Berde"
"green_2","It is green.","Ito ay berde."
"green_3","My favorite color is green.","Ang aking paboritong kulay ay berde."
"green_4","Can you give me green paint?","Maaari mo bang bigyan ako ng berdeng pintura?"
"yellow","Yellow","Dilaw"
"yellow_2","It is yellow.","Ito ay dilaw."
"yellow_3","My favorite color is yellow.","Ang aking paboritong kulay ay dilaw."
"yellow_4","Can you give me yellow paint?","Maaari mo bang bigyan ako ng dilaw na pintura?"
"purple","Purple","Lila"
"purple_2","It is purple.","Ito ay lilang."
"purple_3","My favorite color is purple.","Ang aking paboritong kulay ay lilang."
"purple_4","Can you give me purple paint?","Maaari mo bang bigyan ako ng lilang pintura?"
"pink","Pink","Rosas"
"pink_2","It is pink.","Ito ay kulay rosas."
"pink_3","My favorite color is pink.","Kulay rosas ang aking paboritong kulay."
"pink_4","Can you give me pink paint?","Maaari mo bang bigyan ako ng kulay-rosas na pintura?"
"brown","Brown","Kayumanggi"
"brown_2","It is brown.","Ito ay kayumanggi."
"brown_3","My favorite color is brown.","Ang paborito kong kulay ay kayumanggi."
"brown_4","Can you give me brown paint?","Maaari mo bang bigyan ako ng brown pintura?"
"black","Black","Itim"
"black_2","It is black.","Itim."
"black_3","My favorite color is black.","Itim ang paborito kong kulay."
"black_4","Can you give me black paint?","Maaari mo bang bigyan ako ng itim na pintura?"
"white","White","Puti"
"white_2","It is white.","Puti ito."
"white_3","My favorite color is white.","Puti ang aking paboritong kulay."
"white_4","Can you give me white paint?","Maaari mo bang bigyan ako ng puting pintura?"
"gray","Gray","kulay-abo"
"gray_2","It is gray.","Ito ay kulay-abo."
"gray_3","My favorite color is gray.","Ang aking paboritong kulay ay kulay abo."
"gray_4","Can you give me gray paint?","Maaari mo bang bigyan ako ng kulay-abo na pintura?"
"transparent","Transparent","Transparent"
"transparent_2","It is transparent.","Ito ay malinaw."
"transparent_3","I can see behind transparent color.","Nakikita ko sa likod ng transparent na kulay."
"transparent_4","Can you help me erase?","Maaari mo bang tulungan akong burahin?"
"cyan","Cyan","Cyan"
"cyan_2","It is cyan.","Ito ay cyan."
"cyan_3","My favorite color is cyan.","Ang paborito kong kulay ay cyan."
"cyan_4","Can you give me cyan paint?","Maaari mo bang bigyan ako ng cyan pintura?"
"violet","Violet","Lila"
"violet_2","It is violet.","Ito ay violet."
"violet_3","My favorite color is violet.","Ang aking paboritong kulay ay kulay-lila."
"violet_4","Can you give me violet paint?","Maaari mo bang bigyan ako ng pintura ng violet?"
"turquoise","Turquoise","Turkesa"
"turquoise_2","It is turquoise.","Ito ay turkesa."
"turquoise_3","My favorite color is turquoise.","Ang aking paboritong kulay ay turkesa."
"turquoise_4","Can you give me turquoise paint?","Maaari mo bang bigyan ako ng pintura ng turkesa?"
"lime","Lime","Lime"
"lime_2","It is lime.","Ito ay dayap."
"lime_3","My favorite color is lime.","Ang paborito kong kulay ay dayap."
"lime_4","Can you give me lime paint?","Maaari mo bang bigyan ako ng pintura ng dayap?"
"plum","Plum","Plum"
"plum_2","It is plum.","Ito ay plum."
"plum_3","My favorite color is plum.","Ang aking paboritong kulay ay plum."
"plum_4","Can you give me plum paint?","Maaari mo bang bigyan ako ng plum pintura?"
"tan","Tan","kulay-balat"
"tan_2","It is tan color.","Ito ay kulay tan."
"tan_3","My favorite color is tan color.","Ang paborito kong kulay ay kulay tan."
"tan_4","Can you give me tan color paint?","Maaari mo bang bigyan ako ng kulay ng kulay ng tan?"
"avocado","Avocado","Avocado"
"avocado_2","It is avocado color.","Ito ay kulay abukado."
"avocado_3","My favorite color is avocado color.","Ang aking paboritong kulay ay kulay abukado."
"avocado_4","Can you give me avocado color paint?","Maaari mo bang bigyan ako ng pintura ng kulay ng abukado?"
"barbie-pink","Barbie pink","Rosas na rosas"
"barbie-pink_2","It is barbie pink color.","Ito ay kulay barbie pink."
"barbie-pink_3","My favorite color is barbie pink.","Ang aking paboritong kulay ay barbie pink."
"barbie-pink_4","Can you give me barbie pink paint?","Maaari mo bang bigyan ako ng barbie pink na pintura?"
"blizzard-blue","Blizzard blue","Asul na blizzard"
"blizzard-blue_2","It is blizzard blue color.","Ito ay kulay rosas na kulay asul."
"blizzard-blue_3","My favorite color is blizzard blue color.","Ang aking paboritong kulay ay kulay rosas na kulay asul na kulay."
"blizzard-blue_4","Can you give me blizzard blue paint?","Maaari mo bang bigyan ako ng blizzard asul na pintura?"
"conversation","Conversation","Pag-uusap"
"me","Me","Ako"
"me_2","My name is {name}","Ang pangalan ko ay"
"me_3","I'm {name}","Ako ay pangalan"
"me_4","Do you know my name?","Alam mo ba ang pangalan ko?"
"me_5","What is your name?","Ano ang pangalan mo?"
"me_6","Nice to meet you!","Nice to meet you!"
"me_7","Do you like me?","Gusto mo ba ako?"
"me_8","Can we be friends?","Maaari ba tayong maging magkaibigan?"
"me_9","I'm using assistive communication app.","Gumagamit ako ng helpive na app ng komunikasyon."
"me_10","Who are you?","Sino ka?"
"hello","Hello","Kamusta"
"hello_2","Hello.","Kamusta."
"hello_3","Hi.","Kumusta"
"hello_4","Greetings.","Pagbati."
"hello_5","How are you?","Kumusta ka?"
"hello_6","Nice to meet you!","Nice to meet you!"
"help","Help","Tulong"
"help_2","Help me.","Tulungan mo ako."
"help_3","Can you help me?","Maaari mo ba akong tulungan?"
"help_4","I need help","kailangan ko ng tulong"
"help_5","Do you need help?","Kailangan mo ba ng tulong?"
"yes","Yes","Oo"
"yes_2","Yes.","Oo."
"yes_3","Yes please.","Oo pakiusap."
"yes_4","Alright.","Sige."
"yes_5","Agreed.","Sumang-ayon."
"yes_6","I want to.","Gusto ko."
"yes_7","I would like to.","Gusto kong."
"no","No","Hindi"
"no_2","No.","Hindi."
"no_3","Nope.","Nope."
"no_4","Never.","Huwag kailanman."
"no_5","I don't want to.","Ayaw ko."
"no_6","I don't like it.","Ayaw ko ito."
"no_7","You don't like it?","Hindi mo gusto ito?"
"no_8","Why you don't like it?","Bakit hindi mo gusto ito?"
"toilet","Toilet","Bata"
"toilet_2","I need to go to the toilet.","Kailangan kong pumunta sa banyo."
"toilet_3","I need to pee.","Kailangan kong umihi."
"toilet_4","I need to poop.","Kailangan kong mag-poop."
"toilet_5","Can you help me go to the toilet?","Maaari mo bang tulungan akong pumunta sa banyo?"
"toilet_6","Can you help me clean?","Maaari mo bang tulungan akong malinis?"
"toilet_7","I peed myself.","Sinilip ko ang sarili ko."
"toilet_8","I pooped myself.","Ako pooped ang aking sarili."
"what","What","Ano"
"what_2","What is that?","Ano yan?"
"what_3","What does it mean?","Ano ang ibig sabihin nito?"
"what_4","What do you mean?","Anong ibig mong sabihin?"
"what_5","Can you explain it?","Maaari mo bang ipaliwanag ito?"
"what_6","Can you repeat what you said?","Maaari mo bang ulitin ang sinabi mo?"
"what_7","I don't understand.","Hindi ko maintindihan"
"sleep","Sleep","Matulog"
"sleep_2","I want to sleep.","Gusto kong matulog."
"sleep_3","I don't want to sleep.","Ayokong matulog."
"sleep_4","I'm tired.","Pagod na ako."
"sleep_5","Are you tired?","Pagod ka ba?"
"sleep_6","When am I going to sleep?","Kailan ako matutulog?"
"sleep_7","I want to take a nap.","Gusto kong matulog."
"bath","Bath","Maligo"
"bath_2","I want to take a bath.","Gusto ko maligo."
"bath_3","I like taking a bath.","Gusto ko maligo."
"bath_4","I want to wash my hands.","Gusto kong maghugas ng kamay."
"bath_5","I want to take a shower.","Gusto kong maligo."
"bath_6","I want to clean myself.","Gusto kong linisin ang aking sarili."
"bath_7","Can you help me take a bath?","Matutulungan mo ba akong maligo?"
"bath_8","I don't want to take a bath.","Ayokong maligo."
"listen","Listen","Makinig"
"listen_2","Listen to me.","Makinig ka sa akin."
"listen_3","Can you listen to me?","Maaari mo akong pakinggan?"
"listen_4","Listen to music.","Makinig sa musika."
"listen_5","Listening to my parents.","Pakikinig sa aking mga magulang."
"listen_6","Listen to what my application is saying!","Makinig sa kung ano ang sinasabi ng aking application!"
"morning","Morning","Umaga"
"morning_2","Good morning.","Magandang umaga."
"morning_3","I like mornings.","Gusto ko ng umaga."
"morning_4","In the morning.","Sa umaga."
"morning_5","Morning time.","Oras ng umaga."
"morning_6","Is it morning?","Umaga ba?"
"night","Night","Gabi"
"night_2","Good night!","Magandang gabi!"
"night_3","I like nights.","Gusto ko ng gabi."
"night_4","At night.","Sa gabi."
"night_5","Night time.","Oras ng gabi."
"night_6","Is it night?","Gabi na ba?"
"look","Look","Tumingin"
"look_2","Look at me.","Tingnan mo ako."
"look_3","Look at this.","Tignan mo to."
"look_4","Are you looking?","Naghahanap ka ba?"
"look_5","Look at my drawing.","Tingnan mo ang pagguhit ko."
"look_6","How do I look?","Ano ang itsura ko?"
"look_7","Look what I did.","Tingnan kung ano ang ginawa ko."
"look_8","Let's look at that.","Tingnan natin iyan."
"speak","Speak","Magsalita"
"speak_2","I'm learning how to speak.","Natututo akong magsalita."
"speak_3","I want to speak.","Gusto kong magsalita."
"speak_4","Can I speak with you?","Maaari ba kitang makausap?"
"speak_5","I like speaking.","Gusto kong magsalita."
"speak_6","I'm using assistive communication app.","Gumagamit ako ng helpive na app ng komunikasyon."
"play","Play","Maglaro"
"play_2","I love playing.","Mahilig akong maglaro."
"play_3","Can you play with me?","Maaari kang makipaglaro sa akin?"
"play_4","I want to play with you!","Gusto kong makipaglaro sayo!"
"play_5","I want to play with my friends.","Gusto kong makipaglaro sa aking mga kaibigan."
"play_6","I don't want to play with you.","Ayokong makipaglaro sayo."
"outside","Outside","Sa labas"
"outside_2","I love going outside.","Mahilig akong lumabas sa labas."
"outside_3","I want to go outside.","Gusto kong lumabas sa labas."
"outside_4","Is it cold outside?","Malamig ba sa labas?"
"outside_5","I don't like outside.","Hindi ko gusto sa labas."
"outside_6","Can I go outside?","Maaari ba akong pumunta sa labas?"
"home","Home","Bahay"
"home_2","I love my home.","Mahal ko ang bahay ko."
"home_3","I want to go home.","Gusto ko nang umuwi."
"home_4","Where is your home?","Saan ang bahay mo?"
"home_5","Home sweet home.","Home sweet home."
"home_6","I'm in the house.","Ako ay nasa bahay."
"home_7","I'm not in the house.","Wala ako sa bahay."
"hurt","Hurt","Sakit"
"hurt_2","I'm hurt.","Nasasaktan ako."
"hurt_3","Are you hurt?","Nasaktan ka ba?"
"hurt_4","Did I hurt you?","Nasaktan ba kita?"
"hurt_5","I didn't mean to hurt you!","Hindi ko ibig sabihin na saktan ka!"
"hurt_6","Is it going to hurt?","Masasaktan ba ito?"
"hurt_7","I have a headache.","Masakit ang ulo ko."
"hurt_8","I have a stomach ache.","Masakit ang tiyan ko."
"hurt_9","My genitals hurt.","Masakit ang aking maselang bahagi ng katawan."
"hurt_10","My foot hurts.","Masakit ang aking paa."
"feelings","Feelings","Mga Damdamin"
"happy","Happy","Masaya"
"happy_2","I'm happy.","Masaya ako."
"happy_3","I feel happy.","Masaya ako."
"happy_4","Do you feel happy?","Masaya ka ba?"
"happy_5","I want to feel happy.","Gusto kong makaramdam ng kasiyahan."
"happy_6","You are making me happy.","Pinapasaya mo ako."
"sad","Sad","Malungkot"
"sad_2","I'm sad.","Malungkot ako."
"sad_3","I feel sad.","Nakaramdam ako ng lungkot."
"sad_4","Do you feel sad?","Nalulungkot ka ba?"
"sad_5","I don't want to feel sad.","Ayokong makaramdam ng lungkot."
"sad_6","You are making me sad.","Ginagawa mo akong malungkot."
"exhausted","Exhausted","Napapaso"
"exhausted_2","I'm exhausted.","Pagod na ako."
"exhausted_3","I feel exhausted.","Nakakapagod na ako."
"exhausted_4","Do you feel exhausted?","Nakakapagod ka ba?"
"exhausted_5","I don't want to be exhausted.","Ayaw kong pagod."
"relaxed","Relaxed","Nakakarelaks"
"relaxed_2","I'm relaxed.","Ako ay payapa."
"relaxed_3","I feel relaxed.","Nakakarelax ako."
"relaxed_4","Do you feel relaxed?","Nagpapahinga ka ba?"
"relaxed_5","I want to feel relaxed.","Gusto kong makaramdam ng lundo."
"in-love","In love","Umiibig"
"in-love_2","I'm in love.","In love ako."
"in-love_3","I feel in love.","Umiibig ako."
"in-love_4","Are you in love?","Umiibig ka ba?"
"in-love_5","I want to fall in love.","Nais kong umibig."
"in-love_6","Do you love me?","Mahal mo ba ako?"
"stressed","Stressed","Na-stress"
"stressed_2","I'm stressed.","Nai-stress ako."
"stressed_3","I feel stressed.","Nakaramdam ako ng stress."
"stressed_4","Do you feel stressed?","Pakiramdam mo ba ay nai-stress?"
"stressed_5","I don't want to feel stressed.","Ayokong makaramdam ng pagkabalisa."
"thankful","Thankful","Mapagpasalamat"
"thankful_2","I'm thankful.","Nagpapasalamat ako."
"thankful_3","I feel thankful.","Pakiramdam ko ay nagpapasalamat ako."
"thankful_4","Do you feel thankful?","Nagpapasalamat ka ba?"
"thankful_5","I want to feel thankful.","Gusto kong makaramdam ng pasasalamat."
"confused","Confused","Nalilito"
"confused_2","I'm confused.","Nalilito ako."
"confused_3","I feel confused.","Para akong naguguluhan."
"confused_4","Do you feel confused?","Pakiramdam mo ay nalilito ka?"
"confused_5","You are confusing me.","Nalilito mo ako."
"joyful","Joyful","Masaya"
"joyful_2","I'm joyful.","Masaya ako."
"joyful_3","I feel joyful.","Nakakatuwa ang pakiramdam ko."
"joyful_4","Do you feel joyful?","Masaya ba ang pakiramdam mo?"
"joyful_5","I want to feel joyful.","Gusto kong makaramdam ng kasiyahan."
"angry","Angry","Galit"
"angry_2","I'm angry.","Galit ako."
"angry_3","I feel angry.","Nagagalit ako."
"angry_4","Do you feel angry?","Galit ka ba?"
"angry_5","I'm angry at you.","Galit ako sayo."
"angry_6","You are making me angry.","Ginagalit mo ako."
"smart","Smart","Matalino"
"smart_2","I'm smart.","Matalino ako."
"smart_3","I feel smart.","Pakiramdam ko ay matalino."
"smart_4","Do you feel smart?","Masarap ba ang pakiramdam mo?"
"smart_5","Am I smart?","Matalino ba ako?"
"smart_6","You are smart!","Ikaw ay matalino!"
"afraid","Afraid","Takot"
"afraid_2","I'm afraid.","Takot ako."
"afraid_3","I feel afraid.","Ramdam ko ang takot."
"afraid_4","Do you feel afraid?","Ramdam mo ba ang takot?"
"afraid_5","I don't want to feel afraid.","Ayokong makaramdam ng takot."
"afraid_6","You are scaring me.","Tinatakot mo ako."
"ashamed","Ashamed","Nahihiya"
"ashamed_2","I'm ashamed.","Ako ay nahihiya."
"ashamed_3","I feel ashamed.","Nahihiya ako."
"ashamed_4","Do you feel ashamed?","Nahihiya ka ba?"
"ashamed_5","I don't want to feel ashamed.","Ayokong makaramdam ng hiya."
"shocked","Shocked","Nagulat"
"shocked_2","I'm shocked.","Nagulat ako."
"shocked_3","I feel shocked.","Nakaramdam ako ng pagkabigla."
"shocked_4","Do you feel shocked?","Nakakagulat ka ba?"
"shocked_5","You shocked me.","Nabigla mo ako."
"sick","Sick","May sakit"
"sick_2","I'm sick.","May sakit ako."
"sick_3","I feel sick.","May sakit ako."
"sick_4","Do you feel sick?","May sakit ka ba?"
"sick_5","I don't want to be sick.","Ayokong magkasakit."
"sick_6","I'm sick of the food.","May sakit ako sa pagkain."
"frustrated","Frustrated","Galit"
"frustrated_2","I'm frustrated.","Nabigo ako."
"frustrated_3","I feel frustrated.","Nakaramdam ako ng pagkabigo."
"frustrated_4","Do you feel frustrated?","Nakaramdam ka ba ng pagkabigo?"
"frustrated_5","I don't want to feel frustrated.","Ayokong makaramdam ng pagkabigo."
"excited","Excited","Nakakatuwa"
"excited_2","I'm excited.","Excited ako."
"excited_3","I feel excited.","Pakiramdam ko ay nasasabik ako."
"excited_4","Do you feel excited?","Nagpaparamdam ka ba?"
"excited_5","I don't want to feel excited.","Ayokong makaramdam ako ng excited."
"nauseated","Nauseated","Nakabuga"
"nauseated_2","I'm nauseated.","Nasusuka ako."
"nauseated_3","I feel nauseated.","Naiinis ako."
"nauseated_4","Do you feel nauseated?","Nakaramdam ka ba ng pagkahilo?"
"nauseated_5","I don't want to feel nauseated.","Ayokong makaramdam ng pagduduwal."
"agitated","Agitated","Nakakainis"
"agitated_2","I'm agitated.","Naiinis ako."
"agitated_3","I feel agitated.","Nakaramdam ako ng gulo."
"agitated_4","Do you feel agitated?","Nahihirapan ka ba?"
"agitated_5","I don't want to feel agitated.","Ayokong makaramdam ng gulo."
"food","Food","Pagkain"
"hungry","Hungry","Gutom"
"hungry_2","I'm hungry.","Gutom na ako."
"hungry_3","Are you hungry?","Nagugutom ka ba?"
"hungry_4","Can you make me food?","Maaari mo ba akong gawing pagkain?"
"hungry_5","What is for dinner?","Ano ang para sa hapunan?"
"thirsty","Thirsty","Nauhaw"
"thirsty_2","I'm thirsty.","Uhaw ako."
"thirsty_3","Can I have some water?","Maaari ba akong magkaroon ng tubig?"
"thirsty_4","Can I have a glass of water?","Maaari ba akong magkaroon ng isang basong tubig?"
"thirsty_5","I want something to drink.","Gusto kong uminom."
"cutlery","Cutlery","Cutlery"
"cutlery_2","I need cutlery.","Kailangan ko ng kubyertos."
"cutlery_3","Help me use cutlery.","Tulungan mo akong gumamit ng cutlery."
"cutlery_4","I need a fork.","Kailangan ko ng tinidor."
"cutlery_5","I need a spoon.","Kailangan ko ng kutsara."
"cutlery_6","I need chopsticks.","Kailangan ko ng mga chopstick."
"cutlery_7","I need a knife.","Kailangan ko ng kutsilyo."
"cutlery_8","I need a napkin.","Kailangan ko ng isang napkin."
"apple","Apple","Apple"
"apple_2","I like apple.","Gusto ko ng mansanas."
"apple_3","I don't like apple.","Hindi ko gusto ang mansanas."
"apple_4","I want to eat an apple.","Gusto kong kumain ng mansanas."
"carrot","Carrot","Karot"
"carrot_2","I like carrot.","Gusto ko ng karot."
"carrot_3","I don't like carrot.","Hindi ko gusto ang karot."
"carrot_4","I want to eat a carrot.","Gusto kong kumain ng isang karot."
"beans","Beans","Mga Beans"
"beans_2","I like beans.","Gusto ko ng beans."
"beans_3","I don't like beans.","Ayaw ko ng beans."
"beans_4","I want to eat beans.","Gusto kong kumain ng beans."
"chicken_5","I want fried chicken.","Gusto ko ng fried chicken."
"chicken_6","I want boiled chicken.","Gusto ko ng pinakuluang manok."
"chocolate","Chocolate","Tsokolate"
"chocolate_2","I like chocolate.","Gusto ko ng tsokolate."
"chocolate_3","I don't like chocolate.","Hindi ko gusto ang tsokolate."
"chocolate_4","I want to eat chocolate.","Gusto kong kumain ng tsokolate."
"chocolate_5","I want dark chocolate.","Gusto ko ng madilim na tsokolate."
"chocolate_6","I want white chocolate.","Gusto ko ng puting tsokolate."
"milk","Milk","Gatas"
"milk_2","I like milk.","Gusto ko ng gatas."
"milk_3","I don't like milk.","Hindi ko gusto ang gatas."
"milk_4","I want to drink milk.","Gusto kong uminom ng gatas."
"milk_5","Can I have a glass of milk?","Maaari ba akong magkaroon ng isang baso ng gatas?"
"sandwich","Sandwich","Sandwich"
"sandwich_2","I like sandwich.","Gusto ko ng sandwich."
"sandwich_3","I don't like sandwich.","Ayaw ko ng sandwich."
"sandwich_4","I want to eat a sandwich.","Gusto kong kumain ng sandwich."
"sandwich_5","Can you make me a sandwich?","Maaari mo ba akong gawing sandwich?"
"steak","Steak","Steak"
"steak_2","I like steak.","Gusto ko ng steak."
"steak_3","I don't like steak.","Hindi ko gusto ang steak."
"steak_4","I want to eat steak.","Gusto kong kumain ng steak."
"steak_5","Can you cook steak for me?","Maaari kang magluto ng steak para sa akin?"
"banana","Banana","Saging"
"banana_2","I like banana.","Gusto ko ng saging."
"banana_3","I don't like banana.","Hindi ko gusto ang saging."
"banana_4","I want to eat a banana.","Gusto kong kumain ng saging."
"pie","Pie","Pie"
"pie_2","I like pie.","Gusto ko ng pie."
"pie_3","I don't like pie.","Hindi ko gusto ang pie."
"pie_4","I want to eat pie.","Gusto kong kumain ng pie."
"pie_5","Can you bake a pie for me?","Maaari ka bang maghurno ng pie para sa akin?"
"egg","Egg","Itlog"
"egg_2","I like egg.","Gusto ko ng itlog."
"egg_3","I don't like egg.","Ayaw ko ng itlog."
"egg_4","I want to eat egg.","Gusto kong kumain ng itlog."
"egg_5","I want fried eggs.","Gusto ko ng mga piniritong itlog."
"egg_6","I want boiled eggs.","Gusto ko ng mga pinakuluang itlog."
"noodles","Noodles","Mga bihon"
"noodles_2","I like noodles.","Gusto ko ng pansit."
"noodles_3","I don't like noodles.","Hindi ko gusto ang mga pansit."
"noodles_4","I want to eat noodles.","Gusto kong kumain ng pansit."
"noodles_5","Can you cook noodles for me?","Maaari kang magluto ng pansit para sa akin?"
"salt","Salt","Asin"
"salt_2","I want salt.","Gusto ko ng asin."
"salt_3","Can you pass me the salt?","Maaari mo bang ipasa sa akin ang asin?"
"salt_4","Food is too salty.","Maalat ang pagkain."
"salt_5","My food needs some salt.","Ang aking pagkain ay nangangailangan ng kaunting asin."
"spices","Spices","Mga pampalasa"
"spices_2","I like spicy food.","Gusto ko ng maanghang na pagkain."
"spices_3","I don't like spicy food.","Hindi ko gusto ang maanghang na pagkain."
"spices_4","I want paprika.","Gusto ko ng paprika."
"spices_5","I want black pepper.","Gusto ko ng black pepper."
"pizza","Pizza","Pizza"
"pizza_2","I like pizza.","Gusto ko ng pizza."
"pizza_3","I don't like pizza.","Ayaw ko ng pizza."
"pizza_4","I want to eat pizza.","Gusto kong kumain ng pizza."
"pizza_5","Can you cook pizza for me?","Maaari kang magluto ng pizza para sa akin?"
"pizza_6","Can we order pizza?","Maaari ba tayong mag-order ng pizza?"
"cheese","Cheese","Keso"
"cheese_2","I like cheese.","Gusto ko ang keso."
"cheese_3","I don't like cheese.","Hindi ko gusto ang keso."
"cheese_4","I want to eat cheese.","Gusto kong kumain ng keso."
"ice-cream","Ice cream","Sorbetes"
"ice-cream_2","I like ice cream.","Gusto ko ng ice cream."
"ice-cream_3","I don't like ice cream.","Hindi ko gusto ang sorbetes."
"ice-cream_4","I want to eat ice cream.","Gusto kong kumain ng sorbetes."
"ice-cream_5","Can you buy ice cream for me?","Maaari kang bumili ng sorbetes para sa akin?"
"tea","Tea","Tsaa"
"tea_2","I like tea.","Gusto ko nang tsaa."
"tea_3","I don't like tea.","Ayaw ko ng tsaa."
"tea_4","I want to drink tea.","Gusto kong uminom ng tsaa."
"tea_5","Can you make tea for me?","Maaari kang gumawa ng tsaa para sa akin?"
"coffee","Coffee","Kape"
"coffee_2","I like coffee.","Gusto ko ng kape."
"coffee_3","I don't like coffee.","Ayaw ko ng kape."
"coffee_4","I want to drink coffee.","Gusto kong uminom ng kape."
"coffee_5","Can you make coffee for me?","Maaari kang gumawa ng kape para sa akin?"
"tomato","Tomato","Tomato"
"tomato_2","I like tomato.","Gusto ko ng kamatis."
"tomato_3","I don't like tomato.","Hindi ko gusto ang kamatis."
"tomato_4","I want to eat tomato.","Gusto kong kumain ng kamatis."
"cereal","Cereal","Sereal"
"cereal_2","I like cereal.","Gusto ko ng cereal."
"cereal_3","I don't like cereal.","Hindi ko gusto ang cereal."
"cereal_4","I want to eat cereal.","Gusto kong kumain ng cereal."
"cereal_5","Can you make my cereal?","Maaari mong gawin ang aking cereal?"
"burger","Burger","Burger"
"burger_2","I like burger.","Gusto ko ng burger."
"burger_3","I don't like burger.","Ayaw ko ng burger."
"burger_4","I want to eat burger.","Gusto kong kumain ng burger."
"burger_5","Can you cook burger for me?","Maaari kang magluto ng burger para sa akin?"
"burger_6","Can we order burger?","Maaari ba tayong mag-order ng burger?"
"french-fries","French fries","French fries"
"french-fries_2","I like french fries.","Gusto ko ng french fries."
"french-fries_3","I don't like french fries.","Hindi ko gusto ang mga french fries."
"french-fries_4","I want to eat french fries.","Gusto kong kumain ng pranses na fries."
"french-fries_5","Can you cook french fries for me?","Maaari kang magluto ng french fries para sa akin?"
"french-fries_6","Can we order french fries?","Maaari ba tayong mag-order ng french fries?"
"spinach","Spinach","Spinach"
"spinach_2","I like spinach.","Gusto ko ng spinach."
"spinach_3","I don't like spinach.","Hindi ko gusto ang spinach."
"spinach_4","I want to eat spinach.","Gusto kong kumain ng spinach."
"rice","Rice","Rice"
"rice_2","I like rice.","Mahilig ako sa kanin."
"rice_3","I don't like rice.","Hindi ko gusto ang bigas."
"rice_4","I want to eat rice.","Gusto kong kumain ng kanin."
"rice_5","Can you cook rice for me?","Maaari kang magluto ng bigas para sa akin?"
"bread","Bread","Tinapay"
"bread_2","I like bread.","Gusto ko ng tinapay."
"bread_3","I don't like bread.","Hindi ko gusto ang tinapay."
"bread_4","I want to eat bread.","Gusto kong kumain ng tinapay."
"bread_5","Can you buy some bread?","Maaari kang bumili ng ilang tinapay?"
"pasta","Pasta","Pasta"
"pasta_2","I like pasta.","Gusto ko ng pasta."
"pasta_3","I don't like pasta.","Hindi ko gusto ang pasta."
"pasta_4","I want to eat pasta.","Gusto kong kumain ng pasta."
"pasta_5","Can you cook pasta for me?","Maaari kang magluto ng pasta para sa akin?"
"sauce","Sauce","Sarsa"
"sauce_2","I like sauce.","Gusto ko ng sarsa."
"sauce_3","I don't like sauce.","Hindi ko gusto ang sarsa."
"sauce_4","I want some sauce.","Gusto ko ng sarsa."
"sauce_5","Can I have ketchup?","Maaari ba akong magkaroon ng ketchup?"
"sauce_6","Can I have mayonnaise?","Maaari ba akong magkaroon ng mayonesa?"
"sauce_7","Can I have mustard?","Maaari ba akong magkaroon ng mustasa?"
"sauce_8","Can I have ranch sauce?","Maaari ba akong magkaroon ng sarsa?"
"kebab","Kebab","Kebab"
"kebab_2","I like kebab.","Gusto ko ng kebab."
"kebab_3","I don't like kebab.","Hindi ko gusto ang kebab."
"kebab_4","I want to eat kebab.","Gusto kong kumain ng kebab."
"kebab_5","Can you cook kebab for me?","Maaari kang magluto ng kebab para sa akin?"
"kebab_6","Can we order kebab?","Maaari ba tayong mag-order ng kebab?"
"numbers","Numbers","Numero"
"one","One","Isa"
"one_2","One comes before two.","May darating bago dalawa."
"one_3","One comes after zero.","Ang isa ay darating pagkatapos ng zero."
"one_4","I want one.","Gusto ko ng isa."
"two","Two","Dalawa"
"two_2","Two comes before three.","Dalawa ang dumating bago tatlo."
"two_3","Two comes after one.","Dalawa ang dumating pagkatapos ng isa."
"two_4","I want two.","Gusto ko dalawa."
"three","Three","Tatlo"
"three_2","Three comes before four.","Ang tatlo ay bago ang apat."
"three_3","Three comes after two.","Dumating ang tatlo pagkatapos ng dalawa."
"three_4","I want three.","Gusto ko tatlo."
"four","Four","Apat"
"four_2","Four comes before five.","Apat ang dumating bago ang lima."
"four_3","Four comes after three.","Apat ang dumating pagkatapos ng tatlo."
"four_4","I want four.","Gusto ko ng apat."
"five","Five","Limang"
"five_2","Five comes before six.","Limang dumating bago anim."
"five_3","Five comes after four.","Limang dumating pagkatapos ng apat."
"five_4","I want five.","Gusto ko ng lima."
"six","Six","Anim"
"six_2","Six comes before seven.","Anim ay bago ang pitong."
"six_3","Six comes after five.","Anim ang dumating pagkatapos ng lima."
"six_4","I want fix.","Gusto kong ayusin."
"seven","Seven","Pito"
"seven_2","Seven comes before eight.","Dumating ang pitong bago ang walong."
"seven_3","Seven comes after six.","Pitong darating pagkatapos ng anim."
"seven_4","I want seven.","Gusto ko ng pito."
"eight","Eight","Walo"
"eight_2","Eight comes before nine.","Walong darating bago siyam."
"eight_3","Eight comes after seven.","Walong darating pagkatapos ng pito."
"eight_4","I want eight.","Gusto ko ng walo."
"nine","Nine","Siyam"
"nine_2","Nine comes before ten.","Siyam ang dumating bago sampu."
"nine_3","Nine comes after eight.","Siyam ang dumating pagkatapos ng walong."
"nine_4","I want nine.","Gusto ko ng siyam."
"ten","Ten","Sampu"
"ten_2","Ten comes before eleven.","Sampu ang dumating bago labing isa."
"ten_3","Ten comes after nine.","Sampu ang dumating pagkatapos ng siyam."
"ten_4","I want ten.","Gusto ko ng sampu."
"eleven","Eleven","Eleven"
"eleven_2","Eleven comes before thirteen.","Ang labing-isa ay dumating bago labintatlo."
"eleven_3","Eleven comes after ten.","Dumating ang labing-isa pagkatapos ng sampu."
"eleven_4","I want eleven.","Gusto ko ng labing isa."
"twenty","Twenty","Dalawampu"
"twenty_2","I can count up to twenty.","Maaari akong mabilang hanggang dalawampu."
"thirty","Thirty","Tatlumpung"
"thirty_2","I can count up to thirty.","Maaari akong mabilang hanggang tatlumpu."
"forty","Forty","Apatnapu"
"forty_2","I can count up to forty.","Maaari akong mabilang hanggang sa apatnapu."
"fifty","Fifty","Limampu"
"fifty_2","I can count up to fifty.","Maaari akong magbilang ng hanggang limampung."
"hundred","Hundred","Daan"
"hundred_2","I can count up to hundred.","Maaari akong mabilang hanggang sa daan."
"thousand","Thousand","Libo"
"thousand_2","I can count up to thousand.","Maaari akong magbilang ng hanggang libo."
"calculator","Calculator","Calculator"
"calculator_2","I want to use a calculator.","Gusto kong gumamit ng calculator."
"calculator_3","Can you teach me how to use a calculator?","Maaari mo bang turuan kung paano gumamit ng calculator?"
"calculator_4","Can I barrow your calculator?","Maaari ko bang hadlangan ang iyong calculator?"
"people","People","Mga Tao"
"mother","Mother","Ina"
"mother_2","Mommy!","Mommy!"
"mother_3","I love my mother.","Mahal ko ang aking ina."
"mother_4","I love you mom.","Mahal kita inay."
"mother_5","I miss my mom.","Namimiss ko si mama."
"mother_6","Thank you for taking care of me.","Salamat sa pag-aalaga sa akin."
"mother_7","She is my mom.","Siya ang nanay ko."
"mother_8","Can you help me find my mother?","Maaari mo bang tulungan akong mahanap ang aking ina?"
"father","Father","Ama"
"father_2","Daddy!","Tatay!"
"father_3","I love my father.","Mahal ko ang aking ama."
"father_4","I love you dad.","Mahal kita tatay."
"father_5","I miss my dad.","Nangungulila ako sa tatay ko."
"father_6","Thank you for taking care of me.","Salamat sa pag-aalaga sa akin."
"father_7","He is my dad.","Siya ang tatay ko."
"father_8","Can you help me find my father?","Maaari mo bang tulungan akong mahanap ang aking ama?"
"parents","Parents","Mga magulang"
"parents_2","I love my parents.","Mahal ko ang aking mga magulang."
"parents_3","I love my parents.","Mahal ko ang aking mga magulang."
"parents_4","I miss my parents.","Namimiss ko ang aking mga magulang."
"parents_5","They are my parents.","Sila ang aking mga magulang."
"parents_6","My parents are taking care of me.","Inaalagaan ako ng aking mga magulang."
"parents_8","Can you help me find my parents?","Maaari mo bang tulungan akong mahahanap ang aking mga magulang?"
"grandparents","Grandparents","Mga lolo at lola"
"grandparents_2","I love my grandparents.","Mahal ko ang aking mga lola."
"grandparents_3","I love you grandparents.","Mahal kita lola."
"grandparents_4","I miss my grandparents.","Namiss ko ang aking mga lola."
"grandparents_5","They are my grandparents.","Sila ang aking mga lola."
"grandparents_6","My grandparents are taking care of me.","Inaalagaan ako ng aking mga lola."
"grandparents_8","Can you help me find my grandparents?","Maaari mo bang tulungan akong mahanap ang aking mga lola?"
"brother","Brother","Kapatid"
"brother_2","I love my brother.","Mahal ko ang kapatid ko."
"brother_3","I love you brother.","Mahal kita kuya."
"brother_4","I miss my brother.","Namiss ko ang kapatid ko."
"brother_5","He is my brother.","Sya ang aking kapatid na lalaki."
"brother_6","My brother is taking care of me.","Inaalagaan ako ng aking kapatid."
"brother_8","Can you help me find my brother?","Maaari mo bang tulungan akong mahanap ang aking kapatid?"
"sister","Sister","Kapatid na babae"
"sister_2","I love my sister.","Mahal ko ang aking kapatid."
"sister_3","I love you sister.","Mahal kita kapatid."
"sister_4","I miss my sister.","Namimiss ko ang aking kapatid."
"sister_5","She is my sister.","Siya ang aking kapatid na babae."
"sister_6","My sister is taking care of me.","Inaalagaan ako ng kapatid ko."
"sister_8","Can you help me find my sister?","Maaari mo bang tulungan akong mahanap ang aking kapatid na babae?"
"uncle","Uncle","Tiyuhin"
"uncle_2","I love my uncle.","Mahal ko ang tiyuhin ko."
"uncle_3","I love you uncle.","Mahal kita tiyo."
"uncle_4","I miss my uncle.","Namiss ko ang tiyuhin ko."
"uncle_5","He is my uncle.","Siya ang aking tiyuhin."
"uncle_8","Can you help me find my uncle?","Maaari mo bang tulungan akong mahanap ang aking tiyuhin?"
"aunt","Aunt","Tiya"
"aunt_2","I love my aunt.","Mahal ko ang tiyahin ko."
"aunt_3","I love you aunt.","Mahal kita tita."
"aunt_4","I miss my aunt.","Namiss ko ang tiyahin ko."
"aunt_5","She is my aunt.","Siya ang aking tiyahin."
"aunt_8","Can you help me find my aunt?","Maaari mo bang tulungan akong mahanap ang aking tiyahin?"
"teacher","Teacher","Guro"
"teacher_2","I love my teacher.","Mahal ko ang aking guro."
"teacher_3","I love you teacher.","Mahal kita guro."
"teacher_4","I don't like my teacher.","Hindi ko gusto ang aking guro."
"teacher_5","I miss my teacher.","Namimiss ko ang aking guro."
"teacher_6","Thank you for the lesson.","Salamat sa aralin."
"therapist","Therapist","Therapist"
"therapist_2","I love my therapist.","Mahal ko ang aking therapist."
"therapist_3","I love you therapist.","Mahal kita therapist."
"therapist_4","I don't like my therapist.","Hindi ko gusto ang aking therapist."
"therapist_5","I miss my therapist.","Namimiss ko ang aking therapist."
"therapist_6","Thank you for the session.","Salamat sa session."
"doctor","Doctor","Doktor"
"doctor_2","I love my doctor.","Mahal ko ang aking doktor."
"doctor_3","I love you doctor.","Mahal kita doktor."
"doctor_4","I don't like my doctor.","Hindi ko gusto ang aking doktor."
"doctor_5","I miss my doctor.","Namimiss ko ang aking doktor."
"doctor_6","Thank you for healing me.","Salamat sa pagagaling mo sa akin."
"friends","Friends","Mga Kaibigan"
"friends_2","I love my friends.","Mahal ko ang aking mga kaibigan."
"friends_3","Do you want to be my friend?","Gusto mo bang maging kaibigan ko?"
"friends_4","I don't like my friends.","Hindi ko gusto ang aking mga kaibigan."
"friends_5","I miss my friends.","Namimiss ko ang aking mga kaibigan."
"friends_6","They are my friends.","Kaibigan ko sila."
"friends_7","Thank you for playing with me.","Salamat sa paglalaro mo sa akin."
"cousins","Cousins","Mga cousins"
"cousins_2","I love my cousins.","Mahal ko ang mga pinsan ko."
"cousins_3","I don't have cousins.","Wala akong mga pinsan."
"cousins_4","I miss my cousins.","Namimiss ko ang mga pinsan ko."
"cousins_5","They are my cousins.","Mga pinsan ko sila."
"grandmother","Grandmother","Lola"
"grandmother_2","I love my grandmother.","Mahal ko ang lola ko."
"grandmother_3","I love you grandma.","Mahal kita lola."
"grandmother_4","I miss my grandma.","Namiss ko ang lola ko."
"grandmother_5","She is my grandma.","Siya ang aking lola."
"grandfather","Grandfather","Lolo"
"grandfather_2","I love my grandfather.","Mahal ko ang lolo ko."
"grandfather_3","I love you grandpa.","Mahal kita lolo."
"grandfather_4","I miss my grandpa.","Namiss ko ang aking lolo."
"grandfather_5","He is my grandpa.","Siya ang aking lolo."
"stepfather","Stepfather","Si tatay"
"stepfather_2","I love my stepfather.","Mahal ko ang aking ama."
"stepfather_3","He is my stepfather.","Siya ang aking ama."
"stepfather_4","I miss my stepfather.","Namiss ko ang aking ama."
"stepfather_5","He is my stepfather.","Siya ang aking ama."
"stepmother","Stepmother","Ina"
"stepmother_2","I love my stepmother.","Mahal ko ang aking ina."
"stepmother_3","She is my stepmother.","Siya ang aking ina."
"stepmother_4","I miss my stepmother.","Namimiss ko ang aking ina."
"stepmother_5","She is my stepmother.","Siya ang aking ina."
"stepsister","Stepsister","Hakbang"
"stepsister_2","I love my stepsister.","Gustung-gusto ko ang aking hakbang."
"stepsister_3","She is my stepsister.","Siya ang aking hakbang."
"stepsister_4","I miss my stepsister.","Namimiss ko ang aking hakbang."
"stepsister_5","She is my stepsister.","Siya ang aking hakbang."
"stepbrother","Stepbrother","Stepbrother"
"stepbrother_2","I love my stepbrother.","Mahal ko ang aking stepbrother."
"stepbrother_3","He is my stepbrother.","Siya ang aking stepbrother."
"stepbrother_4","I miss my stepbrother.","Namimiss ko ang aking stepbrother."
"stepbrother_5","He is my stepbrother.","Siya ang aking stepbrother."
"half-brother","Half brother","Half kapatid"
"half-brother_2","I love my half brother.","Mahal ko ang aking kapatid sa kalahati."
"half-brother_3","He is my half brother.","Siya ang aking kapatid sa kalahati."
"half-brother_4","I miss my half brother.","Namiss ko ang aking kapatid na lalaki sa kalahati."
"half-brother_5","He is my half brother.","Siya ang aking kapatid sa kalahati."
"half-sister","Half sister","Kapatid sa labas"
"half-sister_2","I love my half sister.","Mahal ko ang aking half sister."
"half-sister_3","She is my half sister.","Siya ang aking kapatid sa kalahati."
"half-sister_4","I miss my half sister.","Namiss ko ang aking half sister."
"half-sister_5","She is my half sister.","Siya ang aking kapatid sa kalahati."
"quarantine","Quarantine","Quarantine"
"protective-mask","Protective mask","Proteksiyon mask"
"stay-home","Stay home","Manatili sa bahay"
"toilet-paper","Toilet paper","Tisyu"
"sprayer","Sprayer","Sprayer"
"disinfectant","Disinfectant","Disimpektante"
"thermometer","Thermometer","Thermometer"
"coughing","Coughing","Pag-ubo"
"medical-assistance","Medical assistance","Tulong sa medikal"
"hand-sanitizer","Hand sanitizer","Kamay sanitizer"
"gloves","Gloves","Mga guwantes"
"social-distancing","Social distancing","Pagpapanatili ng pagitan mula sa kapwa-tao"
"mouth-mask","Mouth mask","Baga mask"
"pandemic","Pandemic","Pandemya"
"working-at-home","Working at home","Nagtatrabaho sa bahay"
"wet-wipes","Wet wipes","Basang pamunas"
"first-aid-kit","First aid kit","Kit para sa pangunang lunas"
"fitness","Fitness","Kalusugan"
"e-learning","E-learning","Pag-aaral"
"virus","Virus","Virus"
"cleaning","Cleaning","Paglilinis"
"school","School","Paaralan"
"desk","Desk","Desk"
"desk_2","Can I use this desk?","Maaari ko bang gamitin ang desk na ito?"
"desk_3","Which desk is mine?","Aling desk ang sa akin?"
"desk_4","I spilled on my desk.","Tumalsik ako sa desk ko."
"desk_5","Don't scratch your desk.","Huwag guritin ang iyong desk."
"chair","Chair","Upuan"
"chair_2","Can I sit with you?","Maaari ba akong umupo sa iyo?"
"chair_3","Which chair is mine?","Aling upuan ang sa akin?"
"chair_4","Is this chair taken?","Kinuha ang upuang ito?"
"chair_5","I spilled on my chair.","Dumapa ako sa aking upuan."
"book","Book","Aklat"
"book_2","Textbook","Teksto"
"book_3","Workbook","Workbook"
"book_4","Reading a book.","Magbasa ng aklat."
"book_5","Can I borrow your book?","Maaari ba akong humiram ng iyong libro?"
"book_6","Which page are we at?","Aling pahina ang nasa atin?"
"book_7","Flip the page.","I-flip ang pahina."
"book_8","I lost my book.","Nawalan ako ng libro."
"notebook","Notebook","Kuwaderno"
"notebook_2","Taking notes.","Ang pagkuha ng mga tala."
"notebook_3","I'm taking notes.","Kumuha ako ng mga tala."
"notebook_4","I lost my notebook.","Nawala ang notebook ko."
"backpack","Backpack","Backpack"
"backpack_2","Carrying my backpack.","Nagdala ng backpack ko."
"backpack_3","Putting my books in my backpack.","Ang paglalagay ng aking mga libro sa aking backpack."
"backpack_4","I need a new backpack.","Kailangan ko ng isang bagong backpack."
"backpack_5","Thank you for carrying my backpack.","Salamat sa pagdala ng aking backpack."
"backpack_6","I lost my backpack.","Nawala ang backpack ko."
"backpack_7","My backpack is heavy.","Mabigat ang backpack ko."
"blackboard","Blackboard","Blackboard"
"blackboard_2","Look at the blackboard.","Tignan mo ang pisara."
"blackboard_3","Cleaning the blackboard.","Nililinis ang blackboard."
"blackboard_4","Solving the problem on the blackboard.","Ang paglutas ng problema sa blackboard."
"blackboard_5","Taking note on the blackboard.","Ang pagkuha ng tala sa blackboard."
"blackboard_6","Give me a chalk.","Bigyan mo ako ng isang tisa."
"teacher_7","I don't like this topic.","Hindi ko gusto ang paksang ito."
"teacher_8","Thank you for the lesson.","Salamat sa aralin."
"school-bus","School bus","Bus ng eskwelahan"
"school-bus_2","School bus is coming.","Paparating na ang bus bus."
"school-bus_3","Can I sit next to you?","Maaari ba akong umupo sa tabi mo?"
"school-bus_4","Thank you bus driver!","Salamat driver ng bus!"
"school-bus_5","School bus was late.","Ang bus sa paaralan ay huli na."
"pencil","Pencil","Lapis"
"pencil_2","I'm writing.","Nagsusulat ako."
"pencil_3","I'm learning to write.","Natuto akong sumulat."
"pencil_4","I need a new pencil.","Kailangan ko ng isang bagong lapis."
"pencil_5","Can I borrow your pencil?","Maaari ba akong humiram ng iyong lapis?"
"pencil_6","I lost my pencil.","Nawala ko ang lapis ko."
"eraser","Eraser","Pambura"
"eraser_2","I'm erasing.","Binubura ko."
"eraser_3","I need a new eraser.","Kailangan ko ng isang bagong pambura."
"eraser_4","Can I borrow your eraser?","Maaari ba akong humiram ng iyong pambura?"
"eraser_5","I lost my eraser.","Nawala ko ang aking pambura."
"ruler","Ruler","Tagapamahala"
"ruler_2","I'm measuring.","Sinusukat ko."
"ruler_3","I need a new ruler.","Kailangan ko ng isang bagong pinuno."
"ruler_4","Can I borrow your ruler?","Maaari ba akong humiram ng iyong pinuno?"
"ruler_5","I lost my ruler.","Nawalan ako ng pinuno."
"sharpener","Sharpener","Humina"
"sharpener_2","I'm sharpening my pencil.","Itinaas ko ang lapis ko."
"sharpener_3","I need a new sharpener.","Kailangan ko ng isang bagong pantasa."
"sharpener_4","Can I borrow your sharpener?","Maaari ba akong humiram ng iyong pantasa?"
"sharpener_5","I lost my sharpener.","Nawalan ako ng pantasa."
"mathematics","Mathematics","Matematika"
"mathematics_2","I like mathematics.","Gusto ko ng matematika."
"mathematics_3","I want to study mathematics.","Gusto kong mag-aral ng matematika."
"mathematics_4","I don't like mathematics.","Hindi ko gusto ang matematika."
"mathematics_5","When is mathematics class?","Kailan ang klase sa matematika?"
"mathematics_6","Can you help me with my mathematics homework?","Maaari mo bang tulungan ako sa aking araling-aralin sa matematika?"
"literature","Literature","Panitikan"
"literature_2","I like literature.","Gusto ko ng panitikan."
"literature_3","I want to study literature.","Gusto kong mag-aral ng panitikan."
"literature_4","I don't like literature.","Hindi ko gusto ang panitikan."
"literature_5","When is literature class?","Kailan ang klase ng panitikan?"
"literature_6","Can you help me with my literature homework?","Maaari mo bang tulungan ako sa aking araling-aralin sa panitikan?"
"science","Science","Science"
"science_2","I like science.","Gusto ko ng science."
"science_3","I want to study science.","Gusto kong mag-aral ng science."
"science_4","I don't like science.","Hindi ko gusto ang agham."
"science_5","When is science class?","Kailan ang klase sa agham?"
"science_6","Can you help me with my science homework?","Maaari mo ba akong tulungan sa aking araling-bahay?"
"art-class","Art class","Klase ng sining"
"art-class_2","I like art class.","Gusto ko ng klase ng sining."
"art-class_3","I want to practice art skills.","Nais kong magsagawa ng kasanayan sa sining."
"art-class_4","I don't like art class.","Hindi ko gusto ang art class."
"art-class_5","When is art class?","Kailan ang klase ng sining?"
"art-class_6","Can you help me with my art class homework?","Maaari mo ba akong tulungan sa aking araling-aralin sa araling-sining?"
"music-class","Music class","Klase ng musika"
"music-class_2","I like music class.","Gusto ko ang klase ng musika."
"music-class_3","I want to practice music skills.","Nais kong magsanay ng mga kasanayan sa musika."
"music-class_4","I don't like music class.","Hindi ko gusto ang klase ng musika."
"music-class_5","When is music class?","Kailan ang klase ng musika?"
"music-class_6","Can you help me with my music class homework?","Maaari mo bang tulungan ako sa aking araling-aralin sa klase ng musika?"
"geography","Geography","Heograpiya"
"geography_2","I like geography.","Gusto ko ng heograpiya."
"geography_3","I want to study geography.","Gusto kong mag-aral ng heograpiya."
"geography_4","I don't like geography.","Hindi ko gusto ang heograpiya."
"geography_5","When is geography?","Kailan ang heograpiya?"
"geography_6","Can you help me with my geography homework?","Maaari mo bang tulungan ako sa aking araling-bahay na heograpiya?"
"telescope","Telescope","Teleskopyo"
"telescope_2","I'm using the telescope.","Gumagamit ako ng teleskopyo."
"telescope_3","I want to use the telescope.","Nais kong gamitin ang teleskopyo."
"telescope_4","I want to look at the stars.","Gusto kong tumingin sa mga bituin."
"glue","Glue","Pandikit"
"glue_2","I'm using glue.","Gumagamit ako ng pandikit."
"glue_3","I need a new glue.","Kailangan ko ng isang bagong pandikit."
"glue_4","Can I borrow your glue?","Maaari ba akong humiram ng iyong kola?"
"glue_5","I lost my glue.","Nawalan ako ng kola."
"shapes","Shapes","Mga Hugis"
"circle","Circle","Bilog"
"circle_2","This is circle shaped.","Ito ay hugis bilog."
"circle_3","Can you teach me how to draw a circle?","Maaari mo bang ituro sa akin kung paano gumuhit ng isang bilog?"
"triangle","Triangle","Triangle"
"triangle_2","This is triangle shaped.","Ito ay hugis tatsulok."
"triangle_3","Can you teach me how to draw a triangle?","Maaari mo bang ituro sa akin kung paano gumuhit ng isang tatsulok?"
"square","Square","Parisukat"
"square_2","This is square shaped.","Ito ay parisukat na hugis."
"square_3","Can you teach me how to draw a square?","Maaari mo bang turuan sa akin kung paano gumuhit ng isang parisukat?"
"rectangle","Rectangle","Parihaba"
"rectangle_2","This is rectangle shaped.","Ito ay hugis-parihaba."
"rectangle_3","Can you teach me how to draw a rectangle?","Maaari mo bang turuan sa akin kung paano gumuhit ng isang rektanggulo?"
"star","Star","Bituin"
"star_2","This is star shaped.","Ito ay hugis bituin."
"star_3","Can you teach me how to draw a star?","Maaari mo bang turuan sa akin kung paano gumuhit ng isang bituin?"
"pentagon","Pentagon","Pentagon"
"pentagon_2","This is pentagon shaped.","Ito ay hugis pentagon."
"pentagon_3","Can you teach me how to draw a pentagon?","Maaari mo bang turuan kung paano ako gumuhit ng pentagon?"
"hexagon","Hexagon","Hexagon"
"hexagon_2","This is hexagon shaped.","Ito ay hugis heksagon."
"hexagon_3","Can you teach me how to draw a hexagon?","Maaari mo bang turuan kung paano gumuhit ng isang heksagono?"
"cross","Cross","Krus"
"cross_2","This is cross shaped.","Ito ay hugis ng krus."
"cross_3","Can you teach me how to draw a cross?","Maaari mo bang turuan kung paano ako gumuhit ng isang krus?"
"ellipse","Ellipse","Ellipse"
"ellipse_2","This is ellipse shaped.","Ito ay hugis ellipse."
"ellipse_3","Can you teach me how to draw a ellipse?","Maaari mo bang turuan sa akin kung paano gumuhit ng isang ellipse?"
"arrow","Arrow","Palaso"
"arrow_2","This is arrow shaped.","Ito ay hugis arrow."
"arrow_3","Can you teach me how to draw a arrow?","Maaari mo bang ituro sa akin kung paano gumuhit ng isang arrow?"
"crescent","Crescent","Crescent"
"crescent_2","This is crescent shaped.","Ito ay hugis-crescent."
"crescent_3","Can you teach me how to draw a crescent?","Maaari mo bang ituro sa akin kung paano gumuhit ng isang crescent?"
"heart","Heart","Puso"
"heart_2","This is heart shaped.","Ito ay hugis ng puso."
"heart_3","Can you teach me how to draw a heart?","Maaari mo bang turuan kung paano ako gumuhit ng puso?"
"rhombus","Rhombus","Rhombus"
"rhombus_2","This is rhombus shaped.","Ito ay hugis ng rhombus."
"rhombus_3","Can you teach me how to draw a rhombus?","Maaari mo bang ituro sa akin kung paano gumuhit ng isang rhombus?"
"ring","Ring","Tumunog"
"ring_2","This is ring shaped.","Ito ay hugis singsing."
"ring_3","Can you teach me how to draw a ring?","Maaari mo bang turuan kung paano gumuhit ng singsing?"
"semicircle","Semicircle","Hatinggit"
"semicircle_2","This is semicircle shaped.","Ito ay hugis ng semicircle."
"semicircle_3","Can you teach me how to draw a semicircle?","Maaari mo bang turuan kung paano ako gumuhit ng isang kalahating bilog?"
"trapezoid","Trapezoid","Trapezoid"
"trapezoid_2","This is trapezoid shaped.","Ito ay hugis trapezoid."
"trapezoid_3","Can you teach me how to draw a trapezoid?","Maaari mo bang ituro sa akin kung paano gumuhit ng trapezoid?"
"cube","Cube","Cube"
"cube_2","This is cube shaped.","Ito ay hugis kubo."
"cube_3","Can you teach me how to draw a cube?","Maaari mo bang turuan sa akin kung paano gumuhit ng isang kubo?"
"cylinder","Cylinder","Silindro"
"cylinder_2","This is cylinder shaped.","Ito ay hugis silindro."
"cylinder_3","Can you teach me how to draw a cylinder?","Maaari mo bang turuan sa akin kung paano gumuhit ng isang silindro?"