"activities","Activities","क्रियाएँ"
"walking","Walking","चलना"
"walking_2","I like walking","मुझे चलना पसंद है"
"walking_3","I don't like walking","मुझे घूमना पसंद नहीं है"
"walking_4","Do you want to walk together?","क्या आप एक साथ चलना चाहते हैं?"
"running","Running","चल रहा है"
"running_2","I like running.","मुझे दौड़ना पसंद है।"
"running_3","I don't like running.","मुझे दौड़ना पसंद नहीं है।"
"running_4","Do you want to go running?","क्या आप दौड़ते हुए जाना चाहते हैं?"
"talking","Talking","बात कर रहे"
"talking_2","I like talking.","मुझे बात करना पसंद है।"
"talking_3","I don't like talking.","मुझे बात करना पसंद नहीं है।"
"talking_4","Do you want to talk with me?","क्या आप मेरे साथ बात करना चाहते हैं?"
"reading","Reading","पढ़ना"
"reading_2","I like reading.","मुझे पढ़ना पसंद है।"
"reading_3","I don't like reading.","मुझे पढ़ना पसंद नहीं है।"
"reading_4","Do you want to read together?","क्या आप एक साथ पढ़ना चाहते हैं?"
"football","Football","फ़ुटबॉल"
"football_2","I like playing football.","मुझे फुटबॉल खेलना अच्छा लगता है।"
"football_3","I don't like playing football.","मुझे फुटबॉल खेलना पसंद नहीं है।"
"football_4","Do you want to play football?","क्या आप फुटबॉल खेलना चाहते हैं?"
"basketball","Basketball","बास्केटबाल"
"basketball_2","I like playing basketball.","मुझे बास्केटबॉल खेलना पसंद है।"
"basketball_3","I don't like playing basketball.","मुझे बास्केटबॉल खेलना पसंद नहीं है।"
"basketball_4","Do you want to play basketball?","क्या आप बास्केटबॉल खेलना चाहते हैं?"
"swimming","Swimming","तैराकी"
"swimming_2","I like swimming.","मुझे तैरना पसंद है।"
"swimming_3","I don't like swimming.","मुझे तैरना पसंद नहीं है।"
"swimming_4","Do you want to go to swimming?","क्या आप तैराकी में जाना चाहते हैं?"
"painting","Painting","चित्र"
"painting_2","I like painting.","मुझे पेंटिंग पसंद है।"
"painting_3","I don't like painting.","मुझे पेंटिंग पसंद नहीं है।"
"painting_4","Do you want to paint together?","क्या आप एक साथ पेंट करना चाहते हैं?"
"drawing","Drawing","चित्रकारी"
"drawing_2","I like drawing.","मुझे चित्रकला पसंद है।"
"drawing_3","I don't like drawing.","मुझे ड्राइंग पसंद नहीं है।"
"drawing_4","Do you want to draw together?","क्या आप एक साथ आकर्षित करना चाहते हैं?"
"cycling","Cycling","सायक्लिंग"
"cycling_2","I like cycling.","मुझे स्यक्लिंग पसंद है।"
"cycling_3","I don't like cycling.","मुझे साइकिल चलाना पसंद नहीं है।"
"cycling_4","Do you want to go cycling?","क्या आप साइकिल चलाना चाहते हैं?"
"skating","Skating","स्केटिंग"
"skating_2","I like skating.","मुझे स्केटिंग पसंद है।"
"skating_3","I don't like skating.","मुझे स्केटिंग पसंद नहीं है।"
"skating_4","Do you want to go skating?","क्या आप स्केटिंग जाना चाहते हैं?"
"sightseeing","Sightseeing","दर्शनीय स्थलों की यात्रा"
"sightseeing_2","I like sightseeing.","मुझे दर्शनीय स्थल पसंद हैं।"
"sightseeing_3","I don't like sightseeing.","मुझे दर्शनीय स्थल पसंद नहीं हैं।"
"sightseeing_4","Do you want to go for sightseeing?","क्या आप दर्शनीय स्थलों की यात्रा के लिए जाना चाहते हैं?"
"video-games","Video games","वीडियो गेम"
"video-games_2","I like playing video games.","मुझे वीडियो गेम खेलना पसंद है।"
"video-games_3","I don't like playing video games.","मुझे वीडियो गेम खेलना पसंद नहीं है।"
"video-games_4","Do you want to play games?","क्या आप गेम खेलना चाहते हैं?"
"tidying","Tidying","साफ़ कर रही"
"tidying_2","I like tidying my room.","मुझे अपना कमरा टिड्ड करना पसंद है।"
"tidying_3","I don't like tidying my room.","मुझे अपना कमरा ख़राब करना पसंद नहीं है।"
"tidying_4","Can you help me tidy my room?","क्या आप मुझे मेरे कमरे को साफ करने में मदद कर सकते हैं?"
"toys","Toys","खिलौने"
"toys_2","I like toys.","मुझे खिलौने पसंद हैं।"
"toys_3","I don't like toys.","मुझे खिलौने पसंद नहीं हैं।"
"toys_4","Do you want to play with my toys?","क्या आप मेरे खिलौनों से खेलना चाहते हैं?"
"puzzle","Puzzle","पहेली"
"puzzle_2","I like solving puzzle.","मुझे पहेली हल करना पसंद है।"
"puzzle_3","I don't like solving puzzle.","मुझे पहेली हल करना पसंद नहीं है।"
"puzzle_4","Do you want to solve puzzles with me?","क्या आप मेरे साथ पहेलियां सुलझाना चाहते हैं?"
"comics","Comics","कॉमिक्स"
"comics_2","I like reading comics.","मुझे कॉमिक्स पढ़ना पसंद है।"
"comics_3","I don't like reading comics.","मुझे कॉमिक्स पढ़ना पसंद नहीं है।"
"comics_4","Do you want to read comics?","क्या आप कॉमिक्स पढ़ना चाहते हैं?"
"chess","Chess","शतरंज"
"chess_2","I like playing chess.","मुझे शतरंज खेलना पसंद है।"
"chess_3","I don't like playing chess.","मुझे शतरंज खेलना पसंद नहीं है।"
"chess_4","Do you want to play chess with me?","क्या आप मेरे साथ शतरंज खेलना चाहते हैं?"
"using-leeloo","Using Leeloo","लीलू का उपयोग करना"
"using-leeloo_2","I like using leeloo.","मुझे लीलो का उपयोग करना पसंद है।"
"using-leeloo_3","I don't like using leeloo.","मुझे लीलो का उपयोग करना पसंद नहीं है।"
"using-leeloo_4","Can you change card packs on leeloo?","क्या आप लीलो पर कार्ड पैक बदल सकते हैं?"
"texting","Texting","टेक्स्ट संदेश भेजना"
"texting_2","I like texting.","मुझे टेक्सटिंग पसंद है।"
"texting_3","I don't like texting.","मुझे टेक्सटिंग पसंद नहीं है।"
"knitting","Knitting","बुनना"
"knitting_2","I like knitting.","मुझे बुनाई पसंद है।"
"knitting_3","I don't like knitting.","मुझे बुनाई पसंद नहीं है।"
"knitting_4","I want to learn how to knit.","मैं सीखना चाहता हूं कि कैसे बुनना है।"
"bowling","Bowling","बॉलिंग"
"bowling_2","I like bowling.","मुझे गेंदबाजी करना पसंद है।"
"bowling_3","I don't like bowling.","मुझे गेंदबाजी पसंद नहीं है।"
"bowling_4","Do you want to play bowling with me?","क्या आप मेरे साथ गेंदबाजी करना चाहते हैं?"
"watching-tv","Watching TV","टीवी देखना"
"watching-tv_2","I like watching tv.","मुझे टीवी देखना पसंद है।"
"watching-tv_3","I don't like watching tv.","मुझे टीवी देखना पसंद नहीं है।"
"watching-tv_4","Do you want to watch tv?","क्या तुम चित्रपटल देखना चाहते हो?"
"fishing","Fishing","मछली पकड़ना"
"fishing_2","I like fishing.","मुझे मछली पकड़ना पसंद है।"
"fishing_3","I don't like fishing.","मुझे मछली पकड़ना पसंद नहीं है।"
"fishing_4","Do you want to go to fishing?","क्या आप मछली पकड़ने जाना चाहते हैं?"
"exercising","Exercising","व्यायाम"
"exercising_2","I like exercising.","मुझे व्यायाम करना पसंद है।"
"exercising_3","I don't like exercising.","मुझे व्यायाम करना पसंद नहीं है।"
"exercising_4","Do you want to exercise with me?","क्या आप मेरे साथ व्यायाम करना चाहते हैं?"
"tennis","Tennis","टेनिस"
"tennis_2","I like playing tennis.","मुझे टेनिस खेलना पसंद है।"
"tennis_3","I don't like playing tennis.","मुझे टेनिस खेलना पसंद नहीं है।"
"tennis_4","Do you want to play tennis with me?","क्या आप मेरे साथ टेनिस खेलना चाहते हैं?"
"animals","Animals","जानवरों"
"cat","Cat","बिल्ली"
"cat_2","I like cats.","मुझे बिल्लियाँ पसंद हैं।"
"cat_3","I saw a cat.","मैंने एक बिल्ली को देखा।"
"cat_4","What noise does a cat make?","बिल्ली क्या शोर मचाती है?"
"cat_5","Can we get a cat as pet?","क्या हमें पालतू के रूप में एक बिल्ली मिल सकती है?"
"dog","Dog","कुत्ता"
"dog_2","I like dog.","मुझे कुत्ते पसंद है।"
"dog_3","I saw a dog.","मैंने एक कुत्ता देखा।"
"dog_4","What noise does a dog make?","कुत्ता क्या शोर मचाता है?"
"dog_5","Can we get a dog as pet?","क्या हम एक कुत्ते को पालतू के रूप में पा सकते हैं?"
"fish","Fish","मछली"
"fish_2","I like fish.","मुझे मछली पसंद है।"
"fish_3","I saw a fish.","मैंने एक मछली देखी।"
"fish_4","What noise does a fish make?","मछली क्या शोर मचाती है?"
"fish_5","Can we get a fish as pet?","क्या हमें पालतू के रूप में एक मछली मिल सकती है?"
"rabbit","Rabbit","खरगोश"
"rabbit_2","I like rabbits.","मुझे खरगोश पसंद हैं।"
"rabbit_3","I saw a rabbit.","मैंने एक खरगोश को देखा।"
"rabbit_4","What noise does a rabbit make?","एक खरगोश क्या शोर करता है?"
"rabbit_5","Can we get a rabbit as pet?","क्या हम पालतू जानवर के रूप में खरगोश पा सकते हैं?"
"butterfly","Butterfly","तितली"
"butterfly_2","I like butterflies.","मुझे तितलियाँ पसंद हैं।"
"butterfly_3","I saw a butterfly.","मैंने एक तितली को देखा।"
"butterfly_4","What noise does a butterfly make?","तितली क्या शोर मचाती है?"
"kangaroo","Kangaroo","कंगेरू"
"kangaroo_2","I like kangaroos.","मुझे कंगारू पसंद हैं।"
"kangaroo_3","I saw a kangaroo.","मैंने एक कंगारू को देखा।"
"kangaroo_4","What noise does a kangaroo make?","कंगारू क्या शोर मचाता है?"
"turtle","Turtle","कछुए"
"turtle_2","I like turtles.","मुझे कछुए पसंद हैं।"
"turtle_3","I saw a turtle.","मैंने एक कछुआ देखा।"
"turtle_4","What noise does a turtle make?","कछुआ क्या शोर मचाता है?"
"giraffe","Giraffe","जिराफ़"
"giraffe_2","I like giraffes.","मुझे जिराफ पसंद हैं।"
"giraffe_3","I saw a giraffe.","मैंने एक जिराफ को देखा।"
"giraffe_4","What noise does a giraffe make?","जिराफ क्या शोर मचाता है?"
"frog","Frog","मेढक"
"frog_2","I like frogs.","मुझे मेंढक पसंद हैं।"
"frog_3","I saw a frog.","मैंने एक मेंढक को देखा।"
"frog_4","What noise does a frog make?","मेंढक क्या शोर मचाता है?"
"swan","Swan","हंस"
"swan_2","I like swans.","मुझे हंस पसंद है।"
"swan_3","I saw a swan.","मैंने एक हंस को देखा।"
"swan_4","What noise does a swan make?","हंस क्या शोर करता है?"
"spider","Spider","मकड़ी"
"spider_2","I like spiders.","मुझे मकड़ियों पसंद हैं।"
"spider_3","I saw a spider.","मैंने एक मकड़ी देखी।"
"spider_4","What noise does a spider make?","मकड़ी क्या शोर मचाती है?"
"cow","Cow","गाय"
"cow_2","I like cows.","मुझे गाय पसंद हैं।"
"cow_3","I saw a cow.","मैंने एक गाय देखी।"
"cow_4","What noise does a cow make?","गाय क्या शोर मचाती है?"
"duck","Duck","बत्तख"
"duck_2","I like ducks.","मुझे बत्तख पसंद है।"
"duck_3","I saw a duck.","मैंने एक बत्तख को देखा।"
"duck_4","What noise does a duck make?","बत्तख क्या शोर मचाती है?"
"horse","Horse","घोड़ा"
"horse_2","I like horses.","मुझे घोड़े पसंद हैं।"
"horse_3","I saw a horse.","मैंने एक घोड़ा देखा।"
"horse_4","What noise does a horse make?","घोड़ा क्या शोर मचाता है?"
"chicken","Chicken","मुर्गी"
"chicken_2","I like chickens.","मुझे मुर्गियां पसंद हैं।"
"chicken_3","I saw a chicken.","मैंने एक मुर्गी देखी।"
"chicken_4","What noise does a chicken make?","मुर्गी क्या शोर मचाती है?"
"bee","Bee","मधुमक्खी"
"bee_2","I like bees.","मुझे मधुमक्खियां पसंद हैं।"
"bee_3","I saw a bee.","मैंने एक मधुमक्खी को देखा।"
"bee_4","What noise does a bee make?","मधुमक्खी क्या शोर मचाती है?"
"pig","Pig","सूअर"
"pig_2","I like pigs.","मुझे सूअर पसंद हैं।"
"pig_3","I saw a pig.","मैंने एक सुअर को देखा।"
"pig_4","What noise does a pig make?","सुअर क्या शोर मचाता है?"
"dove","Dove","डव"
"dove_2","I like doves.","मुझे कबूतर पसंद हैं।"
"dove_3","I saw a dove.","मैंने एक कबूतर देखा।"
"dove_4","What noise does a dove make?","कबूतर क्या शोर मचाता है?"
"crab","Crab","केकड़ा"
"crab_2","I like crabs.","मुझे केकड़े पसंद हैं।"
"crab_3","I saw a crab.","मैंने एक केकड़ा देखा।"
"crab_4","What noise does a crab make?","एक केकड़ा क्या शोर करता है?"
"penguin","Penguin","पेंगुइन"
"penguin_2","I like penguins.","मुझे पेंगुइन पसंद है।"
"penguin_3","I saw a penguin.","मैंने एक पेंगुइन देखा।"
"penguin_4","What noise does a penguin make?","पेंगुइन क्या शोर मचाता है?"
"elephant","Elephant","हाथी"
"elephant_2","I like elephants.","मुझे हाथी पसंद हैं।"
"elephant_3","I saw an elephant.","मैंने एक हाथी देखा।"
"elephant_4","What noise does an elephant make?","हाथी क्या शोर मचाता है?"
"zebra","Zebra","ज़ेबरा"
"zebra_2","I like zebras.","मुझे ज़ेब्रा पसंद है।"
"zebra_3","I saw a zebra.","मैंने एक ज़ेबरा देखा।"
"zebra_4","What noise does a zebra make?","ज़ेबरा क्या शोर करता है?"
"panda","Panda","पांडा"
"panda_2","I like pandas.","मुझे पांडा पसंद हैं।"
"panda_3","I saw a panda.","मैंने एक पांडा को देखा।"
"panda_4","What noise does a panda make?","एक पांडा क्या शोर मचाता है?"
"monkey","Monkey","बंदर"
"monkey_2","I like monkeys.","मुझे बंदर पसंद हैं।"
"monkey_3","I saw a monkey.","मैंने एक बंदर को देखा।"
"monkey_4","What noise does a monkey make?","बंदर क्या शोर मचाता है?"
"camel","Camel","ऊंट"
"camel_2","I like camels.","मुझे ऊंट पसंद हैं।"
"camel_3","I saw a camel.","मैंने एक ऊंट को देखा।"
"camel_4","What noise does a camel make?","ऊँट किस आवाज में आवाज करता है?"
"mouse","Mouse","चूहा"
"mouse_2","I like mice.","मुझे चूहे पसंद हैं।"
"mouse_3","I saw a mouse.","मैंने एक चूहा देखा।"
"mouse_4","What noise does a mouse make?","माउस क्या शोर करता है?"
"tiger","Tiger","बाघ"
"tiger_2","I like tigers.","मुझे बाघ पसंद हैं।"
"tiger_3","I saw a tiger.","मैंने एक बाघ देखा।"
"tiger_4","What noise does a tiger make?","बाघ क्या शोर मचाता है?"
"jellyfish","Jellyfish","जेलिफ़िश"
"jellyfish_2","I like jellyfishes.","मुझे जेलिफ़िश पसंद है।"
"jellyfish_3","I saw a jellyfish.","मैंने एक जेलिफ़िश देखी।"
"jellyfish_4","What noise does a jellyfish make?","जेलिफ़िश क्या शोर करता है?"
"crocodile","Crocodile","मगरमच्छ"
"crocodile_2","I like crocodiles.","मुझे मगरमच्छ पसंद हैं।"
"crocodile_3","I saw a crocodile.","मैंने एक मगरमच्छ को देखा।"
"crocodile_4","What noise does a crocodile make?","मगरमच्छ क्या शोर करता है?"
"koala","Koala","कोअला"
"koala_2","I like koalas.","मुझे कोलाज पसंद हैं।"
"koala_3","I saw a koala.","मैंने एक कोआला को देखा।"
"koala_4","What noise does a koala make?","कोआला क्या शोर मचाता है?"
"ostrich","Ostrich","शुतुरमुर्ग"
"ostrich_2","I like ostriches.","मुझे शुतुरमुर्ग पसंद हैं।"
"ostrich_3","I saw an ostrich.","मैंने एक शुतुरमुर्ग को देखा।"
"ostrich_4","What noise does an ostrich make?","शुतुरमुर्ग क्या शोर करता है?"
"racoon","Racoon","एक प्रकार का जानवर"
"racoon_2","I like racoons.","मुझे डाकू पसंद हैं।"
"racoon_3","I saw a racoon.","मैंने एक रेसून को देखा।"
"racoon_4","What noise does a racoon make?","एक रेसून कितना शोर करता है?"
"bat","Bat","बल्ला"
"bat_2","I like bats.","मुझे चमगादड़ पसंद हैं।"
"bat_3","I saw a bat.","मैंने एक बल्ला देखा।"
"bat_4","What noise does a bat make?","बल्ले से क्या शोर होता है?"
"eagle","Eagle","ईगल"
"eagle_2","I like eagles.","मुझे चील पसंद है।"
"eagle_3","I saw an eagle.","मैंने एक चील को देखा।"
"eagle_4","What noise does an eagle make?","चील क्या शोर मचाती है?"
"hippopotamus","Hippopotamus","जलहस्ती"
"hippopotamus_2","I like hippopotamus.","मुझे दरियाई घोड़ा पसंद है।"
"hippopotamus_3","I saw a hippopotamus.","मैंने एक दरियाई घोड़ा देखा।"
"hippopotamus_4","What noise does a hippopotamus make?","हिप्पोपोटेमस क्या शोर करता है?"
"seal","Seal","सील"
"seal_2","I like seals.","मुझे सील पसंद है।"
"seal_3","I saw a seal.","मैंने एक मुहर देखी।"
"seal_4","What noise does a seal make?","एक सील क्या शोर करता है?"
"walrus","Walrus","वालरस"
"walrus_2","I like walruses.","मुझे वालरस पसंद हैं।"
"walrus_3","I saw a walrus.","मैंने एक वालरस देखा।"
"walrus_4","What noise does a walrus make?","वालरस क्या शोर मचाता है?"
"seahorse","Seahorse","समुद्री घोड़े"
"seahorse_2","I like seahorses.","मुझे समुद्री घोड़े पसंद हैं।"
"seahorse_3","I saw a seahorse.","मैंने एक सीहोर को देखा।"
"seahorse_4","What noise does a seahorse make?","सीहोर क्या शोर मचाता है?"
"bull","Bull","सांड"
"bull_2","I like bulls.","मुझे बैल पसंद हैं।"
"bull_3","I saw a bull.","मैंने एक सांड देखा।"
"bull_4","What noise does a bull make?","बैल क्या शोर मचाता है?"
"pelican","Pelican","हवासील"
"pelican_2","I like pelicans.","मुझे पेलिकन पसंद हैं।"
"pelican_3","I saw a pelican.","मैंने एक पेलिकन को देखा।"
"pelican_4","What noise does a pelican make?","एक श्रोणि क्या शोर करता है?"
"beaver","Beaver","ऊदबिलाव"
"beaver_2","I like beavers.","मुझे बीवर पसंद है।"
"beaver_3","I saw a beaver.","मैंने एक बीवर को देखा।"
"beaver_4","What noise does a beaver make?","बीवर क्या शोर करता है?"
"goldfish","Goldfish","ज़र्द मछली"
"goldfish_2","I like goldfishes.","मुझे सुनहरी पसंद है।"
"goldfish_3","I saw a goldfish.","मैंने एक सुनहरी मछली देखी।"
"goldfish_4","What noise does a goldfish make?","सुनहरी मछली क्या शोर मचाती है?"
"goldfish_5","Can we get a goldfish as pet?","क्या हम पालतू के रूप में एक सुनहरी मछली प्राप्त कर सकते हैं?"
"rhinoceros","Rhinoceros","गैंडा"
"rhinoceros_2","I like rhinoceros.","मुझे गैंडा पसंद है।"
"rhinoceros_3","I saw a rhinoceros.","मैंने एक गैंडा देखा।"
"rhinoceros_4","What noise does a rhinoceros make?","गैंडा क्या शोर मचाता है?"
"snake","Snake","साँप"
"snake_2","I like snakes.","मुझे सांप पसंद हैं।"
"snake_3","I saw a snake.","मैंने एक सांप को देखा।"
"snake_4","What noise does a snake make?","सांप क्या शोर मचाता है?"
"lion","Lion","सिंह"
"lion_2","I like lions.","मुझे शेर पसंद हैं।"
"lion_3","I saw a lion.","मैंने एक शेर देखा।"
"lion_4","What noise does a lion make?","शेर क्या शोर मचाता है?"
"squid","Squid","स्क्वीड"
"squid_2","I like squids.","मुझे स्क्वीड पसंद है।"
"squid_3","I saw a squid.","मैंने एक विद्रूप देखा।"
"squid_4","What noise does a squid make?","एक व्यंग्य क्या शोर करता है?"
"whale","Whale","व्हेल"
"whale_2","I like whales.","मुझे व्हेल पसंद है।"
"whale_3","I saw a whale.","मैंने एक व्हेल को देखा।"
"whale_4","What noise does a whale make?","व्हेल क्या शोर मचाती है?"
"beetle","Beetle","भृंग"
"beetle_2","I like beetles.","मुझे बीटल पसंद है।"
"beetle_3","I saw a beetle.","मैंने एक बीटल को देखा।"
"beetle_4","What noise does a beetle make?","बीटल क्या शोर करता है?"
"dolphin","Dolphin","डॉल्फिन"
"dolphin_2","I like dolphins.","मुझे डॉल्फिन पसंद हैं।"
"dolphin_3","I saw a dolphin.","मैंने एक डॉल्फिन देखी।"
"dolphin_4","What noise does a dolphin make?","डॉल्फिन क्या शोर करता है?"
"starfish","Starfish","एक प्रकार की मछली जिस को पाँच - सात बाहु के सदृश अंग होते है"
"starfish_2","I like starfishes.","मुझे स्टारफिश पसंद है।"
"starfish_3","I saw a starfish.","मैंने एक स्टारफिश देखी।"
"starfish_4","What noise does a starfish make?","स्टारफिश क्या शोर मचाती है?"
"parakeet","Parakeet","तोता"
"parakeet_2","I like parakeets.","मुझे तोते पसंद हैं।"
"parakeet_3","I saw a parakeet.","मैंने एक तोता देखा।"
"parakeet_4","What noise does a parakeet make?","एक तोता क्या शोर करता है?"
"owl","Owl","उल्लू"
"owl_2","I like owls.","मुझे उल्लू पसंद है।"
"owl_3","I saw an owl.","मैंने एक उल्लू को देखा।"
"owl_4","What noise does an owl make?","उल्लू क्या शोर मचाता है?"
"sheep","Sheep","भेड़"
"sheep_2","I like sheeps.","मुझे भेड़ें पसंद हैं।"
"sheep_3","I saw a sheep.","मैंने एक भेड़ देखी।"
"sheep_4","What noise does a sheep make?","भेड़ क्या शोर मचाती है?"
"clothes","Clothes","वस्त्र"
"pants","Pants","पैंट"
"pants_2","My pants are dirty.","मेरी पैंट गंदी है।"
"pants_3","Can you help me wear my pants?","क्या आप मुझे मेरी पैंट पहनने में मदद कर सकते हैं?"
"shirt","Shirt","कमीज"
"shirt_2","My shirt is dirty.","मेरी कमीज गंदी है।"
"shirt_3","Can you help me wear my shirt?","क्या आप मुझे मेरी शर्ट पहनने में मदद कर सकते हैं?"
"skirt","Skirt","स्कर्ट"
"skirt_2","My skirt is dirty.","मेरी स्कर्ट गंदी है।"
"skirt_3","Can you help me wear my skirt?","क्या आप मेरी स्कर्ट पहनने में मेरी मदद कर सकते हैं?"
"panty","Panty","पैंटी"
"panty_2","My underwear is dirty.","मेरा अंडरवियर गंदा है।"
"panty_3","Can you help me wear my panty?","क्या आप मुझे मेरी पैंटी पहनने में मदद कर सकते हैं?"
"jacket","Jacket","जैकेट"
"jacket_2","My jacket is dirty.","मेरी जैकेट गंदी है।"
"jacket_3","Can you help me wear my jacket?","क्या आप मेरी जैकेट पहनने में मेरी मदद कर सकते हैं?"
"tie","Tie","गुलोबन्द"
"tie_2","I like wearing tie.","मुझे टाई पहनना पसंद है।"
"tie_3","Can you help me tie my tie?","क्या आप मेरी टाई बांधने में मेरी मदद कर सकते हैं?"
"baseball-cap","Baseball cap","बेसबॉल टोपी"
"baseball-cap_2","I like wearing baseball cap.","मुझे बेसबॉल टोपी पहनना पसंद है।"
"baseball-cap_3","Which baseball cap should I wear?","मुझे कौन सी बेसबॉल टोपी पहननी चाहिए?"
"dress","Dress","पोशाक"
"dress_2","My dress is dirty.","मेरा पहनावा गंदा है।"
"dress_3","Can you help me wear my dress?","क्या आप मेरी ड्रेस पहनने में मेरी मदद कर सकते हैं?"
"shoes","Shoes","जूते"
"shoes_2","My shoes are dirty.","मेरे जूते गंदे हैं।"
"shoes_3","Can you help me wear my shoes?","क्या आप मुझे अपने जूते पहनने में मदद कर सकते हैं?"
"boots","Boots","जूते"
"boots_2","My boots are dirty.","मेरे जूते गंदे हैं।"
"boots_3","Can you help me wear my boots?","क्या आप मुझे अपने जूते पहनने में मदद कर सकते हैं?"
"sneakers","Sneakers","स्नीकर्स"
"sneakers_2","I want to wear my sneakers.","मैं अपने स्नीकर्स पहनना चाहता हूं।"
"sneakers_3","Can you help me wear my sneakers?","क्या आप मुझे मेरे स्नीकर्स पहनने में मदद कर सकते हैं?"
"slippers","Slippers","चप्पलें"
"slippers_2","I want to wear my slippers.","मैं अपनी चप्पल पहनना चाहता हूं।"
"slippers_3","Can you help me wear my slippers?","क्या आप मुझे मेरी चप्पल पहनने में मदद कर सकते हैं?"
"belt","Belt","बेल्ट"
"belt_2","I like wearing belt.","मुझे बेल्ट पहनना पसंद है।"
"belt_3","Can you help me wear my belt?","क्या आप मुझे अपना बेल्ट पहनने में मदद कर सकते हैं?"
"socks","Socks","मोज़े"
"socks_2","My socks are dirty.","मेरे मोजे गंदे हैं।"
"socks_3","Can you help me wear my socks?","क्या आप मुझे अपने मोजे पहनने में मदद कर सकते हैं?"
"swimsuit","Swimsuit","स्विमिंग सूट"
"swimsuit_2","I want to wear my swimsuit.","मैं अपना स्विमसूट पहनना चाहती हूं।"
"swimsuit_3","Can you help me wear my swimsuit?","क्या आप मुझे अपना स्विमसूट पहनने में मदद कर सकते हैं?"
"sweater","Sweater","स्वेटर"
"sweater_2","My sweater is dirty.","मेरा स्वेटर गंदा है।"
"sweater_3","Can you help me wear my sweater?","क्या आप मुझे मेरा स्वेटर पहनने में मदद कर सकते हैं?"
"scarf","Scarf","दुपट्टा"
"scarf_2","I like wearing scarf.","मुझे दुपट्टा पहनना पसंद है।"
"scarf_3","Can you help me wear my scarf?","क्या आप मुझे अपना दुपट्टा पहनने में मदद कर सकते हैं?"
"denim-shorts","Denim shorts","डेनिम शॉर्ट्स"
"denim-shorts_2","My denim shorts are dirty.","मेरे डेनिम शॉर्ट्स गंदे हैं।"
"denim-shorts_3","Can you help me wear my denim shorts?","क्या आप मुझे मेरे डेनिम शॉर्ट्स पहनने में मदद कर सकते हैं?"
"hoodies","Hoodies","हूडीज़"
"hoodies_2","I like wearing hoodies.","मुझे हुडी पहनना पसंद है।"
"hoodies_3","Can you help me wear my hoodie?","क्या आप मुझे अपना हुडी पहनने में मदद कर सकते हैं?"
"swimming-shorts","Swimming shorts","तैराकी के शॉर्ट्स"
"swimming-shorts_2","My swimming shorts are dirty.","मेरे तैराकी शॉर्ट्स गंदे हैं।"
"swimming-shorts_3","Can you help me wear my swimming shorts?","क्या आप मुझे अपनी तैराकी शॉर्ट्स पहनने में मदद कर सकते हैं?"
"bow-tie","Bow tie","बो टाई"
"bow-tie_2","I like wearing bow tie.","मुझे धनुष टाई पहनना पसंद है।"
"bow-tie_3","Can you help me wear my bow tie?","क्या आप मेरी धनुष टाई पहनने में मेरी मदद कर सकते हैं?"
"leather-jacket","Leather jacket","चमड़े का जैकेट"
"leather-jacket_2","I like wearing leather jacket.","मुझे लेदर जैकेट पहनना पसंद है।"
"leather-jacket_3","Can you help me wear my leather jacket?","क्या आप मुझे अपनी चमड़े की जैकेट पहनने में मदद कर सकते हैं?"
"bathrobe","Bathrobe","बाथरोब"
"bathrobe_2","I like wearing bathrobe.","मुझे बाथरोब पहनना पसंद है।"
"bathrobe_3","Can you help me wear my bathrobe?","क्या आप मुझे मेरे स्नान वस्त्र पहनने में मदद कर सकते हैं?"
"jumpsuit","Jumpsuit","जम्पसुट"
"jumpsuit_2","I like wearing jumpsuit.","मुझे जंपसूट पहनना पसंद है।"
"jumpsuit_3","Can you help me wear my jumpsuit?","क्या आप मुझे मेरा जंपसूट पहनने में मदद कर सकते हैं?"
"fedora-hat","Fedora hat","फेडोरा टोपी"
"fedora-hat_2","I like wearing fedora hat.","मुझे फेडोरा टोपी पहनना पसंद है।"
"fedora-hat_3","Can you help me wear my fedora hat?","क्या आप मुझे अपनी फेडोरा टोपी पहनने में मदद कर सकते हैं?"
"t-shirt","T-shirt","टीशर्ट"
"t-shirt_2","I like wearing t-shirt.","मुझे टीशर्ट पहनना पसंद है।"
"t-shirt_3","Can you help me wear my t-shirt?","क्या आप मुझे मेरी टी-शर्ट पहनने में मदद कर सकते हैं?"
"sleeveless","Sleeveless","बिना आस्तीन का"
"sleeveless_2","I like wearing sleeveless.","मुझे स्लीवलेस पहनना पसंद है।"
"sleeveless_3","Can you help me wear my sleeveless?","क्या आप मेरी स्लीवलेस पहनने में मेरी मदद कर सकते हैं?"
"boxers","Boxers","मुक्केबाजों"
"boxers_2","I like wearing boxers.","मुझे मुक्केबाज पहनना पसंद है।"
"boxers_3","Can you help me wear my boxers?","क्या आप मुझे मेरे मुक्केबाज पहनने में मदद कर सकते हैं?"
"vest","Vest","बनियान"
"vest_2","I like wearing vest.","मुझे बनियान पहनना पसंद है।"
"vest_3","Can you help me wear my vest?","क्या आप मुझे मेरी बनियान पहनने में मदद कर सकते हैं?"
"pamela-hat","Pamela hat","पामेला टोपी"
"pamela-hat_2","I like wearing pamela hat.","मुझे पामेला टोपी पहनना पसंद है।"
"pamela-hat_3","Can you help me wear my pamela hat?","क्या आप मेरी पमेला टोपी पहनने में मेरी मदद कर सकते हैं?"
"high-heels","High heels","ऊँची एड़ी के जूते"
"high-heels_2","I like wearing high heels.","मुझे हाई हील्स पहनना पसंद है।"
"high-heels_3","Can you help me wear my high heels?","क्या आप मुझे अपनी ऊँची एड़ी के जूते पहनने में मदद कर सकते हैं?"
"overalls","Overalls","चौग़ा"
"overalls_2","I like wearing overalls.","मुझे चौग़ा पहनना पसंद है।"
"overalls_3","Can you help me wear my overalls?","क्या आप मुझे मेरे चौग़ा पहनने में मदद कर सकते हैं?"
"kimono","Kimono","कीमोनो"
"kimono_2","I like wearing kimono.","मुझे किमोनो पहनना पसंद है।"
"kimono_3","Can you help me wear my kimono?","क्या आप मुझे मेरी किमोनो पहनने में मदद कर सकते हैं?"
"raincoat","Raincoat","रेनकोट"
"raincoat_2","I like wearing raincoat.","मुझे रेनकोट पहनना पसंद है।"
"raincoat_3","Can you help me wear my raincoat?","क्या आप मुझे अपना रेनकोट पहनने में मदद कर सकते हैं?"
"bandana","Bandana","बान्दाना"
"bandana_2","I like wearing bandana.","मुझे बंदना पहनना पसंद है।"
"bandana_3","Can you help me wear my bandana?","क्या आप मुझे अपना बाना पहनने में मदद कर सकते हैं?"
"beret","Beret","बेरेत"
"beret_2","I like wearing beret.","मुझे बर्थ पहनना पसंद है।"
"beret_3","Can you help me wear my beret?","क्या आप मुझे मेरी बर्थ पहनने में मदद कर सकते हैं?"
"knit-hat","Knit hat","टोपी बुनो"
"knit-hat_2","I like wearing knit hat.","मुझे नाइट हैट पहनना पसंद है।"
"knit-hat_3","Can you help me wear my knit hat?","क्या आप मेरी नाइट टोपी पहनने में मेरी मदद कर सकते हैं?"
"suspenders","Suspenders","ब्रेसिज़"
"suspenders_2","I like wearing suspenders.","मुझे सस्पेंडर्स पहनना पसंद है।"
"suspenders_3","Can you help me wear my suspenders?","क्या आप मुझे मेरे सस्पेंडर्स पहनने में मदद कर सकते हैं?"
"mitten","Mitten","एक प्रकार का दस्ताना"
"mitten_2","I like wearing mitten.","मुझे मटन पहनना पसंद है।"
"mitten_3","Can you help me wear my mitten?","क्या आप मुझे मेरा मटन पहनने में मदद कर सकते हैं?"
"suit","Suit","सूट"
"suit_2","I like wearing suit.","मुझे सूट पहनना पसंद है।"
"suit_3","Can you help me wear my suit?","क्या आप मुझे अपना सूट पहनने में मदद कर सकते हैं?"
"coat","Coat","कोट"
"coat_2","I like wearing coat.","मुझे कोट पहनना पसंद है।"
"coat_3","Can you help me wear my coat?","क्या आप मुझे अपना कोट पहनने में मदद कर सकते हैं?"
"trench-coat","Trench coat","बरसाती"
"trench-coat_2","I like wearing trench coat.","मुझे ट्रेंच कोट पहनना पसंद है।"
"trench-coat_3","Can you help me wear my trench coat?","क्या आप मुझे अपना ट्रेंच कोट पहनने में मदद कर सकते हैं?"
"colors","Colors","रंग की"
"crayons","Crayons","crayons"
"crayons_2","I like crayons.","मुझे क्रेयॉन पसंद हैं।"
"crayons_3","Can you give me crayons?","क्या आप मुझे क्रेयॉन दे सकते हैं?"
"crayons_4","I want to draw using my crayons.","मैं अपने क्रेयॉन का उपयोग करना चाहता हूं।"
"red","Red","लाल"
"red_2","It is red.","यह लाल है।"
"red_3","My favorite color is red.","मेरा मनपसंद रंग लाल है।"
"red_4","Can you give me red paint?","क्या आप मुझे लाल रंग दे सकते हैं?"
"blue","Blue","नीला"
"blue_2","It is blue.","यह नीला है।"
"blue_3","My favorite color is blue.","मेरा पसंदीदा रंग नीला है।"
"blue_4","Can you give me blue paint?","क्या आप मुझे ब्लू पेंट दे सकते हैं?"
"orange","Orange","संतरा"
"orange_2","It is orange color.","यह नारंगी रंग है।"
"orange_3","My favorite color is orange.","मेरा प्रिय रंग नारंगी है।"
"orange_4","Can you give me orange paint?","क्या आप मुझे नारंगी रंग दे सकते हैं?"
"green","Green","हरा"
"green_2","It is green.","यह हरे रंग का है।"
"green_3","My favorite color is green.","मेरा पसंदीदा रंग हरा है।"
"green_4","Can you give me green paint?","क्या आप मुझे हरा रंग दे सकते हैं?"
"yellow","Yellow","पीला"
"yellow_2","It is yellow.","यह पीला है।"
"yellow_3","My favorite color is yellow.","मेरा पसंदीदा रंग पीला है।"
"yellow_4","Can you give me yellow paint?","क्या आप मुझे पीला पेंट दे सकते हैं?"
"purple","Purple","बैंगनी"
"purple_2","It is purple.","यह बैंगनी है।"
"purple_3","My favorite color is purple.","मेरा पसंदीदा रंग बैंगनी है।"
"purple_4","Can you give me purple paint?","क्या आप मुझे पर्पल पेंट दे सकते हैं?"
"pink","Pink","गुलाबी"
"pink_2","It is pink.","यह गुलाबी है।"
"pink_3","My favorite color is pink.","मेरा पसंदीदा रंग गुलाबी है।"
"pink_4","Can you give me pink paint?","क्या आप मुझे गुलाबी रंग दे सकते हैं?"
"brown","Brown","भूरा"
"brown_2","It is brown.","ये भूरा हैं।"
"brown_3","My favorite color is brown.","मेरा पसंदीदा रंग भूरा है।"
"brown_4","Can you give me brown paint?","क्या आप मुझे ब्राउन पेंट दे सकते हैं?"
"black","Black","काली"
"black_2","It is black.","यह काला है।"
"black_3","My favorite color is black.","मेरा पसंदीदा रंग काला है।"
"black_4","Can you give me black paint?","क्या आप मुझे काला पेंट दे सकते हैं?"
"white","White","सफेद"
"white_2","It is white.","यह सफेद है।"
"white_3","My favorite color is white.","मेरा पसंदीदा रंग सफेद है।"
"white_4","Can you give me white paint?","क्या आप मुझे सफेद पेंट दे सकते हैं?"
"gray","Gray","धूसर"
"gray_2","It is gray.","यह धूसर होता है।"
"gray_3","My favorite color is gray.","मेरा पसंदीदा रंग ग्रे है।"
"gray_4","Can you give me gray paint?","क्या आप मुझे ग्रे पेंट दे सकते हैं?"
"transparent","Transparent","पारदर्शक"
"transparent_2","It is transparent.","यह पारदर्शी है।"
"transparent_3","I can see behind transparent color.","मैं पारदर्शी रंग के पीछे देख सकता हूं।"
"transparent_4","Can you help me erase?","क्या आप मुझे मिटाने में मदद कर सकते हैं?"
"cyan","Cyan","सियान"
"cyan_2","It is cyan.","यह सियान है।"
"cyan_3","My favorite color is cyan.","मेरा पसंदीदा रंग सियान है।"
"cyan_4","Can you give me cyan paint?","क्या आप मुझे सियान पेंट दे सकते हैं?"
"violet","Violet","बैंगनी"
"violet_2","It is violet.","यह वायलेट है।"
"violet_3","My favorite color is violet.","मेरा पसंदीदा रंग बैंगनी है।"
"violet_4","Can you give me violet paint?","क्या आप मुझे वायलेट पेंट दे सकते हैं?"
"turquoise","Turquoise","फ़िरोज़ा"
"turquoise_2","It is turquoise.","यह फ़िरोज़ा है।"
"turquoise_3","My favorite color is turquoise.","मेरा पसंदीदा रंग फ़िरोज़ा है।"
"turquoise_4","Can you give me turquoise paint?","क्या आप मुझे फ़िरोज़ा पेंट दे सकते हैं?"
"lime","Lime","चूना"
"lime_2","It is lime.","यह चूना है।"
"lime_3","My favorite color is lime.","मेरा पसंदीदा रंग चूना है।"
"lime_4","Can you give me lime paint?","क्या आप मुझे चूना पेंट दे सकते हैं?"
"plum","Plum","बेर"
"plum_2","It is plum.","यह बेर है।"
"plum_3","My favorite color is plum.","मेरा पसंदीदा रंग बेर है।"
"plum_4","Can you give me plum paint?","क्या आप मुझे बेर पेंट दे सकते हैं?"
"tan","Tan","टैन"
"tan_2","It is tan color.","यह टैन रंग है।"
"tan_3","My favorite color is tan color.","मेरा पसंदीदा रंग तन रंग है।"
"tan_4","Can you give me tan color paint?","क्या आप मुझे टैन कलर पेंट दे सकते हैं?"
"avocado","Avocado","एवोकाडो"
"avocado_2","It is avocado color.","यह एवोकैडो रंग है।"
"avocado_3","My favorite color is avocado color.","मेरा पसंदीदा रंग एवोकैडो रंग है।"
"avocado_4","Can you give me avocado color paint?","क्या आप मुझे एवोकैडो रंग पेंट दे सकते हैं?"
"barbie-pink","Barbie pink","बार्बी गुलाबी"
"barbie-pink_2","It is barbie pink color.","यह बार्बी गुलाबी रंग है।"
"barbie-pink_3","My favorite color is barbie pink.","मेरा पसंदीदा रंग बार्बी गुलाबी है।"
"barbie-pink_4","Can you give me barbie pink paint?","क्या आप मुझे बार्बी गुलाबी पेंट दे सकते हैं?"
"blizzard-blue","Blizzard blue","बर्फानी नीला"
"blizzard-blue_2","It is blizzard blue color.","यह बर्फानी नीला रंग है।"
"blizzard-blue_3","My favorite color is blizzard blue color.","मेरा पसंदीदा रंग नीला रंग है।"
"blizzard-blue_4","Can you give me blizzard blue paint?","क्या आप मुझे ब्लिज़र्ड ब्लू पेंट दे सकते हैं?"
"conversation","Conversation","बातचीत"
"me","Me","मुझे"
"me_2","My name is {name}","मेरा नाम {नाम} है"
"me_3","I'm {name}","मेरा नाम है}"
"me_4","Do you know my name?","क्या तुम मेरा नाम जानते हो?"
"me_5","What is your name?","तुम्हारा नाम क्या हे?"
"me_6","Nice to meet you!","आपसे मिलकर अच्छा लगा!"
"me_7","Do you like me?","क्या आप मुझे पसंद करते ह?"
"me_8","Can we be friends?","क्या हम दोस्त बन सकते हैं?"
"me_9","I'm using assistive communication app.","मैं सहायक संचार एप्लिकेशन का उपयोग कर रहा हूं।"
"me_10","Who are you?","तुम कौन हो?"
"hello","Hello","हैलो"
"hello_2","Hello.","हैलो।"
"hello_3","Hi.","नमस्ते।"
"hello_4","Greetings.","अभिवादन।"
"hello_5","How are you?","क्या हाल है?"
"hello_6","Nice to meet you!","आपसे मिलकर अच्छा लगा!"
"help","Help","मदद"
"help_2","Help me.","मेरी मदद करो।"
"help_3","Can you help me?","क्या आप मेरी मदद कर सकते हैं?"
"help_4","I need help","मुझे मदद की ज़रूरत है"
"help_5","Do you need help?","क्या आपको मदद की ज़रूरत है?"
"yes","Yes","हाँ"
"yes_2","Yes.","हाँ।"
"yes_3","Yes please.","हाँ कृपया।"
"yes_4","Alright.","ठीक है।"
"yes_5","Agreed.","माना।"
"yes_6","I want to.","में चाहता हूं।"
"yes_7","I would like to.","मैं।"
"no","No","नहीं"
"no_2","No.","नहीं।"
"no_3","Nope.","नहीं।"
"no_4","Never.","कभी नहीँ।"
"no_5","I don't want to.","मैं नहीं करना चाहता।"
"no_6","I don't like it.","मुझे यह पसंद नहीं है।"
"no_7","You don't like it?","आपको यह पसंद नहीं है?"
"no_8","Why you don't like it?","आपको यह पसंद क्यों नहीं है?"
"toilet","Toilet","शौचालय"
"toilet_2","I need to go to the toilet.","मुझे शौचालय जाने की जरूरत है।"
"toilet_3","I need to pee.","मुझे टॉयलेट जाना है।"
"toilet_4","I need to poop.","मुझे शौच जाना है।"
"toilet_5","Can you help me go to the toilet?","क्या आप मुझे शौचालय जाने में मदद कर सकते हैं?"
"toilet_6","Can you help me clean?","क्या आप मुझे साफ करने में मदद कर सकते हैं?"
"toilet_7","I peed myself.","मैंने मूत्र त्याग किया।"
"toilet_8","I pooped myself.","मैंने अपना शिकार बनाया।"
"what","What","क्या"
"what_2","What is that?","वो क्या है?"
"what_3","What does it mean?","इसका क्या मतलब है?"
"what_4","What do you mean?","क्या मतलब?"
"what_5","Can you explain it?","क्या आप इसे समझा सकते हैं?"
"what_6","Can you repeat what you said?","क्या आपने जो कहा उसे दोहरा सकते हैं?"
"what_7","I don't understand.","मुझे समझ नहीं आ रहा है।"
"sleep","Sleep","नींद"
"sleep_2","I want to sleep.","मै सोना चाहता हूँ।"
"sleep_3","I don't want to sleep.","मैं सोना नहीं चाहता।"
"sleep_4","I'm tired.","मैं थक गया हूँ।"
"sleep_5","Are you tired?","क्या तुम थके हुए हो?"
"sleep_6","When am I going to sleep?","मैं कब सोने जा रहा हूँ?"
"sleep_7","I want to take a nap.","मैं एक झपकी लेना चाहता हूँ।"
"bath","Bath","स्नान"
"bath_2","I want to take a bath.","मैं स्नान करना चाहता हूँ।"
"bath_3","I like taking a bath.","मुझे नहाना पसंद है।"
"bath_4","I want to wash my hands.","मैं अपने हाथ धोना चाहता हूं।"
"bath_5","I want to take a shower.","मेरी नहाने की इच्छा है।"
"bath_6","I want to clean myself.","मैं खुद को साफ करना चाहता हूं।"
"bath_7","Can you help me take a bath?","क्या आप मुझे नहाने में मदद कर सकते हैं?"
"bath_8","I don't want to take a bath.","मैं स्नान नहीं करना चाहता।"
"listen","Listen","बात सुनो"
"listen_2","Listen to me.","मेरी बात सुनो।"
"listen_3","Can you listen to me?","क्या तुम मेरी बात सुन सकते हो?"
"listen_4","Listen to music.","संगीत सुनें।"
"listen_5","Listening to my parents.","मेरे माता-पिता की बात सुनकर।"
"listen_6","Listen to what my application is saying!","मेरा आवेदन क्या कह रहा है सुनो!"
"morning","Morning","सुबह"
"morning_2","Good morning.","शुभ प्रभात।"
"morning_3","I like mornings.","मुझे सुबह पसंद है।"
"morning_4","In the morning.","सुबह में।"
"morning_5","Morning time.","सुबह का समय।"
"morning_6","Is it morning?","क्या यह सुबह है?"
"night","Night","रात"
"night_2","Good night!","शुभ रात्रि!"
"night_3","I like nights.","मुझे रातें पसंद हैं।"
"night_4","At night.","रात को।"
"night_5","Night time.","रात का समय।"
"night_6","Is it night?","रात हो गई?"
"look","Look","देखो"
"look_2","Look at me.","मुझे देखो।"
"look_3","Look at this.","इसे देखो।"
"look_4","Are you looking?","क्या आप देख रहे हो?"
"look_5","Look at my drawing.","मेरे ड्राइंग को देखो।"
"look_6","How do I look?","मैं कैसा दिखता हूँ?"
"look_7","Look what I did.","देखो मैंने क्या किया।"
"look_8","Let's look at that.","आइए उस पर नजर डालते हैं।"
"speak","Speak","बोले"
"speak_2","I'm learning how to speak.","मैं बोलना सीख रहा हूं।"
"speak_3","I want to speak.","मैं बोलना चाहता हूँ।"
"speak_4","Can I speak with you?","क्या मैं आपसे बात कर सकता हूं?"
"speak_5","I like speaking.","मुझे बोलना पसंद है।"
"speak_6","I'm using assistive communication app.","मैं सहायक संचार एप्लिकेशन का उपयोग कर रहा हूं।"
"play","Play","खेल"
"play_2","I love playing.","मुझे खेलना पसंद है।"
"play_3","Can you play with me?","क्या तुम मेरे साथ खेल सकते हो?"
"play_4","I want to play with you!","मै तुम्हारे साथ खेलना चाहता हु!"
"play_5","I want to play with my friends.","मैं अपने दोस्तों के साथ खेलना चाहता हूं।"
"play_6","I don't want to play with you.","मैं तुम्हारे साथ नहीं खेलना चाहता।"
"outside","Outside","बाहर"
"outside_2","I love going outside.","मुझे बाहर जाना बहुत पसंद है।"
"outside_3","I want to go outside.","मैं बाहर की ओर जाना चाहता हूँ।"
"outside_4","Is it cold outside?","बाहर ठंड है?"
"outside_5","I don't like outside.","मुझे बाहर पसंद नहीं है।"
"outside_6","Can I go outside?","क्या मैं बाहर जा सकता हूं?"
"home","Home","घर"
"home_2","I love my home.","मुझे अपने घर से प्यार है।"
"home_3","I want to go home.","मुझे घर जाना है।"
"home_4","Where is your home?","तुम्हारा घर कहाँ है?"
"home_5","Home sweet home.","घर प्यारा घर।"
"home_6","I'm in the house.","मैं घर पर हूँ।"
"home_7","I'm not in the house.","मैं घर में नहीं हूं।"
"hurt","Hurt","चोट"
"hurt_2","I'm hurt.","मुझे चोट लगी है।"
"hurt_3","Are you hurt?","चोट तो नहीं लगी?"
"hurt_4","Did I hurt you?","क्या मैंने आपको चोट पहुँचाई?"
"hurt_5","I didn't mean to hurt you!","मैं तुम्हें चोट करने के लिए मतलब नहीं था!"
"hurt_6","Is it going to hurt?","क्या यह दुख देने वाला है?"
"hurt_7","I have a headache.","मुझे सिर दर्द है।"
"hurt_8","I have a stomach ache.","मुझे पेट दर्द हैं।"
"hurt_9","My genitals hurt.","मेरे गुप्तांग पर चोट लगी।"
"hurt_10","My foot hurts.","मेरे पैर में दर्द है।"
"feelings","Feelings","भावना"
"happy","Happy","खुश"
"happy_2","I'm happy.","में खुश हूँ।"
"happy_3","I feel happy.","मुझे खुशी महसूस हो रही है।"
"happy_4","Do you feel happy?","क्या आप खुश महसूस करते हैं?"
"happy_5","I want to feel happy.","मैं खुश महसूस करना चाहता हूं।"
"happy_6","You are making me happy.","आप मुझे खुश कर रहे हैं।"
"sad","Sad","उदास"
"sad_2","I'm sad.","मैं दुखी हूँ।"
"sad_3","I feel sad.","मुझे दुख हो रहा है।"
"sad_4","Do you feel sad?","क्या आपको दुःख होता है?"
"sad_5","I don't want to feel sad.","मैं दुखी महसूस नहीं करना चाहता।"
"sad_6","You are making me sad.","आप मुझे दुखी कर रहे हैं।"
"exhausted","Exhausted","थक"
"exhausted_2","I'm exhausted.","मैं थक गया हूँ।"
"exhausted_3","I feel exhausted.","मैं थका हुआ महसूस कर रहा हूँ।"
"exhausted_4","Do you feel exhausted?","क्या आपको थकावट महसूस होती है?"
"exhausted_5","I don't want to be exhausted.","मैं थकना नहीं चाहता।"
"relaxed","Relaxed","ढील"
"relaxed_2","I'm relaxed.","मैं आराम से हूं।"
"relaxed_3","I feel relaxed.","मैं आराम महसूस करता हूँ।"
"relaxed_4","Do you feel relaxed?","क्या आप आराम महसूस करते हैं?"
"relaxed_5","I want to feel relaxed.","मैं आराम महसूस करना चाहता हूं।"
"in-love","In love","प्यार हुआ इकरार हुआ"
"in-love_2","I'm in love.","मुझे प्यार हो गया है।"
"in-love_3","I feel in love.","मुझे प्यार हो गया।"
"in-love_4","Are you in love?","क्या आप प्यार में हैं?"
"in-love_5","I want to fall in love.","मैं प्यार में पड़ना चाहता हूँ।"
"in-love_6","Do you love me?","क्या तुम मुझे प्यार करती?"
"stressed","Stressed","पर बल दिया"
"stressed_2","I'm stressed.","मैं तनाव में हूं।"
"stressed_3","I feel stressed.","मैं अत्यधिक थका हुआ हूँ।"
"stressed_4","Do you feel stressed?","क्या आप तनाव महसूस करते हैं?"
"stressed_5","I don't want to feel stressed.","मैं तनाव महसूस नहीं करना चाहता।"
"thankful","Thankful","कृतज्ञ"
"thankful_2","I'm thankful.","मैं आभारी हूँ।"
"thankful_3","I feel thankful.","मैं आभारी महसूस करता हूं।"
"thankful_4","Do you feel thankful?","क्या आप आभारी महसूस करते हैं?"
"thankful_5","I want to feel thankful.","मैं आभारी महसूस करना चाहता हूं।"
"confused","Confused","उलझन में"
"confused_2","I'm confused.","मैं उलझन में हूं।"
"confused_3","I feel confused.","मुझे उलझन मसहूस हो रही है।"
"confused_4","Do you feel confused?","क्या आप भ्रमित महसूस करते हैं?"
"confused_5","You are confusing me.","तुम मुझे संदेह में डाल रहे हो।"
"joyful","Joyful","आनंदपूर्ण"
"joyful_2","I'm joyful.","मैं हर्षित हूं।"
"joyful_3","I feel joyful.","मुझे खुशी महसूस होती है।"
"joyful_4","Do you feel joyful?","क्या आप आनंदित महसूस करते हैं?"
"joyful_5","I want to feel joyful.","मैं खुशी महसूस करना चाहता हूं।"
"angry","Angry","गुस्सा"
"angry_2","I'm angry.","मैं नाराज़ हूँ।"
"angry_3","I feel angry.","मुझे गुस्सा आ रहा है।"
"angry_4","Do you feel angry?","क्या आपको गुस्सा आता है?"
"angry_5","I'm angry at you.","मैं तुम से नाराज हूं।"
"angry_6","You are making me angry.","आप मुझे क्रोधित कर रहे हैं।"
"smart","Smart","होशियार"
"smart_2","I'm smart.","मई हुशार हुँ।"
"smart_3","I feel smart.","मैं स्मार्ट महसूस करता हूं।"
"smart_4","Do you feel smart?","क्या आप स्मार्ट महसूस करते हैं?"
"smart_5","Am I smart?","क्या मैं स्मार्ट हूँ?"
"smart_6","You are smart!","आप होशियार हो!"
"afraid","Afraid","डरा हुआ"
"afraid_2","I'm afraid.","मुझे डर लग रहा है।"
"afraid_3","I feel afraid.","मुझे डर लगता है।"
"afraid_4","Do you feel afraid?","क्या आपको डर लगता है?"
"afraid_5","I don't want to feel afraid.","मैं डर महसूस नहीं करना चाहता।"
"afraid_6","You are scaring me.","आप मुझे डरा रहे हैं।"
"ashamed","Ashamed","शर्मिंदा"
"ashamed_2","I'm ashamed.","मैं शर्मिंदा हूँ।"
"ashamed_3","I feel ashamed.","मैं शर्मिंदा हूँ।"
"ashamed_4","Do you feel ashamed?","क्या आपको शर्म आती है?"
"ashamed_5","I don't want to feel ashamed.","मैं शर्मिंदा महसूस नहीं करना चाहता।"
"shocked","Shocked","हैरान"
"shocked_2","I'm shocked.","मैं हैरान हूँ।"
"shocked_3","I feel shocked.","मुझे धक्का लगा।"
"shocked_4","Do you feel shocked?","क्या आपको धक्का लगा है?"
"shocked_5","You shocked me.","तुमने मुझे झटका दिया।"
"sick","Sick","बीमार"
"sick_2","I'm sick.","मै बीमार हूँ।"
"sick_3","I feel sick.","मैं बीमार महसूस कर रहा हूँ।"
"sick_4","Do you feel sick?","क्या आप बीमार हो?"
"sick_5","I don't want to be sick.","मैं बीमार नहीं होना चाहता।"
"sick_6","I'm sick of the food.","मैं भोजन से बीमार हूँ।"
"frustrated","Frustrated","हताश होकर"
"frustrated_2","I'm frustrated.","मैं निराश हूँ।"
"frustrated_3","I feel frustrated.","मैं ऊबाउ अनुभव किया।"
"frustrated_4","Do you feel frustrated?","क्या आप निराश महसूस करते हैं?"
"frustrated_5","I don't want to feel frustrated.","मैं निराश महसूस नहीं करना चाहता।"
"excited","Excited","उत्साहित"
"excited_2","I'm excited.","में उत्साहित हु।"
"excited_3","I feel excited.","मैं उत्साहित महसूस।"
"excited_4","Do you feel excited?","क्या आप उत्साहित महसूस करते हैं?"
"excited_5","I don't want to feel excited.","मैं उत्साहित महसूस नहीं करना चाहता।"
"nauseated","Nauseated","मिचली"
"nauseated_2","I'm nauseated.","मुझे मतली हो रही है।"
"nauseated_3","I feel nauseated.","मुझे मतली महसूस होती है।"
"nauseated_4","Do you feel nauseated?","क्या आप मतली महसूस करते हैं?"
"nauseated_5","I don't want to feel nauseated.","मैं मतली महसूस नहीं करना चाहता।"
"agitated","Agitated","उत्तेजित"
"agitated_2","I'm agitated.","मैं आंदोलित हूं।"
"agitated_3","I feel agitated.","मैं उत्तेजित महसूस करता हूं।"
"agitated_4","Do you feel agitated?","क्या आप उत्तेजित महसूस करते हैं?"
"agitated_5","I don't want to feel agitated.","मैं उत्तेजित महसूस नहीं करना चाहता।"
"food","Food","खाना"
"hungry","Hungry","भूखे पेट"
"hungry_2","I'm hungry.","मुझे भूख लगी है।"
"hungry_3","Are you hungry?","क्या आप भूखे हैं?"
"hungry_4","Can you make me food?","क्या आप मुझे खाना बना सकते हैं?"
"hungry_5","What is for dinner?","रात के खाने में क्या है?"
"thirsty","Thirsty","प्यासे"
"thirsty_2","I'm thirsty.","मैं प्यासा हूँ।"
"thirsty_3","Can I have some water?","क्या मुझे पानी मिल सकता है?"
"thirsty_4","Can I have a glass of water?","क्या मुझे एक गिलास पानी मिल सकता है?"
"thirsty_5","I want something to drink.","मुझे पीने के लिए कुछ चाहिए।"
"cutlery","Cutlery","कटलरी"
"cutlery_2","I need cutlery.","मुझे कटलरी चाहिए।"
"cutlery_3","Help me use cutlery.","कटलरी का उपयोग करने में मेरी मदद करें।"
"cutlery_4","I need a fork.","मुझे कांटा चाहिए।"
"cutlery_5","I need a spoon.","मुझे एक चम्मच चाहिए।"
"cutlery_6","I need chopsticks.","मुझे चॉपस्टिक की जरूरत है।"
"cutlery_7","I need a knife.","मुझे चाकू चाहिए।"
"cutlery_8","I need a napkin.","मुझे रुमाल चाहिए।"
"apple","Apple","सेब"
"apple_2","I like apple.","मुझे सेब पसंद है।"
"apple_3","I don't like apple.","मुझे सेब पसंद नहीं है।"
"apple_4","I want to eat an apple.","मैं एक सेब खाना चाहता हूं।"
"carrot","Carrot","गाजर"
"carrot_2","I like carrot.","मुझे गाजर पसंद है।"
"carrot_3","I don't like carrot.","मुझे गाजर पसंद नहीं है।"
"carrot_4","I want to eat a carrot.","मैं एक गाजर खाना चाहता हूं।"
"beans","Beans","फलियां"
"beans_2","I like beans.","मुझे फलियाँ पसंद हैं।"
"beans_3","I don't like beans.","मुझे फलियाँ पसंद नहीं हैं।"
"beans_4","I want to eat beans.","मैं बीन्स खाना चाहता हूं।"
"chicken_5","I want fried chicken.","मुझे तला हुआ चिकन चाहिए।"
"chicken_6","I want boiled chicken.","मुझे उबला हुआ चिकन चाहिए।"
"chocolate","Chocolate","चॉकलेट"
"chocolate_2","I like chocolate.","मुझे चॉकलेट पसंद है।"
"chocolate_3","I don't like chocolate.","मुझे चॉकलेट पसंद नहीं है।"
"chocolate_4","I want to eat chocolate.","मैं चॉकलेट खाना चाहता हूं।"
"chocolate_5","I want dark chocolate.","मुझे डार्क चॉकलेट चाहिए।"
"chocolate_6","I want white chocolate.","मुझे व्हाइट चॉकलेट चाहिए।"
"milk","Milk","दूध"
"milk_2","I like milk.","मुझे दूध पसंद है।"
"milk_3","I don't like milk.","मुझे दूध पसंद नहीं है।"
"milk_4","I want to drink milk.","मुझे दूध पीना हे।"
"milk_5","Can I have a glass of milk?","क्या मुझे एक गिलास दूध मिल सकता है?"
"sandwich","Sandwich","सैंडविच"
"sandwich_2","I like sandwich.","मुझे सैंडविच पसंद है।"
"sandwich_3","I don't like sandwich.","मुझे सैंडविच पसंद नहीं है।"
"sandwich_4","I want to eat a sandwich.","मैं एक सैंडविच खाना चाहता हूं।"
"sandwich_5","Can you make me a sandwich?","क्या आप मुझे सैंडविच बना सकते हैं?"
"steak","Steak","स्टेक"
"steak_2","I like steak.","मुझे स्टेक पसंद है।"
"steak_3","I don't like steak.","मुझे स्टेक पसंद नहीं है।"
"steak_4","I want to eat steak.","मैं स्टेक खाना चाहता हूं।"
"steak_5","Can you cook steak for me?","क्या आप मेरे लिए स्टेक बना सकते हैं?"
"banana","Banana","केला"
"banana_2","I like banana.","मुझे केला पसंद है।"
"banana_3","I don't like banana.","मुझे केला पसंद नहीं है।"
"banana_4","I want to eat a banana.","मैं एक केला खाना चाहता हूं।"
"pie","Pie","पाई"
"pie_2","I like pie.","मुझे पाई पसंद है।"
"pie_3","I don't like pie.","मुझे पाई पसंद नहीं है।"
"pie_4","I want to eat pie.","मैं पाई खाना चाहता हूं।"
"pie_5","Can you bake a pie for me?","क्या आप मेरे लिए एक पाई बेक कर सकते हैं?"
"egg","Egg","अंडा"
"egg_2","I like egg.","मुझे अंडा पसंद है।"
"egg_3","I don't like egg.","मुझे अंडा पसंद नहीं है।"
"egg_4","I want to eat egg.","मैं अंडा खाना चाहता हूं।"
"egg_5","I want fried eggs.","मुझे तले हुए अंडे चाहिए।"
"egg_6","I want boiled eggs.","मुझे उबले हुए अंडे चाहिए।"
"noodles","Noodles","नूडल्स"
"noodles_2","I like noodles.","मुझे नूडल्स पसंद हैं।"
"noodles_3","I don't like noodles.","मुझे नूडल्स पसंद नहीं है।"
"noodles_4","I want to eat noodles.","मैं नूडल्स खाना चाहता हूं।"
"noodles_5","Can you cook noodles for me?","क्या आप मेरे लिए नूडल्स बना सकते हैं?"
"salt","Salt","नमक"
"salt_2","I want salt.","मुझे नमक चाहिए।"
"salt_3","Can you pass me the salt?","क्या आप मुझे नमक दे सकते हैं?"
"salt_4","Food is too salty.","खाना बहुत नमकीन है।"
"salt_5","My food needs some salt.","मेरे भोजन में कुछ नमक की जरूरत है।"
"spices","Spices","मसाले"
"spices_2","I like spicy food.","मुझे मसालेदार खाना अच्छा लगता है।"
"spices_3","I don't like spicy food.","मुझे मसालेदार खाना पसंद नहीं है।"
"spices_4","I want paprika.","मुझे पप्रिका चाहिए।"
"spices_5","I want black pepper.","मुझे काली मिर्च चाहिए।"
"pizza","Pizza","पिज़्ज़ा"
"pizza_2","I like pizza.","मैं पिज्जा पसंद करता हूँ।"
"pizza_3","I don't like pizza.","मुझे पिज्जा पसंद नहीं है।"
"pizza_4","I want to eat pizza.","मैं पिज़्जा खाना चाहता हूँ।"
"pizza_5","Can you cook pizza for me?","क्या आप मेरे लिए पिज़्ज़ा बना सकते हैं?"
"pizza_6","Can we order pizza?","क्या हम पिज्जा ऑर्डर कर सकते हैं?"
"cheese","Cheese","पनीर"
"cheese_2","I like cheese.","मुझे चीज़ पसंद है।"
"cheese_3","I don't like cheese.","मुझे पनीर पसंद नहीं है।"
"cheese_4","I want to eat cheese.","मैं पनीर खाना चाहता हूं।"
"ice-cream","Ice cream","आइसक्रीम"
"ice-cream_2","I like ice cream.","मुझे आइसक्रीम पसंद है।"
"ice-cream_3","I don't like ice cream.","मुझे आइसक्रीम पसंद नहीं है।"
"ice-cream_4","I want to eat ice cream.","मैं आइसक्रीम खाना चाहता हूं।"
"ice-cream_5","Can you buy ice cream for me?","क्या आप मेरे लिए आइसक्रीम खरीद सकते हैं?"
"tea","Tea","चाय"
"tea_2","I like tea.","मुझे चाय पसंद है।"
"tea_3","I don't like tea.","मुझे चाय पसंद नहीं है।"
"tea_4","I want to drink tea.","मैं चाय पीना चाहता हूं।"
"tea_5","Can you make tea for me?","क्या आप मेरे लिए चाय बना सकते हैं?"
"coffee","Coffee","कॉफ़ी"
"coffee_2","I like coffee.","मुझे कॉफी पसंद है।"
"coffee_3","I don't like coffee.","मुझे कॉफी पसंद नहीं है।"
"coffee_4","I want to drink coffee.","मैं कॉफ़ी पीना चाहता हूँ।"
"coffee_5","Can you make coffee for me?","क्या आप मेरे लिए कॉफी बना सकते हैं?"
"tomato","Tomato","टमाटर"
"tomato_2","I like tomato.","मुझे टमाटर पसंद है।"
"tomato_3","I don't like tomato.","मुझे टमाटर पसंद नहीं है।"
"tomato_4","I want to eat tomato.","मैं टमाटर खाना चाहता हूं।"
"cereal","Cereal","अनाज"
"cereal_2","I like cereal.","मुझे अनाज पसंद है।"
"cereal_3","I don't like cereal.","मुझे अनाज पसंद नहीं है।"
"cereal_4","I want to eat cereal.","मैं अनाज खाना चाहता हूं।"
"cereal_5","Can you make my cereal?","क्या आप मेरा अनाज बना सकते हैं?"
"burger","Burger","बर्गर"
"burger_2","I like burger.","मुझे बर्गर पसंद है।"
"burger_3","I don't like burger.","मुझे बर्गर पसंद नहीं है।"
"burger_4","I want to eat burger.","मैं बर्गर खाना चाहता हूं।"
"burger_5","Can you cook burger for me?","क्या आप मेरे लिए बर्गर पका सकते हैं?"
"burger_6","Can we order burger?","क्या हम बर्गर ऑर्डर कर सकते हैं?"
"french-fries","French fries","फ्रेंच फ्राइज"
"french-fries_2","I like french fries.","मुझे फ्रेंच फ्राइज पसंद हैं।"
"french-fries_3","I don't like french fries.","मुझे फ्रेंच फ्राइज़ पसंद नहीं है।"
"french-fries_4","I want to eat french fries.","मैं फ्रेंच फ्राइज़ खाना चाहता हूं।"
"french-fries_5","Can you cook french fries for me?","क्या आप मेरे लिए फ्रेंच फ्राइज़ पका सकते हैं?"
"french-fries_6","Can we order french fries?","हम फ्रेंच फ्राइज़ ऑर्डर कर सकते हैं?"
"spinach","Spinach","पालक"
"spinach_2","I like spinach.","मुझे पालक पसंद है।"
"spinach_3","I don't like spinach.","मुझे पालक पसंद नहीं है।"
"spinach_4","I want to eat spinach.","मैं पालक खाना चाहता हूं।"
"rice","Rice","चावल"
"rice_2","I like rice.","मुझे चावल पसंद है।"
"rice_3","I don't like rice.","मुझे चावल पसंद नहीं है।"
"rice_4","I want to eat rice.","मैं चावल खाना चाहता हूँ।"
"rice_5","Can you cook rice for me?","क्या आप मेरे लिए चावल पका सकते हैं?"
"bread","Bread","रोटी"
"bread_2","I like bread.","मुझे रोटी पसंद हैं।"
"bread_3","I don't like bread.","मुझे रोटी पसंद नहीं है।"
"bread_4","I want to eat bread.","मैं रोटी खाना चाहता हूं।"
"bread_5","Can you buy some bread?","क्या आप कुछ रोटी खरीद सकते हैं?"
"pasta","Pasta","पास्ता"
"pasta_2","I like pasta.","मुझे पास्ता पसंद है।"
"pasta_3","I don't like pasta.","मुझे पास्ता पसंद नहीं है।"
"pasta_4","I want to eat pasta.","मैं पास्ता खाना चाहता हूं।"
"pasta_5","Can you cook pasta for me?","क्या आप मेरे लिए पास्ता बना सकते हैं?"
"sauce","Sauce","चटनी"
"sauce_2","I like sauce.","मुझे सॉस पसंद है।"
"sauce_3","I don't like sauce.","मुझे सॉस पसंद नहीं है।"
"sauce_4","I want some sauce.","मुझे कुछ सॉस चाहिए।"
"sauce_5","Can I have ketchup?","क्या मुझे केचअप मिल सकता है?"
"sauce_6","Can I have mayonnaise?","क्या मेरे पास मेयोनेज़ हो सकता है?"
"sauce_7","Can I have mustard?","क्या मेरे पास सरसों हो सकती है?"
"sauce_8","Can I have ranch sauce?","क्या मुझे रंच सॉस मिल सकती है?"
"kebab","Kebab","कबाब"
"kebab_2","I like kebab.","मुझे कबाब पसंद है।"
"kebab_3","I don't like kebab.","मुझे कबाब पसंद नहीं है।"
"kebab_4","I want to eat kebab.","मैं कबाब खाना चाहता हूं।"
"kebab_5","Can you cook kebab for me?","क्या आप मेरे लिए कबाब बना सकते हैं?"
"kebab_6","Can we order kebab?","क्या हम कबाब ऑर्डर कर सकते हैं?"
"numbers","Numbers","नंबर"
"one","One","एक"
"one_2","One comes before two.","एक दो से पहले आता है।"
"one_3","One comes after zero.","एक शून्य के बाद आता है।"
"one_4","I want one.","मुझे एक चाहिए।"
"two","Two","दो"
"two_2","Two comes before three.","तीन से पहले दो आते हैं।"
"two_3","Two comes after one.","एक के बाद एक दो आते हैं।"
"two_4","I want two.","मुझे दो चाहिए।"
"three","Three","तीन"
"three_2","Three comes before four.","चार से पहले तीन आते हैं।"
"three_3","Three comes after two.","दो के बाद तीन आता है।"
"three_4","I want three.","मुझे तीन चाहिए।"
"four","Four","चार"
"four_2","Four comes before five.","पाँच से पहले चार आते हैं।"
"four_3","Four comes after three.","तीन के बाद चार आते हैं।"
"four_4","I want four.","मुझे चार चाहिए।"
"five","Five","पांच"
"five_2","Five comes before six.","पाँच छह से पहले आता है।"
"five_3","Five comes after four.","पाँच चार के बाद आता है।"
"five_4","I want five.","मुझे पाँच चाहिए।"
"six","Six","छह"
"six_2","Six comes before seven.","सात से पहले छह आता है।"
"six_3","Six comes after five.","पाँच के बाद छह आता है।"
"six_4","I want fix.","मुझे फिक्स चाहिए।"
"seven","Seven","सात"
"seven_2","Seven comes before eight.","आठ से पहले सात आता है।"
"seven_3","Seven comes after six.","छह के बाद सात आता है।"
"seven_4","I want seven.","मुझे सात चाहिए।"
"eight","Eight","आठ"
"eight_2","Eight comes before nine.","आठ नौ से पहले आता है।"
"eight_3","Eight comes after seven.","सात के बाद आठ आता है।"
"eight_4","I want eight.","मुझे आठ चाहिए।"
"nine","Nine","नौ"
"nine_2","Nine comes before ten.","दस से पहले नौ आता है।"
"nine_3","Nine comes after eight.","आठ के बाद नौ आता है।"
"nine_4","I want nine.","मुझे नौ चाहिए।"
"ten","Ten","दस"
"ten_2","Ten comes before eleven.","ग्यारह से पहले दस आता है।"
"ten_3","Ten comes after nine.","नौ के बाद दस आता है।"
"ten_4","I want ten.","मुझे दस चाहिए।"
"eleven","Eleven","ग्यारह"
"eleven_2","Eleven comes before thirteen.","ग्यारह तेरह से पहले आता है।"
"eleven_3","Eleven comes after ten.","दस के बाद ग्यारह आता है।"
"eleven_4","I want eleven.","मुझे ग्यारह चाहिए।"
"twenty","Twenty","बीस"
"twenty_2","I can count up to twenty.","मैं बीस तक गिन सकता हूं।"
"thirty","Thirty","तीस"
"thirty_2","I can count up to thirty.","मैं तीस तक गिन सकता हूं।"
"forty","Forty","चालीस"
"forty_2","I can count up to forty.","मैं चालीस तक गिन सकता हूं।"
"fifty","Fifty","पचास"
"fifty_2","I can count up to fifty.","मैं पचास तक गिन सकता हूं।"
"hundred","Hundred","सौ"
"hundred_2","I can count up to hundred.","मैं सौ तक गिन सकता हूं।"
"thousand","Thousand","हज़ार"
"thousand_2","I can count up to thousand.","मैं हजार तक गिन सकता हूं।"
"calculator","Calculator","कैलकुलेटर"
"calculator_2","I want to use a calculator.","मैं एक कैलकुलेटर का उपयोग करना चाहता हूं।"
"calculator_3","Can you teach me how to use a calculator?","क्या आप मुझे सिखा सकते हैं कि कैलकुलेटर का उपयोग कैसे करें?"
"calculator_4","Can I barrow your calculator?","मैं अपने कैलकुलेटर बैरो कर सकते हैं?"
"people","People","लोग"
"mother","Mother","मां"
"mother_2","Mommy!","माँ!"
"mother_3","I love my mother.","मैं अपनी माँ से प्यार करता हूँ।"
"mother_4","I love you mom.","मैं आपसे प्यार करता हूं मां।"
"mother_5","I miss my mom.","मुझे अपनी माँ की याद आती है।"
"mother_6","Thank you for taking care of me.","मेरा ध्यान रखने के लिए धन्यवाद।"
"mother_7","She is my mom.","वो मेरी माँ हैं।"
"mother_8","Can you help me find my mother?","क्या आप मेरी माँ को खोजने में मेरी मदद कर सकते हैं?"
"father","Father","पिता"
"father_2","Daddy!","पिताजी!"
"father_3","I love my father.","मुझे अपने पिता से प्यार है।"
"father_4","I love you dad.","मैं आपको प्यार करता हूं डैड।"
"father_5","I miss my dad.","मैं अपने पिता को याद करता हूं।"
"father_6","Thank you for taking care of me.","मेरा ध्यान रखने के लिए धन्यवाद।"
"father_7","He is my dad.","वह मेरे पिता हैं।"
"father_8","Can you help me find my father?","क्या आप मुझे मेरे पिता को खोजने में मदद कर सकते हैं?"
"parents","Parents","माता-पिता"
"parents_2","I love my parents.","मैं अपने माता पिता से प्यार करता हूँ।"
"parents_3","I love my parents.","मैं अपने माता पिता से प्यार करता हूँ।"
"parents_4","I miss my parents.","मुझे अपने माता - पिता की याद आती है।"
"parents_5","They are my parents.","वे मेरे माता - पिता हैं।"
"parents_6","My parents are taking care of me.","मेरे माता-पिता मेरी देखभाल कर रहे हैं।"
"parents_8","Can you help me find my parents?","क्या आप मेरे माता-पिता को खोजने में मेरी मदद कर सकते हैं?"
"grandparents","Grandparents","दादा दादी"
"grandparents_2","I love my grandparents.","मुझे अपने दादा-दादी से प्यार है।"
"grandparents_3","I love you grandparents.","आई लव यू दादा दादी।"
"grandparents_4","I miss my grandparents.","मुझे अपने दादा-दादी की याद आती है।"
"grandparents_5","They are my grandparents.","वे मेरे दादा - दादी हैं।"
"grandparents_6","My grandparents are taking care of me.","मेरे दादा-दादी मेरी देखभाल कर रहे हैं।"
"grandparents_8","Can you help me find my grandparents?","क्या आप मुझे मेरे दादा-दादी को खोजने में मदद कर सकते हैं?"
"brother","Brother","भाई"
"brother_2","I love my brother.","मैं अपने भाई से प्यार करती हू।"
"brother_3","I love you brother.","भाई मैं आपको प्यार करता हूँ।"
"brother_4","I miss my brother.","मुझे अपने भाई की याद आती है।"
"brother_5","He is my brother.","वह मेरा भाई है।"
"brother_6","My brother is taking care of me.","मेरा भाई मेरा ख्याल रख रहा है।"
"brother_8","Can you help me find my brother?","क्या आप मेरे भाई को खोजने में मेरी मदद कर सकते हैं?"
"sister","Sister","बहन"
"sister_2","I love my sister.","मैं अपनी बहन से प्यार करता हूं।"
"sister_3","I love you sister.","मैं तुम्हारी बहन से प्यार से प्यार करता हूं।"
"sister_4","I miss my sister.","मैं अपनी बहन को याद करता हूँ।"
"sister_5","She is my sister.","वह मेरी बहन है।"
"sister_6","My sister is taking care of me.","मेरी बहन मेरा ख्याल रख रही है।"
"sister_8","Can you help me find my sister?","क्या आप मेरी बहन को खोजने में मेरी मदद कर सकते हैं?"
"uncle","Uncle","चाचा"
"uncle_2","I love my uncle.","मुझे अपने चाचा से प्यार है।"
"uncle_3","I love you uncle.","आई लव यू अंकल।"
"uncle_4","I miss my uncle.","मुझे अपने चाचा की याद आती है।"
"uncle_5","He is my uncle.","वह मेरे चाचा हैं।"
"uncle_8","Can you help me find my uncle?","क्या आप मुझे मेरे चाचा को खोजने में मदद कर सकते हैं?"
"aunt","Aunt","चाची"
"aunt_2","I love my aunt.","मुझे अपनी चाची से प्यार है।"
"aunt_3","I love you aunt.","आई लव यू आंटी"
"aunt_4","I miss my aunt.","मुझे अपनी चाची की याद आती है।"
"aunt_5","She is my aunt.","वह मेरी आंटी है।"
"aunt_8","Can you help me find my aunt?","क्या आप मेरी चाची को खोजने में मेरी मदद कर सकते हैं?"
"teacher","Teacher","अध्यापक"
"teacher_2","I love my teacher.","मुझे मेरे शिक्षक से प्यार है।"
"teacher_3","I love you teacher.","मुझे तुमसे प्यार है टीचर।"
"teacher_4","I don't like my teacher.","मुझे अपने शिक्षक पसंद नहीं हैं।"
"teacher_5","I miss my teacher.","मुझे अपने शिक्षक की याद आती है।"
"teacher_6","Thank you for the lesson.","पाठ के लिए धन्यवाद।"
"therapist","Therapist","चिकित्सक"
"therapist_2","I love my therapist.","मुझे अपने चिकित्सक से प्यार है।"
"therapist_3","I love you therapist.","आई लव यू थेरेपिस्ट।"
"therapist_4","I don't like my therapist.","मुझे अपना चिकित्सक पसंद नहीं है।"
"therapist_5","I miss my therapist.","मुझे अपने चिकित्सक की याद आती है।"
"therapist_6","Thank you for the session.","सत्र के लिए धन्यवाद।"
"doctor","Doctor","चिकित्सक"
"doctor_2","I love my doctor.","मुझे अपने डॉक्टर से प्यार है।"
"doctor_3","I love you doctor.","आई लव यू डॉक्टर।"
"doctor_4","I don't like my doctor.","मुझे मेरा डॉक्टर पसंद नहीं है।"
"doctor_5","I miss my doctor.","मुझे अपने डॉक्टर की याद आती है।"
"doctor_6","Thank you for healing me.","मुझे ठीक करने के लिए धन्यवाद।"
"friends","Friends","दोस्त"
"friends_2","I love my friends.","मैं अपने दोस्तों से प्यार करता हूँ।"
"friends_3","Do you want to be my friend?","क्या तुम मेरे दोस्त बनोगे?"
"friends_4","I don't like my friends.","मुझे अपने दोस्त पसंद नहीं हैं।"
"friends_5","I miss my friends.","मुझे अपने दोस्तों की याद आती है।"
"friends_6","They are my friends.","वे मेरे मित्र है।"
"friends_7","Thank you for playing with me.","मेरे साथ खेलने के लिए धन्यवाद।"
"cousins","Cousins","चचेरे भाई बहिन"
"cousins_2","I love my cousins.","मुझे अपने चचेरे भाई से प्यार है।"
"cousins_3","I don't have cousins.","मेरे चचेरे भाई नहीं हैं।"
"cousins_4","I miss my cousins.","मुझे अपने चचेरे भाइयों की याद आती है।"
"cousins_5","They are my cousins.","वे मेरे चचेरे भाई हैं।"
"grandmother","Grandmother","दादी मा"
"grandmother_2","I love my grandmother.","मुझे अपनी दादी मां से प्यार है।"
"grandmother_3","I love you grandma.","दादी मुझे आप से प्यार है।"
"grandmother_4","I miss my grandma.","मुझे अपनी दादी की याद आती है।"
"grandmother_5","She is my grandma.","वह मेरी दादी हैं।"
"grandfather","Grandfather","दादा"
"grandfather_2","I love my grandfather.","मुझे अपने दादाजी से प्यार है।"
"grandfather_3","I love you grandpa.","दादाजी मै आपसे प्यार करता हूँ।"
"grandfather_4","I miss my grandpa.","मुझे अपने दादाजी की याद आती है।"
"grandfather_5","He is my grandpa.","वह मेरे दादा हैं।"
"stepfather","Stepfather","सौतेला बाप"
"stepfather_2","I love my stepfather.","मुझे अपने सौतेले पिता से प्यार है।"
"stepfather_3","He is my stepfather.","वह मेरे सौतेले पिता हैं।"
"stepfather_4","I miss my stepfather.","मुझे अपने सौतेले पिता की याद आती है।"
"stepfather_5","He is my stepfather.","वह मेरे सौतेले पिता हैं।"
"stepmother","Stepmother","सौतेली माँ"
"stepmother_2","I love my stepmother.","मुझे अपनी सौतेली माँ से प्यार है।"
"stepmother_3","She is my stepmother.","वह मेरी सौतेली माँ है।"
"stepmother_4","I miss my stepmother.","मुझे अपनी सौतेली माँ की याद आती है।"
"stepmother_5","She is my stepmother.","वह मेरी सौतेली माँ है।"
"stepsister","Stepsister","सौतेली बहन"
"stepsister_2","I love my stepsister.","मुझे अपनी सौतेली बहन से प्यार है।"
"stepsister_3","She is my stepsister.","वह मेरी सौतेली बहन है।"
"stepsister_4","I miss my stepsister.","मुझे अपनी सौतेली बहन की याद आती है।"
"stepsister_5","She is my stepsister.","वह मेरी सौतेली बहन है।"
"stepbrother","Stepbrother","सौतॆला भाई"
"stepbrother_2","I love my stepbrother.","मुझे अपने सौतेले भाई से प्यार है।"
"stepbrother_3","He is my stepbrother.","वह मेरा सौतेला भाई है।"
"stepbrother_4","I miss my stepbrother.","मुझे अपने सौतेले भाई की याद आती है।"
"stepbrother_5","He is my stepbrother.","वह मेरा सौतेला भाई है।"
"half-brother","Half brother","सौतेला भाई"
"half-brother_2","I love my half brother.","मैं अपने सौतेले भाई से प्यार करती हूं।"
"half-brother_3","He is my half brother.","वह मेरा सौतेला भाई है।"
"half-brother_4","I miss my half brother.","मुझे अपने सौतेले भाई की याद आती है।"
"half-brother_5","He is my half brother.","वह मेरा सौतेला भाई है।"
"half-sister","Half sister","सौतेली बहन"
"half-sister_2","I love my half sister.","मुझे अपनी सौतेली बहन से प्यार है।"
"half-sister_3","She is my half sister.","वह मेरी सौतेली बहन है।"
"half-sister_4","I miss my half sister.","मुझे अपनी सौतेली बहन की याद आती है।"
"half-sister_5","She is my half sister.","वह मेरी सौतेली बहन है।"
"quarantine","Quarantine","संगरोध"
"protective-mask","Protective mask","सुरक्षात्मक मुखौटा"
"stay-home","Stay home","घर पर रहना"
"toilet-paper","Toilet paper","टॉयलेट पेपर"
"sprayer","Sprayer","छिड़कनेवाला यंत्र"
"disinfectant","Disinfectant","निस्संक्रामक"
"thermometer","Thermometer","थर्मामीटर"
"coughing","Coughing","खाँसना"
"medical-assistance","Medical assistance","चिकित्सा सहायता"
"hand-sanitizer","Hand sanitizer","हैंड सैनिटाइज़र"
"gloves","Gloves","दस्ताने"
"social-distancing","Social distancing","सोशल डिस्टन्सिंग"
"mouth-mask","Mouth mask","मुँह का नकाब"
"pandemic","Pandemic","सर्वव्यापी महामारी"
"working-at-home","Working at home","घर पर काम करना"
"wet-wipes","Wet wipes","गीले पोंछे"
"first-aid-kit","First aid kit","प्राथमिक चिकित्सा किट"
"fitness","Fitness","स्वास्थ्य"
"e-learning","E-learning","ई-लर्निंग"
"virus","Virus","वाइरस"
"cleaning","Cleaning","सफाई"
"school","School","स्कूल"
"desk","Desk","डेस्क"
"desk_2","Can I use this desk?","क्या मैं इस डेस्क का उपयोग कर सकता हूं?"
"desk_3","Which desk is mine?","कौन सी डेस्क मेरी है?"
"desk_4","I spilled on my desk.","मैं अपनी मेज पर घूमता रहा।"
"desk_5","Don't scratch your desk.","अपने डेस्क खरोंच मत करो।"
"chair","Chair","कुरसी"
"chair_2","Can I sit with you?","क्या मैं आपके साथ बैठ सकता हूँ?"
"chair_3","Which chair is mine?","कौन सी कुर्सी मेरी है?"
"chair_4","Is this chair taken?","क्या यह कुर्सी ली गई है?"
"chair_5","I spilled on my chair.","मैं अपनी कुर्सी पर बैठ गया।"
"book","Book","पुस्तक"
"book_2","Textbook","पाठयपुस्तक"
"book_3","Workbook","वर्कबुक"
"book_4","Reading a book.","किताब पढ़ें।"
"book_5","Can I borrow your book?","क्या मैं आपकी कितब उधार ले सकता हूँ?"
"book_6","Which page are we at?","हम किस पेज पर हैं?"
"book_7","Flip the page.","पेज को पलटें।"
"book_8","I lost my book.","मैंने अपनी किताब खो दी।"
"notebook","Notebook","स्मरण पुस्तक"
"notebook_2","Taking notes.","नोट्स लेना।"
"notebook_3","I'm taking notes.","मैं नोट्स ले रहा हूं।"
"notebook_4","I lost my notebook.","मैंने अपनी नोटबुक खो दी।"
"backpack","Backpack","बैग"
"backpack_2","Carrying my backpack.","मेरा बैकपैक ले कर।"
"backpack_3","Putting my books in my backpack.","मेरी किताबों को अपने बैग में रख लिया।"
"backpack_4","I need a new backpack.","मुझे एक नया बैग चाहिए।"
"backpack_5","Thank you for carrying my backpack.","मेरा बैग ले जाने के लिए धन्यवाद।"
"backpack_6","I lost my backpack.","मैंने अपना बैकपैक खो दिया।"
"backpack_7","My backpack is heavy.","मेरा बैकपैक भारी है।"
"blackboard","Blackboard","ब्लैकबोर्ड"
"blackboard_2","Look at the blackboard.","श्यामपट्ट पर देखें।"
"blackboard_3","Cleaning the blackboard.","ब्लैकबोर्ड की सफाई।"
"blackboard_4","Solving the problem on the blackboard.","ब्लैकबोर्ड पर समस्या का समाधान।"
"blackboard_5","Taking note on the blackboard.","ब्लैकबोर्ड पर ध्यान देना।"
"blackboard_6","Give me a chalk.","मुझे एक चाक दे दो।"
"teacher_7","I don't like this topic.","मुझे यह विषय पसंद नहीं है।"
"teacher_8","Thank you for the lesson.","पाठ के लिए धन्यवाद।"
"school-bus","School bus","स्कूल बस"
"school-bus_2","School bus is coming.","स्कूल बस आ रही है।"
"school-bus_3","Can I sit next to you?","क्या मैं आपके बगल में बैठ सकता हूं?"
"school-bus_4","Thank you bus driver!","शुक्रिया बस ड्राइवर!"
"school-bus_5","School bus was late.","स्कूल बस लेट थी।"
"pencil","Pencil","पेंसिल"
"pencil_2","I'm writing.","में लिख रहा हुँ।"
"pencil_3","I'm learning to write.","मैं लिखना सीख रहा हूं।"
"pencil_4","I need a new pencil.","मुझे एक नई पेंसिल चाहिए।"
"pencil_5","Can I borrow your pencil?","क्या मैं आपकी पेंसिल ले सकता हूँ?"
"pencil_6","I lost my pencil.","मैंने अपनी पेंसिल खो दी।"
"eraser","Eraser","रबड़"
"eraser_2","I'm erasing.","मेरे द्वारा मिटाया जा रहा है।"
"eraser_3","I need a new eraser.","मुझे एक नया इरेज़र चाहिए।"
"eraser_4","Can I borrow your eraser?","क्या मैं आपका इरेज़र उधार ले सकता हूँ?"
"eraser_5","I lost my eraser.","मैंने अपना इरेज़र खो दिया।"
"ruler","Ruler","शासक"
"ruler_2","I'm measuring.","मैं नाप रहा हूं।"
"ruler_3","I need a new ruler.","मुझे एक नए शासक की जरूरत है।"
"ruler_4","Can I borrow your ruler?","क्या मैं आपका शासक उधार ले सकता हूँ?"
"ruler_5","I lost my ruler.","मैंने अपना शासक खो दिया।"
"sharpener","Sharpener","आसियाना"
"sharpener_2","I'm sharpening my pencil.","मैं अपनी पेंसिल तेज कर रहा हूं।"
"sharpener_3","I need a new sharpener.","मुझे एक नया शार्पनर चाहिए।"
"sharpener_4","Can I borrow your sharpener?","क्या मैं आपके शार्पनर को उधार ले सकता हूँ?"
"sharpener_5","I lost my sharpener.","मैंने अपना शार्पनर खो दिया।"
"mathematics","Mathematics","गणित"
"mathematics_2","I like mathematics.","मुझे गणित पसंद है।"
"mathematics_3","I want to study mathematics.","मैं गणित का अध्ययन करना चाहता हूं।"
"mathematics_4","I don't like mathematics.","मुझे गणित पसंद नहीं है।"
"mathematics_5","When is mathematics class?","गणित की कक्षा कब है?"
"mathematics_6","Can you help me with my mathematics homework?","क्या आप मेरे गणित के होमवर्क में मेरी मदद कर सकते हैं?"
"literature","Literature","साहित्य"
"literature_2","I like literature.","मुझे साहित्य पसंद है।"
"literature_3","I want to study literature.","मैं साहित्य का अध्ययन करना चाहता हूं।"
"literature_4","I don't like literature.","मुझे साहित्य पसंद नहीं है।"
"literature_5","When is literature class?","साहित्य वर्ग कब है?"
"literature_6","Can you help me with my literature homework?","क्या आप मेरे साहित्य के होमवर्क में मेरी मदद कर सकते हैं?"
"science","Science","विज्ञान"
"science_2","I like science.","मुझे विज्ञान पसंद है।"
"science_3","I want to study science.","मैं विज्ञान का अध्ययन करना चाहता हूं।"
"science_4","I don't like science.","मुझे विज्ञान पसंद नहीं है।"
"science_5","When is science class?","विज्ञान वर्ग कब है?"
"science_6","Can you help me with my science homework?","क्या आप मेरे विज्ञान के होमवर्क में मेरी मदद कर सकते हैं?"
"art-class","Art class","आर्ट क्लास"
"art-class_2","I like art class.","मुझे आर्ट क्लास पसंद है।"
"art-class_3","I want to practice art skills.","मैं कला कौशल का अभ्यास करना चाहता हूं।"
"art-class_4","I don't like art class.","मुझे आर्ट क्लास पसंद नहीं है।"
"art-class_5","When is art class?","कला वर्ग कब है?"
"art-class_6","Can you help me with my art class homework?","क्या आप मेरी कला वर्ग के होमवर्क में मेरी मदद कर सकते हैं?"
"music-class","Music class","संगीत की कक्षा"
"music-class_2","I like music class.","मुझे म्यूजिक क्लास पसंद है।"
"music-class_3","I want to practice music skills.","मैं संगीत कौशल का अभ्यास करना चाहता हूं।"
"music-class_4","I don't like music class.","मुझे म्यूजिक क्लास पसंद नहीं है।"
"music-class_5","When is music class?","म्यूजिक क्लास कब है?"
"music-class_6","Can you help me with my music class homework?","क्या आप मेरे संगीत वर्ग के होमवर्क में मेरी मदद कर सकते हैं?"
"geography","Geography","भूगोल"
"geography_2","I like geography.","मुझे भूगोल पसंद है।"
"geography_3","I want to study geography.","मैं भूगोल का अध्ययन करना चाहता हूं।"
"geography_4","I don't like geography.","मुझे भूगोल पसंद नहीं है।"
"geography_5","When is geography?","भूगोल कब है?"
"geography_6","Can you help me with my geography homework?","क्या आप मेरे भूगोल के होमवर्क में मेरी मदद कर सकते हैं?"
"telescope","Telescope","दूरबीन"
"telescope_2","I'm using the telescope.","मैं टेलिस्कोप का इस्तेमाल कर रहा हूं।"
"telescope_3","I want to use the telescope.","मैं दूरबीन का उपयोग करना चाहता हूं।"
"telescope_4","I want to look at the stars.","मैं सितारों को देखना चाहता हूं।"
"glue","Glue","गोंद"
"glue_2","I'm using glue.","मैं गोंद का उपयोग कर रहा हूं।"
"glue_3","I need a new glue.","मुझे एक नया गोंद चाहिए।"
"glue_4","Can I borrow your glue?","क्या मैं आपका गोंद उधार ले सकता हूँ?"
"glue_5","I lost my glue.","मैंने अपना गोंद खो दिया।"
"shapes","Shapes","आकृतियाँ"
"circle","Circle","वृत्त"
"circle_2","This is circle shaped.","यह सर्कल के आकार का है।"
"circle_3","Can you teach me how to draw a circle?","क्या आप मुझे सिखा सकते हैं कि एक वृत्त कैसे बनाया जाए?"
"triangle","Triangle","त्रिभुज"
"triangle_2","This is triangle shaped.","यह त्रिभुज के आकार का है।"
"triangle_3","Can you teach me how to draw a triangle?","क्या आप मुझे एक त्रिभुज बनाना सिखा सकते हैं?"
"square","Square","वर्ग"
"square_2","This is square shaped.","यह चौकोर आकार का है।"
"square_3","Can you teach me how to draw a square?","क्या आप मुझे सिखा सकते हैं कि एक वर्ग कैसे बनाएं?"
"rectangle","Rectangle","आयत"
"rectangle_2","This is rectangle shaped.","यह आयत के आकार का है।"
"rectangle_3","Can you teach me how to draw a rectangle?","क्या आप मुझे सिखा सकते हैं कि आयत कैसे बनाई जाए?"
"star","Star","सितारा"
"star_2","This is star shaped.","यह तारे के आकार का है।"
"star_3","Can you teach me how to draw a star?","क्या आप मुझे सिखा सकते हैं कि एक स्टार कैसे बनाया जाए?"
"pentagon","Pentagon","पंचकोण"
"pentagon_2","This is pentagon shaped.","यह पंचकोण आकार का है।"
"pentagon_3","Can you teach me how to draw a pentagon?","क्या आप मुझे सिखा सकते हैं कि पेंटागन कैसे बनाएं?"
"hexagon","Hexagon","षट्कोण"
"hexagon_2","This is hexagon shaped.","यह षट्भुज के आकार का है।"
"hexagon_3","Can you teach me how to draw a hexagon?","क्या आप मुझे सिखा सकते हैं कि षट्भुज कैसे बनाएं?"
"cross","Cross","पार करना"
"cross_2","This is cross shaped.","यह क्रॉस के आकार का है।"
"cross_3","Can you teach me how to draw a cross?","क्या आप मुझे सिखा सकते हैं कि कैसे एक क्रॉस खींचना है?"
"ellipse","Ellipse","अंडाकार"
"ellipse_2","This is ellipse shaped.","यह दीर्घवृत्त के आकार का है।"
"ellipse_3","Can you teach me how to draw a ellipse?","क्या आप मुझे सिखा सकते हैं कि एक दीर्घवृत्त कैसे खींचना है?"
"arrow","Arrow","तीर"
"arrow_2","This is arrow shaped.","यह तीर के आकार का है।"
"arrow_3","Can you teach me how to draw a arrow?","क्या आप मुझे सिखा सकते हैं कि तीर कैसे खींचना है?"
"crescent","Crescent","क्रिसेंट"
"crescent_2","This is crescent shaped.","यह अर्धचंद्राकार है।"
"crescent_3","Can you teach me how to draw a crescent?","क्या आप मुझे सिखा सकते हैं कि अर्धचंद्र कैसे खींचना है?"
"heart","Heart","दिल"
"heart_2","This is heart shaped.","यह दिल के आकार का है।"
"heart_3","Can you teach me how to draw a heart?","क्या आप मुझे सिखा सकते हैं कि मैं दिल कैसे खींचूं?"
"rhombus","Rhombus","विषमकोण"
"rhombus_2","This is rhombus shaped.","यह रंबल के आकार का है।"
"rhombus_3","Can you teach me how to draw a rhombus?","क्या आप मुझे सिखा सकते हैं कि कैसे एक रोम्बस आकर्षित करें?"
"ring","Ring","अंगूठी"
"ring_2","This is ring shaped.","यह रिंग के आकार का है।"
"ring_3","Can you teach me how to draw a ring?","क्या आप मुझे सिखा सकते हैं कि रिंग कैसे खींची जाए?"
"semicircle","Semicircle","आधा गोला"
"semicircle_2","This is semicircle shaped.","यह अर्धवृत्त के आकार का है।"
"semicircle_3","Can you teach me how to draw a semicircle?","क्या आप मुझे सिखा सकते हैं कि अर्धवृत्त कैसे खींचना है?"
"trapezoid","Trapezoid","चतुर्भुज"
"trapezoid_2","This is trapezoid shaped.","यह ट्रेपेज़ॉइड आकार का है।"
"trapezoid_3","Can you teach me how to draw a trapezoid?","क्या आप मुझे सिखा सकते हैं कि कैसे एक ट्रेपोजॉइड आकर्षित किया जाए?"
"cube","Cube","घनक्षेत्र"
"cube_2","This is cube shaped.","यह घन के आकार का है।"
"cube_3","Can you teach me how to draw a cube?","क्या आप मुझे सिखा सकते हैं कि क्यूब कैसे खींचना है?"
"cylinder","Cylinder","सिलेंडर"
"cylinder_2","This is cylinder shaped.","यह सिलेंडर के आकार का है।"
"cylinder_3","Can you teach me how to draw a cylinder?","क्या आप मुझे सिखा सकते हैं कि सिलेंडर कैसे खींचना है?"