"activities","Activities","Tevékenységek"
"walking","Walking","Walking"
"walking_2","I like walking","szeretek sétálni"
"walking_3","I don't like walking","Nem szeretem sétálni"
"walking_4","Do you want to walk together?","Szeretne együtt sétálni?"
"running","Running","Futás"
"running_2","I like running.","Szeretek futni."
"running_3","I don't like running.","Nem szeretem futni."
"running_4","Do you want to go running?","Futni akarsz?"
"talking","Talking","Beszél"
"talking_2","I like talking.","Szeretek beszélni."
"talking_3","I don't like talking.","Nem szeretek beszélni."
"talking_4","Do you want to talk with me?","Akarsz beszélni velem?"
"reading","Reading","Olvasás"
"reading_2","I like reading.","Szeretek olvasni."
"reading_3","I don't like reading.","Nem szeretek olvasni."
"reading_4","Do you want to read together?","Szeretne együtt olvasni?"
"football","Football","Futball"
"football_2","I like playing football.","Szeretek focizni."
"football_3","I don't like playing football.","Nem szeretek focizni."
"football_4","Do you want to play football?","Futballozni akarsz?"
"basketball","Basketball","Kosárlabda"
"basketball_2","I like playing basketball.","Szeretek kosárlabdázni."
"basketball_3","I don't like playing basketball.","Nem szeretem kosárlabdázni."
"basketball_4","Do you want to play basketball?","Kosárlabdázni akarsz?"
"swimming","Swimming","Úszás"
"swimming_2","I like swimming.","Szeretek úszni."
"swimming_3","I don't like swimming.","Nem szeretek úszni."
"swimming_4","Do you want to go to swimming?","Úszni akarsz úszni?"
"painting","Painting","Festés"
"painting_2","I like painting.","Szeretek festeni."
"painting_3","I don't like painting.","Nem szeretem festeni."
"painting_4","Do you want to paint together?","Szeretne együtt festeni?"
"drawing","Drawing","Rajz"
"drawing_2","I like drawing.","Szeretek rajzolni."
"drawing_3","I don't like drawing.","Nem szeretek rajzolni."
"drawing_4","Do you want to draw together?","Szeretne rajzolni?"
"cycling","Cycling","Kerékpározás"
"cycling_2","I like cycling.","Szeretem a kerékpározást."
"cycling_3","I don't like cycling.","Nem szeretem a kerékpározást."
"cycling_4","Do you want to go cycling?","Kerékpározni akarsz?"
"skating","Skating","Korcsolyázás"
"skating_2","I like skating.","Szeretek korcsolyázni."
"skating_3","I don't like skating.","Nem szeretek korcsolyázni."
"skating_4","Do you want to go skating?","Korcsolyázni akarsz?"
"sightseeing","Sightseeing","Városnézés"
"sightseeing_2","I like sightseeing.","Szeretem a városnézést."
"sightseeing_3","I don't like sightseeing.","Nem szeretem a városnézést."
"sightseeing_4","Do you want to go for sightseeing?","Városnézésre vágyik?"
"video-games","Video games","Videójátékok"
"video-games_2","I like playing video games.","Szeretek videojátékokat játszani."
"video-games_3","I don't like playing video games.","Nem szeretem videojátékokat játszani."
"video-games_4","Do you want to play games?","Szeretne játszani?"
"tidying","Tidying","Takarítás"
"tidying_2","I like tidying my room.","Szeretem takarítani a szobámat."
"tidying_3","I don't like tidying my room.","Nem szeretem takarítani a szobámat."
"tidying_4","Can you help me tidy my room?","Tudsz segíteni nekem a szobám takarításában?"
"toys","Toys","Játékok"
"toys_2","I like toys.","Szeretem a játékokat."
"toys_3","I don't like toys.","Nem szeretem a játékokat."
"toys_4","Do you want to play with my toys?","Szeretne játszani a játékommal?"
"puzzle","Puzzle","Kirakós játék"
"puzzle_2","I like solving puzzle.","Szeretem a rejtvényeket megoldani."
"puzzle_3","I don't like solving puzzle.","Nem szeretem a rejtvényeket megoldani."
"puzzle_4","Do you want to solve puzzles with me?","Szeretnél rejtvényeket megoldani velem?"
"comics","Comics","Képregény"
"comics_2","I like reading comics.","Szeretek képregényeket olvasni."
"comics_3","I don't like reading comics.","Nem szeretem a képregényeket olvasni."
"comics_4","Do you want to read comics?","Szeretne olvasni képregényeket?"
"chess","Chess","Sakk"
"chess_2","I like playing chess.","Szeretek sakkozni."
"chess_3","I don't like playing chess.","Nem szeretem sakkozni."
"chess_4","Do you want to play chess with me?","Sakkozni akarsz velem?"
"using-leeloo","Using Leeloo","Leeloo használata"
"using-leeloo_2","I like using leeloo.","Szeretek leeloo-t használni."
"using-leeloo_3","I don't like using leeloo.","Nem szeretem a leeloo használatát."
"using-leeloo_4","Can you change card packs on leeloo?","Meg lehet változtatni a kártyacsomagokat a leeloo-on?"
"texting","Texting","Szövegezés"
"texting_2","I like texting.","Szeretem a sms-t."
"texting_3","I don't like texting.","Nem szeretem a sms-t."
"knitting","Knitting","Kötés"
"knitting_2","I like knitting.","Szeretek kötés."
"knitting_3","I don't like knitting.","Nem szeretek kötés."
"knitting_4","I want to learn how to knit.","Meg akarom tanulni, hogyan kell kötni."
"bowling","Bowling","Bowling"
"bowling_2","I like bowling.","Szeretem a teke."
"bowling_3","I don't like bowling.","Nem szeretem a bowlingot."
"bowling_4","Do you want to play bowling with me?","Szeretnél bowlingozni velem?"
"watching-tv","Watching TV","TV-t nézek"
"watching-tv_2","I like watching tv.","Szeretek tv-t nézni."
"watching-tv_3","I don't like watching tv.","Nem szeretek tévét nézni."
"watching-tv_4","Do you want to watch tv?","TV-t akar nézni?"
"fishing","Fishing","Halászat"
"fishing_2","I like fishing.","Szeretem horgászni."
"fishing_3","I don't like fishing.","Nem szeretem a horgászatot."
"fishing_4","Do you want to go to fishing?","Horgászni akarsz?"
"exercising","Exercising","Testmozgás"
"exercising_2","I like exercising.","Szeretek gyakorolni."
"exercising_3","I don't like exercising.","Nem szeretem gyakorolni."
"exercising_4","Do you want to exercise with me?","Szeretne velem edzni?"
"tennis","Tennis","Tenisz"
"tennis_2","I like playing tennis.","Szeretek teniszezni."
"tennis_3","I don't like playing tennis.","Nem szeretek teniszezni."
"tennis_4","Do you want to play tennis with me?","Szeretnél velem teniszezni?"
"animals","Animals","állatok"
"cat","Cat","Macska"
"cat_2","I like cats.","Szeretem a macskákat."
"cat_3","I saw a cat.","Láttam egy macskát."
"cat_4","What noise does a cat make?","Milyen zajt ad egy macska?"
"cat_5","Can we get a cat as pet?","Lehet-e macskát kedvtelésből tartani?"
"dog","Dog","Kutya"
"dog_2","I like dog.","Szeretem a kutyát."
"dog_3","I saw a dog.","Láttam egy kutyát."
"dog_4","What noise does a dog make?","Milyen zajt ad egy kutya?"
"dog_5","Can we get a dog as pet?","Lehet kutya háziállatként?"
"fish","Fish","Hal"
"fish_2","I like fish.","Szeretem a halat."
"fish_3","I saw a fish.","Láttam egy halat."
"fish_4","What noise does a fish make?","Milyen zajt ad a hal?"
"fish_5","Can we get a fish as pet?","Hozhatunk halot háziállatként?"
"rabbit","Rabbit","Nyúl"
"rabbit_2","I like rabbits.","Szeretem a nyulakat."
"rabbit_3","I saw a rabbit.","Láttam egy nyúlot."
"rabbit_4","What noise does a rabbit make?","Milyen zajt ad a nyúl?"
"rabbit_5","Can we get a rabbit as pet?","Lehet nyúl mint háziállat?"
"butterfly","Butterfly","Pillangó"
"butterfly_2","I like butterflies.","Szeretem a pillangók."
"butterfly_3","I saw a butterfly.","Láttam egy pillangót."
"butterfly_4","What noise does a butterfly make?","Milyen zajt ad egy pillangó?"
"kangaroo","Kangaroo","Kenguru"
"kangaroo_2","I like kangaroos.","Szeretem a kengurut."
"kangaroo_3","I saw a kangaroo.","Láttam egy kenguru."
"kangaroo_4","What noise does a kangaroo make?","Milyen zajt ad egy kenguru?"
"turtle","Turtle","Teknősbéka"
"turtle_2","I like turtles.","Szeretem a teknősöket."
"turtle_3","I saw a turtle.","Láttam egy teknősöt."
"turtle_4","What noise does a turtle make?","Milyen zajt ad egy teknős?"
"giraffe","Giraffe","Zsiráf"
"giraffe_2","I like giraffes.","Szeretem a zsiráfokat."
"giraffe_3","I saw a giraffe.","Láttam egy zsiráfot."
"giraffe_4","What noise does a giraffe make?","Milyen zajt ad egy zsiráf?"
"frog","Frog","Béka"
"frog_2","I like frogs.","Szeretem a békákat."
"frog_3","I saw a frog.","Láttam egy béka."
"frog_4","What noise does a frog make?","Milyen zajt ad a béka?"
"swan","Swan","Hattyú"
"swan_2","I like swans.","Szeretem a hattyúkat."
"swan_3","I saw a swan.","Láttam egy hattyút."
"swan_4","What noise does a swan make?","Milyen zajt ad egy hattyú?"
"spider","Spider","Pók"
"spider_2","I like spiders.","Szeretem a pókokat."
"spider_3","I saw a spider.","Láttam egy pókot."
"spider_4","What noise does a spider make?","Milyen zajt ad a pók?"
"cow","Cow","Tehén"
"cow_2","I like cows.","Szeretem a teheneket."
"cow_3","I saw a cow.","Láttam egy tehén."
"cow_4","What noise does a cow make?","Milyen zajt ad egy tehén?"
"duck","Duck","Kacsa"
"duck_2","I like ducks.","Szeretem a kacsákat."
"duck_3","I saw a duck.","Láttam egy kacsa."
"duck_4","What noise does a duck make?","Milyen zajt ad a kacsa?"
"horse","Horse","Ló"
"horse_2","I like horses.","Szeretem a lovakat."
"horse_3","I saw a horse.","Láttam egy lovat."
"horse_4","What noise does a horse make?","Milyen zajt ad egy ló?"
"chicken","Chicken","Csirke"
"chicken_2","I like chickens.","Szeretem a csirkéket."
"chicken_3","I saw a chicken.","Láttam egy csirkét."
"chicken_4","What noise does a chicken make?","Milyen zajt ad egy csirke?"
"bee","Bee","Méh"
"bee_2","I like bees.","Szeretem a méheket."
"bee_3","I saw a bee.","Láttam egy méheket."
"bee_4","What noise does a bee make?","Milyen zajt ad a méh?"
"pig","Pig","malac"
"pig_2","I like pigs.","Szeretem a sertéseket."
"pig_3","I saw a pig.","Láttam egy disznót."
"pig_4","What noise does a pig make?","Milyen zajt ad egy disznó?"
"dove","Dove","Galamb"
"dove_2","I like doves.","Szeretem a galambok."
"dove_3","I saw a dove.","Láttam egy galambot."
"dove_4","What noise does a dove make?","Milyen zajt ad egy galamb?"
"crab","Crab","Rák"
"crab_2","I like crabs.","Szeretem a rákokat."
"crab_3","I saw a crab.","Láttam egy rákot."
"crab_4","What noise does a crab make?","Milyen zajt ad a rák?"
"penguin","Penguin","Pingvin"
"penguin_2","I like penguins.","Szeretem a pingvineket."
"penguin_3","I saw a penguin.","Láttam egy pingvint."
"penguin_4","What noise does a penguin make?","Milyen zajt ad a pingvin?"
"elephant","Elephant","Elefánt"
"elephant_2","I like elephants.","Szeretem az elefántokat."
"elephant_3","I saw an elephant.","Láttam egy elefántot."
"elephant_4","What noise does an elephant make?","Milyen zajt ad az elefánt?"
"zebra","Zebra","Zebra"
"zebra_2","I like zebras.","Szeretem a zebrákat."
"zebra_3","I saw a zebra.","Láttam egy zebrát."
"zebra_4","What noise does a zebra make?","Milyen zajt ad egy zebra?"
"panda","Panda","pandamackó"
"panda_2","I like pandas.","Szeretem a pandákat."
"panda_3","I saw a panda.","Láttam egy pandát."
"panda_4","What noise does a panda make?","Milyen zajt ad a panda?"
"monkey","Monkey","Majom"
"monkey_2","I like monkeys.","Szeretem a majmokat."
"monkey_3","I saw a monkey.","Láttam egy majomot."
"monkey_4","What noise does a monkey make?","Milyen zajt ad a majom?"
"camel","Camel","Teve"
"camel_2","I like camels.","Szeretem a tevék."
"camel_3","I saw a camel.","Láttam egy tevet."
"camel_4","What noise does a camel make?","Milyen zajt ad egy teve?"
"mouse","Mouse","Egér"
"mouse_2","I like mice.","Szeretem az egereket."
"mouse_3","I saw a mouse.","Láttam egy egeret."
"mouse_4","What noise does a mouse make?","Milyen zajt ad az egér?"
"tiger","Tiger","Tigris"
"tiger_2","I like tigers.","Szeretem a tigriseket."
"tiger_3","I saw a tiger.","Láttam egy tigris."
"tiger_4","What noise does a tiger make?","Milyen zajt ad egy tigris?"
"jellyfish","Jellyfish","medúza"
"jellyfish_2","I like jellyfishes.","Szeretem a medúzákat."
"jellyfish_3","I saw a jellyfish.","Láttam egy medúzát."
"jellyfish_4","What noise does a jellyfish make?","Milyen zajt ad a medúza?"
"crocodile","Crocodile","Krokodil"
"crocodile_2","I like crocodiles.","Szeretem a krokodilokat."
"crocodile_3","I saw a crocodile.","Láttam egy krokodilt."
"crocodile_4","What noise does a crocodile make?","Milyen zajt ad egy krokodil?"
"koala","Koala","Koala"
"koala_2","I like koalas.","Szeretem a koalas."
"koala_3","I saw a koala.","Láttam egy koalát."
"koala_4","What noise does a koala make?","Milyen zajt okoz egy koala?"
"ostrich","Ostrich","Strucc"
"ostrich_2","I like ostriches.","Szeretem a struccokat."
"ostrich_3","I saw an ostrich.","Láttam egy struccot."
"ostrich_4","What noise does an ostrich make?","Milyen zajt ad egy strucc?"
"racoon","Racoon","Mosómedve"
"racoon_2","I like racoons.","Szeretem a mosómedveket."
"racoon_3","I saw a racoon.","Láttam egy mosómedve."
"racoon_4","What noise does a racoon make?","Milyen zajt ad egy mosómedve?"
"bat","Bat","Denevér"
"bat_2","I like bats.","Szeretem a denevéreket."
"bat_3","I saw a bat.","Láttam egy denevárt."
"bat_4","What noise does a bat make?","Milyen zajt ad a denevér?"
"eagle","Eagle","Sas"
"eagle_2","I like eagles.","Szeretem a sasokat."
"eagle_3","I saw an eagle.","Láttam egy sasat."
"eagle_4","What noise does an eagle make?","Milyen zajt ad a sas?"
"hippopotamus","Hippopotamus","Víziló"
"hippopotamus_2","I like hippopotamus.","Szeretem a vízilókat."
"hippopotamus_3","I saw a hippopotamus.","Láttam egy vízilókat."
"hippopotamus_4","What noise does a hippopotamus make?","Milyen zajt ad az víziló?"
"seal","Seal","Fóka"
"seal_2","I like seals.","Szeretem a pecséteket."
"seal_3","I saw a seal.","Láttam egy pecsétet."
"seal_4","What noise does a seal make?","Milyen zajt ad a pecsét?"
"walrus","Walrus","Rozmár"
"walrus_2","I like walruses.","Szeretem a zoknit."
"walrus_3","I saw a walrus.","Láttam egy rozmárt."
"walrus_4","What noise does a walrus make?","Milyen zajt ad egy eper?"
"seahorse","Seahorse","csikóhal"
"seahorse_2","I like seahorses.","Szeretem a tengeri lovakat."
"seahorse_3","I saw a seahorse.","Láttam egy csikóhalot."
"seahorse_4","What noise does a seahorse make?","Milyen zajt ad egy csikóhal?"
"bull","Bull","Bika"
"bull_2","I like bulls.","Szeretem a bikákat."
"bull_3","I saw a bull.","Láttam egy bikát."
"bull_4","What noise does a bull make?","Milyen zajt ad a bika?"
"pelican","Pelican","Pelikán"
"pelican_2","I like pelicans.","Szeretem a pelikánokat."
"pelican_3","I saw a pelican.","Láttam egy pelikánt."
"pelican_4","What noise does a pelican make?","Milyen zajt ad egy pelikán?"
"beaver","Beaver","Hód"
"beaver_2","I like beavers.","Szeretem a hódokat."
"beaver_3","I saw a beaver.","Láttam egy hódot."
"beaver_4","What noise does a beaver make?","Milyen zajt ad a hód?"
"goldfish","Goldfish","Aranyhal"
"goldfish_2","I like goldfishes.","Szeretem az aranyhalokat."
"goldfish_3","I saw a goldfish.","Láttam egy aranyhalat."
"goldfish_4","What noise does a goldfish make?","Milyen zajt ad egy aranyhal?"
"goldfish_5","Can we get a goldfish as pet?","Kaphatunk egy aranyhalat háziállatként?"
"rhinoceros","Rhinoceros","Orrszarvú"
"rhinoceros_2","I like rhinoceros.","Szeretem az orrszarvúkat."
"rhinoceros_3","I saw a rhinoceros.","Láttam egy orrszarvút."
"rhinoceros_4","What noise does a rhinoceros make?","Milyen zajt ad az orrszarvú?"
"snake","Snake","Kígyó"
"snake_2","I like snakes.","Szeretem a kígyókat."
"snake_3","I saw a snake.","Láttam egy kígyót."
"snake_4","What noise does a snake make?","Milyen zajt ad egy kígyó?"
"lion","Lion","Oroszlán"
"lion_2","I like lions.","Szeretem az oroszlánokat."
"lion_3","I saw a lion.","Láttam egy oroszlánt."
"lion_4","What noise does a lion make?","Milyen zajt ad az oroszlán?"
"squid","Squid","Tintahal"
"squid_2","I like squids.","Szeretem a tintahalagokat."
"squid_3","I saw a squid.","Láttam egy tintahalat."
"squid_4","What noise does a squid make?","Milyen zajt ad a tintahal?"
"whale","Whale","Bálna"
"whale_2","I like whales.","Szeretem a bálnákat."
"whale_3","I saw a whale.","Láttam egy bálnát."
"whale_4","What noise does a whale make?","Milyen zajt ad a bálna?"
"beetle","Beetle","Bogár"
"beetle_2","I like beetles.","Szeretem a bogarak."
"beetle_3","I saw a beetle.","Láttam egy bogarat."
"beetle_4","What noise does a beetle make?","Milyen zajt ad a bogár?"
"dolphin","Dolphin","Delfin"
"dolphin_2","I like dolphins.","Szeretem a delfineket."
"dolphin_3","I saw a dolphin.","Láttam egy delfint."
"dolphin_4","What noise does a dolphin make?","Milyen zajt ad egy delfin?"
"starfish","Starfish","Tengeri csillag"
"starfish_2","I like starfishes.","Szeretem a tengeri csillagokat."
"starfish_3","I saw a starfish.","Láttam egy tengeri csillagot."
"starfish_4","What noise does a starfish make?","Milyen zajt ad a tengeri csillag?"
"parakeet","Parakeet","Ara papagáj"
"parakeet_2","I like parakeets.","Szeretem a papagájokat."
"parakeet_3","I saw a parakeet.","Láttam egy papagát."
"parakeet_4","What noise does a parakeet make?","Milyen zajt okoz a papagáj?"
"owl","Owl","Bagoly"
"owl_2","I like owls.","Szeretem a baglyokat."
"owl_3","I saw an owl.","Láttam egy baglyot."
"owl_4","What noise does an owl make?","Milyen zajt ad egy bagoly?"
"sheep","Sheep","Juh"
"sheep_2","I like sheeps.","Szeretem a birkák."
"sheep_3","I saw a sheep.","Láttam egy birkát."
"sheep_4","What noise does a sheep make?","Milyen zajt ad a juh?"
"clothes","Clothes","Ruházat"
"pants","Pants","Nadrág"
"pants_2","My pants are dirty.","A nadrágom piszkos."
"pants_3","Can you help me wear my pants?","Tudna segíteni a nadrágom viselésében?"
"shirt","Shirt","Ing"
"shirt_2","My shirt is dirty.","Ingem piszkos."
"shirt_3","Can you help me wear my shirt?","Tudna segíteni az ingem viselésében?"
"skirt","Skirt","Szoknya"
"skirt_2","My skirt is dirty.","A szoknyám piszkos."
"skirt_3","Can you help me wear my skirt?","Tudsz segíteni nekem a szoknyám viselésében?"
"panty","Panty","panty"
"panty_2","My underwear is dirty.","A fehérneműm piszkos."
"panty_3","Can you help me wear my panty?","Tudna segíteni a nadrágom viselésében?"
"jacket","Jacket","dzseki"
"jacket_2","My jacket is dirty.","A kabátom piszkos."
"jacket_3","Can you help me wear my jacket?","Tudna segíteni a kabátom viselésében?"
"tie","Tie","Nyakkendő"
"tie_2","I like wearing tie.","Szeretek nyakkendőt viselni."
"tie_3","Can you help me tie my tie?","Tudsz segíteni a nyakkendőm kötésében?"
"baseball-cap","Baseball cap","Baseball sapka"
"baseball-cap_2","I like wearing baseball cap.","Szeretek baseball sapkát viselni."
"baseball-cap_3","Which baseball cap should I wear?","Melyik baseball sapkát kell viselnem?"
"dress","Dress","Ruha"
"dress_2","My dress is dirty.","A ruhám piszkos."
"dress_3","Can you help me wear my dress?","Tudsz segíteni nekem a ruhám viselésében?"
"shoes","Shoes","cipő"
"shoes_2","My shoes are dirty.","A cipőm piszkos."
"shoes_3","Can you help me wear my shoes?","Tudna segíteni a cipőmben?"
"boots","Boots","Csizma"
"boots_2","My boots are dirty.","A csizmám piszkos."
"boots_3","Can you help me wear my boots?","Tudna segíteni a csizmám viselésében?"
"sneakers","Sneakers","Tornacipő"
"sneakers_2","I want to wear my sneakers.","Viselni akarom a cipőmet."
"sneakers_3","Can you help me wear my sneakers?","Tudna segíteni a cipőm viselésében?"
"slippers","Slippers","Papucs"
"slippers_2","I want to wear my slippers.","Szeretnék viselni a papucsomat."
"slippers_3","Can you help me wear my slippers?","Tudna segíteni a papucs viselésében?"
"belt","Belt","Öv"
"belt_2","I like wearing belt.","Szeretek övet viselni."
"belt_3","Can you help me wear my belt?","Tudna segíteni az öv viselésében?"
"socks","Socks","Zokni"
"socks_2","My socks are dirty.","Zokni piszkos."
"socks_3","Can you help me wear my socks?","Tudna segíteni a zokni viselésében?"
"swimsuit","Swimsuit","Fürdőruha"
"swimsuit_2","I want to wear my swimsuit.","Szeretnék viselni a fürdőruhámat."
"swimsuit_3","Can you help me wear my swimsuit?","Tudsz segíteni a fürdőruhám viselésében?"
"sweater","Sweater","Pulóver"
"sweater_2","My sweater is dirty.","A pulóverm piszkos."
"sweater_3","Can you help me wear my sweater?","Tudsz segíteni nekem a pulóvem viselésében?"
"scarf","Scarf","Sál"
"scarf_2","I like wearing scarf.","Szeretek sálat viselni."
"scarf_3","Can you help me wear my scarf?","Segíthetsz nekem a sálat viselni?"
"denim-shorts","Denim shorts","Farmer rövidnadrág"
"denim-shorts_2","My denim shorts are dirty.","A farmer rövidnadrágom piszkos."
"denim-shorts_3","Can you help me wear my denim shorts?","Tudna segíteni a farmer rövidnadrágom viselésében?"
"hoodies","Hoodies","Kapucnis"
"hoodies_2","I like wearing hoodies.","Szeretek kapucnis pulcsit viselni."
"hoodies_3","Can you help me wear my hoodie?","Tudsz segíteni nekem a kapucnis pulcsom viselésében?"
"swimming-shorts","Swimming shorts","Úszó nadrág"
"swimming-shorts_2","My swimming shorts are dirty.","Az úszási rövidnadrágom piszkos."
"swimming-shorts_3","Can you help me wear my swimming shorts?","Segíthetsz nekem az úszási rövidnadrágomat?"
"bow-tie","Bow tie","Csokornyakkendő"
"bow-tie_2","I like wearing bow tie.","Szeretek csokornyakkendőt viselni."
"bow-tie_3","Can you help me wear my bow tie?","Tudna segíteni a csokornyakkendőm viselésében?"
"leather-jacket","Leather jacket","Bőrkabát"
"leather-jacket_2","I like wearing leather jacket.","Szeretek bőrkabátot viselni."
"leather-jacket_3","Can you help me wear my leather jacket?","Tudna segíteni a bőrdzseki viselésében?"
"bathrobe","Bathrobe","Fürdőköpeny"
"bathrobe_2","I like wearing bathrobe.","Szeretek fürdőköpenyt viselni."
"bathrobe_3","Can you help me wear my bathrobe?","Tudna segíteni a fürdőköpeny viselésében?"
"jumpsuit","Jumpsuit","kezeslábas"
"jumpsuit_2","I like wearing jumpsuit.","Szeretem a felsőruhát viselni."
"jumpsuit_3","Can you help me wear my jumpsuit?","Tudsz segíteni nekem a felsőruhámat?"
"fedora-hat","Fedora hat","Fedora kalap"
"fedora-hat_2","I like wearing fedora hat.","Szeretek fedora kalapot viselni."
"fedora-hat_3","Can you help me wear my fedora hat?","Tudna segíteni nekem a fedora kalap viselésében?"
"t-shirt","T-shirt","póló"
"t-shirt_2","I like wearing t-shirt.","Szeretek pólót viselni."
"t-shirt_3","Can you help me wear my t-shirt?","Tudna segíteni a pólóm viselésében?"
"sleeveless","Sleeveless","Ujjatlan"
"sleeveless_2","I like wearing sleeveless.","Szeretem ujjatlanul viselni."
"sleeveless_3","Can you help me wear my sleeveless?","Tudna segíteni az ujjatlan ruhám viselésében?"
"boxers","Boxers","Boxer"
"boxers_2","I like wearing boxers.","Szeretek bokszolókat viselni."
"boxers_3","Can you help me wear my boxers?","Tudna segíteni, hogy viseljem a bokszereimet?"
"vest","Vest","Mellény"
"vest_2","I like wearing vest.","Szeretem mellényt viselni."
"vest_3","Can you help me wear my vest?","Tudsz segíteni nekem a mellényem viselésében?"
"pamela-hat","Pamela hat","Pamela kalap"
"pamela-hat_2","I like wearing pamela hat.","Szeretek pamela kalapot viselni."
"pamela-hat_3","Can you help me wear my pamela hat?","Tudsz segíteni nekem a pamela kalap viselésében?"
"high-heels","High heels","Magassarkú"
"high-heels_2","I like wearing high heels.","Szeretek magas sarkú cipőt viselni."
"high-heels_3","Can you help me wear my high heels?","Tudna segíteni a magas sarkú cipőm viselésében?"
"overalls","Overalls","Overall"
"overalls_2","I like wearing overalls.","Szeretek overallt viselni."
"overalls_3","Can you help me wear my overalls?","Tudna segíteni az overám viselésében?"
"kimono","Kimono","Kimonó"
"kimono_2","I like wearing kimono.","Szeretek kimono-t viselni."
"kimono_3","Can you help me wear my kimono?","Tudna segíteni nekem a kimonó viselésében?"
"raincoat","Raincoat","Esőkabát"
"raincoat_2","I like wearing raincoat.","Szeretek esőkabátot viselni."
"raincoat_3","Can you help me wear my raincoat?","Tudna segíteni az esőkabát viselésében?"
"bandana","Bandana","Bandanna"
"bandana_2","I like wearing bandana.","Szeretek bandanát viselni."
"bandana_3","Can you help me wear my bandana?","Tudna segíteni a bandanám viselésében?"
"beret","Beret","Svájcisapka"
"beret_2","I like wearing beret.","Szeretek svájcisapkát viselni."
"beret_3","Can you help me wear my beret?","Tudsz segíteni nekem a svájcisapka viselésében?"
"knit-hat","Knit hat","Kötött kalap"
"knit-hat_2","I like wearing knit hat.","Szeretek kötött sapkát viselni."
"knit-hat_3","Can you help me wear my knit hat?","Tudsz segíteni nekem a kötött kalap viselésében?"
"suspenders","Suspenders","Harisnyatartó"
"suspenders_2","I like wearing suspenders.","Szeretek harisnyatartót viselni."
"suspenders_3","Can you help me wear my suspenders?","Tudna segíteni a harisnyatartóm viselésében?"
"mitten","Mitten","Ujjatlan kesztyű"
"mitten_2","I like wearing mitten.","Szeretek kesztyűt viselni."
"mitten_3","Can you help me wear my mitten?","Tudna segíteni az ujjatlan kesztyűmben?"
"suit","Suit","Öltöny"
"suit_2","I like wearing suit.","Szeretek öltönyt viselni."
"suit_3","Can you help me wear my suit?","Tudsz segíteni nekem a ruha viselésében?"
"coat","Coat","Kabát"
"coat_2","I like wearing coat.","Szeretek kabátot viselni."
"coat_3","Can you help me wear my coat?","Tudsz segíteni nekem a kabátam viselésében?"
"trench-coat","Trench coat","Viharkabát"
"trench-coat_2","I like wearing trench coat.","Szeretek árokkabátot viselni."
"trench-coat_3","Can you help me wear my trench coat?","Tudna segíteni az árok kabátom viselésében?"
"colors","Colors","Színek"
"crayons","Crayons","ceruzák"
"crayons_2","I like crayons.","Szeretem a ceruzákat."
"crayons_3","Can you give me crayons?","Adhatsz nekünk ceruzákat?"
"crayons_4","I want to draw using my crayons.","Rajzolni akarok a ceruzáim segítségével."
"red","Red","Piros"
"red_2","It is red.","Ez piros."
"red_3","My favorite color is red.","A kedvenc szinem a piros."
"red_4","Can you give me red paint?","Tudsz adni nekem vörös festéket?"
"blue","Blue","Kék"
"blue_2","It is blue.","Ez kék."
"blue_3","My favorite color is blue.","A kedvenc színem a kék."
"blue_4","Can you give me blue paint?","Tudsz nekem kék festéket adni?"
"orange","Orange","narancssárga"
"orange_2","It is orange color.","Narancssárga színű."
"orange_3","My favorite color is orange.","Kedvenc színem a narancs."
"orange_4","Can you give me orange paint?","Adhat nekem narancssárga festéket?"
"green","Green","Zöld"
"green_2","It is green.","Ez zöld."
"green_3","My favorite color is green.","Kedvenc színem a zöld."
"green_4","Can you give me green paint?","Adhat nekem zöld festéket?"
"yellow","Yellow","Sárga"
"yellow_2","It is yellow.","Ez sárga."
"yellow_3","My favorite color is yellow.","Kedvenc színem a sárga."
"yellow_4","Can you give me yellow paint?","Tudsz nekem sárga festéket adni?"
"purple","Purple","Lila"
"purple_2","It is purple.","Lila."
"purple_3","My favorite color is purple.","A kedvenc színem a lila."
"purple_4","Can you give me purple paint?","Adhatsz nekem lila festéket?"
"pink","Pink","Rózsaszín"
"pink_2","It is pink.","Rózsaszín."
"pink_3","My favorite color is pink.","A kedvenc színem a rózsaszín."
"pink_4","Can you give me pink paint?","Tudsz rózsaszínű festéket adni?"
"brown","Brown","Barna"
"brown_2","It is brown.","Barna."
"brown_3","My favorite color is brown.","Kedvenc színem a barna."
"brown_4","Can you give me brown paint?","Adhatsz nekem barna festéket?"
"black","Black","Fekete"
"black_2","It is black.","Ez fekete."
"black_3","My favorite color is black.","Kedvenc színem a fekete."
"black_4","Can you give me black paint?","Tudsz adni nekem fekete festéket?"
"white","White","fehér"
"white_2","It is white.","Ez fehér."
"white_3","My favorite color is white.","Kedvenc színem a fehér."
"white_4","Can you give me white paint?","Adhat nekem fehér festéket?"
"gray","Gray","szürke"
"gray_2","It is gray.","Szürke."
"gray_3","My favorite color is gray.","Kedvenc színem a szürke."
"gray_4","Can you give me gray paint?","Adhat nekem szürke festéket?"
"transparent","Transparent","Átlátszó"
"transparent_2","It is transparent.","Átlátszó."
"transparent_3","I can see behind transparent color.","Látom az átlátszó szín mögött."
"transparent_4","Can you help me erase?","Segíthetsz törölni?"
"cyan","Cyan","Cián"
"cyan_2","It is cyan.","Ciánkék."
"cyan_3","My favorite color is cyan.","Kedvenc színem a cián."
"cyan_4","Can you give me cyan paint?","Tudsz nekem ciánképet festeni?"
"violet","Violet","Ibolya"
"violet_2","It is violet.","Ibolya."
"violet_3","My favorite color is violet.","Kedvenc színem az ibolya."
"violet_4","Can you give me violet paint?","Adhatsz nekem lila festéket?"
"turquoise","Turquoise","Türkiz"
"turquoise_2","It is turquoise.","Türkiz."
"turquoise_3","My favorite color is turquoise.","Kedvenc színem a türkiz."
"turquoise_4","Can you give me turquoise paint?","Adhat nekem türkiz festéket?"
"lime","Lime","Mész"
"lime_2","It is lime.","Ez mész."
"lime_3","My favorite color is lime.","Kedvenc színem a mész."
"lime_4","Can you give me lime paint?","Tudsz nekem mészfestéket adni?"
"plum","Plum","Szilva"
"plum_2","It is plum.","Szilva."
"plum_3","My favorite color is plum.","Kedvenc színem a szilva."
"plum_4","Can you give me plum paint?","Tudsz nekem szilvafestéket adni?"
"tan","Tan","Cser"
"tan_2","It is tan color.","Barna színű."
"tan_3","My favorite color is tan color.","Kedvenc színem a barnás szín."
"tan_4","Can you give me tan color paint?","Adhatsz nekem barna színű festéket?"
"avocado","Avocado","Avokádó"
"avocado_2","It is avocado color.","Avokádó színű."
"avocado_3","My favorite color is avocado color.","Kedvenc színem az avokádó szín."
"avocado_4","Can you give me avocado color paint?","Tudsz adni nekem avokádó színes festéket?"
"barbie-pink","Barbie pink","Barbie rózsaszín"
"barbie-pink_2","It is barbie pink color.","Barbie rózsaszín."
"barbie-pink_3","My favorite color is barbie pink.","Kedvenc színem a barbie rózsaszín."
"barbie-pink_4","Can you give me barbie pink paint?","Adhatsz nekem barbie rózsaszín festéket?"
"blizzard-blue","Blizzard blue","Hóvihar kék"
"blizzard-blue_2","It is blizzard blue color.","Ez hóvihar színű."
"blizzard-blue_3","My favorite color is blizzard blue color.","Kedvenc színem a hóvihar."
"blizzard-blue_4","Can you give me blizzard blue paint?","Adhat nekem hóvihar kék festéket?"
"conversation","Conversation","Beszélgetés"
"me","Me","Nekem"
"me_2","My name is {name}","A nevem {név}"
"me_3","I'm {name}","{Név} vagyok"
"me_4","Do you know my name?","Tudod a nevem?"
"me_5","What is your name?","Mi a neved?"
"me_6","Nice to meet you!","Örvendek!"
"me_7","Do you like me?","Kedvelsz engem?"
"me_8","Can we be friends?","Lehetünk barátok?"
"me_9","I'm using assistive communication app.","Asszisztens kommunikációs alkalmazást használom."
"me_10","Who are you?","Ki vagy te?"
"hello","Hello","Szia"
"hello_2","Hello.","Szia."
"hello_3","Hi.","Szia."
"hello_4","Greetings.","Üdvözlet."
"hello_5","How are you?","Hogy vagy?"
"hello_6","Nice to meet you!","Örvendek!"
"help","Help","Segítség"
"help_2","Help me.","Segíts."
"help_3","Can you help me?","Tudsz segíteni nekem?"
"help_4","I need help","segítségre van szükségem"
"help_5","Do you need help?","Kell segítség?"
"yes","Yes","Igen"
"yes_2","Yes.","Igen."
"yes_3","Yes please.","Igen, kérem."
"yes_4","Alright.","Rendben."
"yes_5","Agreed.","Egyetért."
"yes_6","I want to.","Akarok."
"yes_7","I would like to.","Szeretnék."
"no","No","Nem"
"no_2","No.","Nem."
"no_3","Nope.","Dehogy."
"no_4","Never.","Soha."
"no_5","I don't want to.","Nem akarom."
"no_6","I don't like it.","Nem tetszik."
"no_7","You don't like it?","Nem tetszik?"
"no_8","Why you don't like it?","Miért nem tetszik?"
"toilet","Toilet","WC"
"toilet_2","I need to go to the toilet.","WC-re kell mennem."
"toilet_3","I need to pee.","Pisilnem kell."
"toilet_4","I need to poop.","Kakilnom kell."
"toilet_5","Can you help me go to the toilet?","Tudsz segíteni a WC-ben?"
"toilet_6","Can you help me clean?","Segíthetsz tisztítani?"
"toilet_7","I peed myself.","Peed magam."
"toilet_8","I pooped myself.","Kicsaptam magam."
"what","What","Mit"
"what_2","What is that?","Mi az?"
"what_3","What does it mean?","Mit jelent?"
"what_4","What do you mean?","Hogy érted?"
"what_5","Can you explain it?","Meg tudod magyarázni?"
"what_6","Can you repeat what you said?","Meg tudja ismételni, amit mondott?"
"what_7","I don't understand.","Nem értem."
"sleep","Sleep","Alvás"
"sleep_2","I want to sleep.","Aludni akarok."
"sleep_3","I don't want to sleep.","Nem akarok aludni."
"sleep_4","I'm tired.","Fáradt vagyok."
"sleep_5","Are you tired?","Fáradt vagy?"
"sleep_6","When am I going to sleep?","Mikor alszok?"
"sleep_7","I want to take a nap.","Le akarok pihenni."
"bath","Bath","Fürdőkád"
"bath_2","I want to take a bath.","Fürdeni akarok."
"bath_3","I like taking a bath.","Szeretek fürödni."
"bath_4","I want to wash my hands.","Meg akarom mosni a kezem."
"bath_5","I want to take a shower.","Zuhanyozni akarok."
"bath_6","I want to clean myself.","Meg akarom tisztítani magam."
"bath_7","Can you help me take a bath?","Tudsz segíteni fürödni?"
"bath_8","I don't want to take a bath.","Nem akarok fürödni."
"listen","Listen","Hallgat"
"listen_2","Listen to me.","Hallgass rám."
"listen_3","Can you listen to me?","Tud hallgatni rám?"
"listen_4","Listen to music.","Zenét hallgat."
"listen_5","Listening to my parents.","A szüleim hallgatása."
"listen_6","Listen to what my application is saying!","Hallgassa meg, mit mond az alkalmazásom!"
"morning","Morning","Reggel"
"morning_2","Good morning.","Jó reggelt kívánok."
"morning_3","I like mornings.","Szeretem a reggeleket."
"morning_4","In the morning.","Reggel."
"morning_5","Morning time.","Reggeli idő."
"morning_6","Is it morning?","Reggel van?"
"night","Night","Éjszaka"
"night_2","Good night!","Jó éjszakát!"
"night_3","I like nights.","Szeretem az éjszakákat."
"night_4","At night.","Éjszaka."
"night_5","Night time.","Éjszakai idő."
"night_6","Is it night?","Éjszaka van?"
"look","Look","Néz"
"look_2","Look at me.","Nézz rám."
"look_3","Look at this.","Ezt nézd."
"look_4","Are you looking?","Nézel?"
"look_5","Look at my drawing.","Nézd meg a rajzomat."
"look_6","How do I look?","Hogy nézek ki?"
"look_7","Look what I did.","Nézd, mit tettem."
"look_8","Let's look at that.","Nézzük meg ezt."
"speak","Speak","Beszél"
"speak_2","I'm learning how to speak.","Megtanulok beszélni."
"speak_3","I want to speak.","Beszélni akarok."
"speak_4","Can I speak with you?","Beszélhetnék veled?"
"speak_5","I like speaking.","Szeretek beszélni."
"speak_6","I'm using assistive communication app.","Asszisztens kommunikációs alkalmazást használom."
"play","Play","Játék"
"play_2","I love playing.","Szeretem játszani."
"play_3","Can you play with me?","Tudsz velem játszani?"
"play_4","I want to play with you!","Játszani akarok veled!"
"play_5","I want to play with my friends.","Szeretnék játszani a barátaimmal."
"play_6","I don't want to play with you.","Nem akarok veled játszani."
"outside","Outside","Kívül"
"outside_2","I love going outside.","Szeretem kimenni."
"outside_3","I want to go outside.","Kint akarok menni."
"outside_4","Is it cold outside?","Hát hideg van?"
"outside_5","I don't like outside.","Nem szeretek kint lenni."
"outside_6","Can I go outside?","Kimenhetek kint?"
"home","Home","itthon"
"home_2","I love my home.","Imádom az otthonom."
"home_3","I want to go home.","Haza akarok menni."
"home_4","Where is your home?","Hol laksz?"
"home_5","Home sweet home.","Otthon, édes otthon."
"home_6","I'm in the house.","A házban vagyok."
"home_7","I'm not in the house.","Nem vagyok a házban."
"hurt","Hurt","Sért"
"hurt_2","I'm hurt.","Megsérültem."
"hurt_3","Are you hurt?","Megsérültél?"
"hurt_4","Did I hurt you?","Megbántottalak?"
"hurt_5","I didn't mean to hurt you!","Nem akartam bántani téged!"
"hurt_6","Is it going to hurt?","Fájni fog?"
"hurt_7","I have a headache.","Fáj a fejem."
"hurt_8","I have a stomach ache.","Fáj a hasam."
"hurt_9","My genitals hurt.","A nemi szervek fáj."
"hurt_10","My foot hurts.","Fáj a lábam."
"feelings","Feelings","érzések"
"happy","Happy","Boldog"
"happy_2","I'm happy.","Boldog vagyok."
"happy_3","I feel happy.","Boldognak érzem magam."
"happy_4","Do you feel happy?","Boldog vagy?"
"happy_5","I want to feel happy.","Boldog akarok lenni."
"happy_6","You are making me happy.","Te boldoggá teszel."
"sad","Sad","Szomorú"
"sad_2","I'm sad.","Szomorú vagyok."
"sad_3","I feel sad.","Szomorúnak érzem magam."
"sad_4","Do you feel sad?","Szomorú vagy?"
"sad_5","I don't want to feel sad.","Nem akarom szomorúnak lenni."
"sad_6","You are making me sad.","Szomorúvá teszel."
"exhausted","Exhausted","Kimerült"
"exhausted_2","I'm exhausted.","Kimerült vagyok."
"exhausted_3","I feel exhausted.","Kimerült vagyok."
"exhausted_4","Do you feel exhausted?","Kimerültnek érzi magát?"
"exhausted_5","I don't want to be exhausted.","Nem akarok kimerülni."
"relaxed","Relaxed","Kipihent"
"relaxed_2","I'm relaxed.","Nyugodt vagyok."
"relaxed_3","I feel relaxed.","Nyugodtan érzem magam."
"relaxed_4","Do you feel relaxed?","Nyugodtan érzi magát?"
"relaxed_5","I want to feel relaxed.","Nyugodni akarok."
"in-love","In love","Szerelmes"
"in-love_2","I'm in love.","Szerelmes vagyok."
"in-love_3","I feel in love.","Szerelmes vagyok."
"in-love_4","Are you in love?","Szerelmes vagy?"
"in-love_5","I want to fall in love.","Szerelmes akarok lenni."
"in-love_6","Do you love me?","Szeretsz?"
"stressed","Stressed","kiemelt"
"stressed_2","I'm stressed.","Stressz vagyok."
"stressed_3","I feel stressed.","Feszültnek érzem magam."
"stressed_4","Do you feel stressed?","Nem érzi magát stresszel?"
"stressed_5","I don't want to feel stressed.","Nem akarom stresszesnek érezni."
"thankful","Thankful","Hálás"
"thankful_2","I'm thankful.","Hálás vagyok."
"thankful_3","I feel thankful.","Hálás vagyok."
"thankful_4","Do you feel thankful?","Hálás vagy?"
"thankful_5","I want to feel thankful.","Szeretnék hálás lenni."
"confused","Confused","Zavaros"
"confused_2","I'm confused.","Össze vagyok zavarodva."
"confused_3","I feel confused.","Zavarban vagyok."
"confused_4","Do you feel confused?","Összezavarod?"
"confused_5","You are confusing me.","Összezavarsz."
"joyful","Joyful","Vidám"
"joyful_2","I'm joyful.","Örülök."
"joyful_3","I feel joyful.","Örülök."
"joyful_4","Do you feel joyful?","Örülök?"
"joyful_5","I want to feel joyful.","Örülni akarok."
"angry","Angry","Mérges"
"angry_2","I'm angry.","Dühös vagyok."
"angry_3","I feel angry.","Mérges vagyok."
"angry_4","Do you feel angry?","Dühös vagy?"
"angry_5","I'm angry at you.","Mérges vagyok rád."
"angry_6","You are making me angry.","Dühös vagy."
"smart","Smart","Okos"
"smart_2","I'm smart.","Okos vagyok."
"smart_3","I feel smart.","Okosnak érzem magam."
"smart_4","Do you feel smart?","Okosnak érzi magát?"
"smart_5","Am I smart?","Okos vagyok?"
"smart_6","You are smart!","Okos vagy!"
"afraid","Afraid","Félsz"
"afraid_2","I'm afraid.","Attól tartok."
"afraid_3","I feel afraid.","Félek."
"afraid_4","Do you feel afraid?","Félsz?"
"afraid_5","I don't want to feel afraid.","Nem akarok félni."
"afraid_6","You are scaring me.","Megijesztesz."
"ashamed","Ashamed","Megszégyenülve"
"ashamed_2","I'm ashamed.","Szégyellem."
"ashamed_3","I feel ashamed.","Én szégyellem magam."
"ashamed_4","Do you feel ashamed?","Szégyelli magát?"
"ashamed_5","I don't want to feel ashamed.","Nem akarok szégyellni."
"shocked","Shocked","Döbbent"
"shocked_2","I'm shocked.","Meg vagyok döbbenve."
"shocked_3","I feel shocked.","Sokkoltam."
"shocked_4","Do you feel shocked?","Döbbenten érzi magát?"
"shocked_5","You shocked me.","Megdöbbent."
"sick","Sick","Beteg"
"sick_2","I'm sick.","Beteg vagyok."
"sick_3","I feel sick.","Rosszul érzem magam."
"sick_4","Do you feel sick?","Rosszul érzed magad?"
"sick_5","I don't want to be sick.","Nem akarok beteg lenni."
"sick_6","I'm sick of the food.","Beteg vagyok az ételtől."
"frustrated","Frustrated","Frusztrált"
"frustrated_2","I'm frustrated.","Frusztrált vagyok."
"frustrated_3","I feel frustrated.","Csalódottnak érzem magam."
"frustrated_4","Do you feel frustrated?","Frusztráltan érzed magad?"
"frustrated_5","I don't want to feel frustrated.","Nem akarom csalódni."
"excited","Excited","Izgatott"
"excited_2","I'm excited.","Izgatott vagyok."
"excited_3","I feel excited.","Izgatott vagyok."
"excited_4","Do you feel excited?","Izgatottan érzi magát?"
"excited_5","I don't want to feel excited.","Nem akarom izgatottan érezni."
"nauseated","Nauseated","hányingere"
"nauseated_2","I'm nauseated.","Hányingert vagyok."
"nauseated_3","I feel nauseated.","Hányinom van."
"nauseated_4","Do you feel nauseated?","Émelyg?"
"nauseated_5","I don't want to feel nauseated.","Nem akarom émelygni."
"agitated","Agitated","izgatott"
"agitated_2","I'm agitated.","Izgatott vagyok."
"agitated_3","I feel agitated.","Izgatottan érzem magam."
"agitated_4","Do you feel agitated?","Izgatottan érzi magát?"
"agitated_5","I don't want to feel agitated.","Nem akarom izgatottan érezni."
"food","Food","Étel"
"hungry","Hungry","Éhes"
"hungry_2","I'm hungry.","Éhes vagyok."
"hungry_3","Are you hungry?","Éhes vagy?"
"hungry_4","Can you make me food?","Tudsz enni?"
"hungry_5","What is for dinner?","Mi van vacsorára?"
"thirsty","Thirsty","Szomjas"
"thirsty_2","I'm thirsty.","Szomjas vagyok."
"thirsty_3","Can I have some water?","Kaphatnék egy kis vizet?"
"thirsty_4","Can I have a glass of water?","Kaphatok egy pohár vizet?"
"thirsty_5","I want something to drink.","Inni akarok valamit."
"cutlery","Cutlery","Evőeszköz"
"cutlery_2","I need cutlery.","Evőeszközre van szükségem."
"cutlery_3","Help me use cutlery.","Segítsen az evőeszközök használatában."
"cutlery_4","I need a fork.","Szükségem van egy villára."
"cutlery_5","I need a spoon.","Szükségem van egy kanálra."
"cutlery_6","I need chopsticks.","Pálcika van szükségem."
"cutlery_7","I need a knife.","Késre van szükségem."
"cutlery_8","I need a napkin.","Szükségem van egy szalvétára."
"apple","Apple","alma"
"apple_2","I like apple.","Szeretem az almát."
"apple_3","I don't like apple.","Nem szeretem az almát."
"apple_4","I want to eat an apple.","Enni akarok egy almát."
"carrot","Carrot","Sárgarépa"
"carrot_2","I like carrot.","Szeretem a sárgarépát."
"carrot_3","I don't like carrot.","Nem szeretem a sárgarépát."
"carrot_4","I want to eat a carrot.","Sárgarépát akarok enni."
"beans","Beans","bab"
"beans_2","I like beans.","Szeretem a babot."
"beans_3","I don't like beans.","Nem szeretem a babot."
"beans_4","I want to eat beans.","Babot akarok enni."
"chicken_5","I want fried chicken.","Sült csirkét akarok."
"chicken_6","I want boiled chicken.","Főzött csirkét akarok."
"chocolate","Chocolate","Csokoládé"
"chocolate_2","I like chocolate.","Szeretem a csokoládét."
"chocolate_3","I don't like chocolate.","Nem szeretem a csokoládét."
"chocolate_4","I want to eat chocolate.","Csokoládét akarok enni."
"chocolate_5","I want dark chocolate.","Sötét csokoládét akarok."
"chocolate_6","I want white chocolate.","Fehér csokoládét akarok."
"milk","Milk","Tej"
"milk_2","I like milk.","Szeretem a tejet."
"milk_3","I don't like milk.","Nem szeretem a tejet."
"milk_4","I want to drink milk.","Inni akarok tejet."
"milk_5","Can I have a glass of milk?","Lehetek egy pohár tejet?"
"sandwich","Sandwich","Szendvics"
"sandwich_2","I like sandwich.","Szeretem a szendvicset."
"sandwich_3","I don't like sandwich.","Nem szeretem a szendvicset."
"sandwich_4","I want to eat a sandwich.","Egy szendvicset akarok enni."
"sandwich_5","Can you make me a sandwich?","Tudsz nekem egy szendvicset készíteni?"
"steak","Steak","Steak"
"steak_2","I like steak.","Tetszik steak."
"steak_3","I don't like steak.","Nem szeretem a steak."
"steak_4","I want to eat steak.","Steakot akarok enni."
"steak_5","Can you cook steak for me?","Tud főzni steak nekem?"
"banana","Banana","Banán"
"banana_2","I like banana.","Szeretem a banánt."
"banana_3","I don't like banana.","Nem szeretem a banánt."
"banana_4","I want to eat a banana.","Banánt akarok enni."
"pie","Pie","Pite"
"pie_2","I like pie.","Szeretem a pitét."
"pie_3","I don't like pie.","Nem szeretem a pitet."
"pie_4","I want to eat pie.","Pitet akarok enni."
"pie_5","Can you bake a pie for me?","Tudsz sütni nekem egy tortát?"
"egg","Egg","Tojás"
"egg_2","I like egg.","Szeretem a tojást."
"egg_3","I don't like egg.","Nem szeretem a tojást."
"egg_4","I want to eat egg.","Tojást akarok enni."
"egg_5","I want fried eggs.","Sült tojást akarok."
"egg_6","I want boiled eggs.","Főtt tojást akarok."
"noodles","Noodles","Tészta"
"noodles_2","I like noodles.","Szeretem a tésztát."
"noodles_3","I don't like noodles.","Nem szeretem a tésztát."
"noodles_4","I want to eat noodles.","Tésztát akarok enni."
"noodles_5","Can you cook noodles for me?","Tud főzni tésztát nekem?"
"salt","Salt","Só"
"salt_2","I want salt.","Sót akarok."
"salt_3","Can you pass me the salt?","Átadhatja nekem a sót?"
"salt_4","Food is too salty.","Az étel túl sós."
"salt_5","My food needs some salt.","Az ételemnek szüksége van némi sóra."
"spices","Spices","fűszerek"
"spices_2","I like spicy food.","Szeretem a fűszeres ételeket."
"spices_3","I don't like spicy food.","Nem szeretem a fűszeres ételeket."
"spices_4","I want paprika.","Paprikát akarok."
"spices_5","I want black pepper.","Fekete borsot akarok."
"pizza","Pizza","pizza"
"pizza_2","I like pizza.","Szeretem a pizzát."
"pizza_3","I don't like pizza.","Nem szeretem a pizzát."
"pizza_4","I want to eat pizza.","Pizzát akarok enni."
"pizza_5","Can you cook pizza for me?","Tudsz nekem pizzát főzni?"
"pizza_6","Can we order pizza?","Megrendelhetünk pizzát?"
"cheese","Cheese","Sajt"
"cheese_2","I like cheese.","Szeretem a sajtot."
"cheese_3","I don't like cheese.","Nem szeretem a sajtot."
"cheese_4","I want to eat cheese.","Sajt akarok enni."
"ice-cream","Ice cream","Jégkrém"
"ice-cream_2","I like ice cream.","Szeretem a jégkrémet."
"ice-cream_3","I don't like ice cream.","Nem szeretem a fagylaltot."
"ice-cream_4","I want to eat ice cream.","Fagylaltot akarok enni."
"ice-cream_5","Can you buy ice cream for me?","Vásárolhat nekem fagylaltot?"
"tea","Tea","Tea"
"tea_2","I like tea.","Szeretem a teát."
"tea_3","I don't like tea.","Nem szeretem a teát."
"tea_4","I want to drink tea.","Teát akarok inni."
"tea_5","Can you make tea for me?","Tudsz teát csinálni nekem?"
"coffee","Coffee","Kávé"
"coffee_2","I like coffee.","Szeretem a kávét."
"coffee_3","I don't like coffee.","Nem szeretem a kávét."
"coffee_4","I want to drink coffee.","Kávét akarok inni."
"coffee_5","Can you make coffee for me?","Készíthet nekem kávét?"
"tomato","Tomato","Paradicsom"
"tomato_2","I like tomato.","Szeretem a paradicsomot."
"tomato_3","I don't like tomato.","Nem szeretem a paradicsomot."
"tomato_4","I want to eat tomato.","Paradicsomot akarok enni."
"cereal","Cereal","Gabona"
"cereal_2","I like cereal.","Szeretem a gabonaféléket."
"cereal_3","I don't like cereal.","Nem szeretem a gabonaféléket."
"cereal_4","I want to eat cereal.","Gabonaféléket akarok enni."
"cereal_5","Can you make my cereal?","Tudod készíteni a gabonaféléket?"
"burger","Burger","Burger"
"burger_2","I like burger.","Szeretem a hamburgert."
"burger_3","I don't like burger.","Nem szeretem a hamburgert."
"burger_4","I want to eat burger.","Hamburgert akarok enni."
"burger_5","Can you cook burger for me?","Tud főzni hamburgert nekem?"
"burger_6","Can we order burger?","Megrendelhetünk hamburgert?"
"french-fries","French fries","sult krumpli"
"french-fries_2","I like french fries.","Szeretem a sült krumplit."
"french-fries_3","I don't like french fries.","Nem szeretem a sült krumplit."
"french-fries_4","I want to eat french fries.","Enni akarok sült krumplit."
"french-fries_5","Can you cook french fries for me?","Főzhetsz nekem hasábburgonyát?"
"french-fries_6","Can we order french fries?","Megrendelhetünk hasábburgonyát?"
"spinach","Spinach","Spenót"
"spinach_2","I like spinach.","Szeretem a spenótot."
"spinach_3","I don't like spinach.","Nem szeretem a spenótot."
"spinach_4","I want to eat spinach.","Spenótot akarok enni."
"rice","Rice","Rizs"
"rice_2","I like rice.","Szeretem a rizst."
"rice_3","I don't like rice.","Nem szeretem a rizst."
"rice_4","I want to eat rice.","Rizst akarok enni."
"rice_5","Can you cook rice for me?","Főzhet nekem rizst?"
"bread","Bread","Kenyér"
"bread_2","I like bread.","Szeretem a kenyeret."
"bread_3","I don't like bread.","Nem szeretem a kenyeret."
"bread_4","I want to eat bread.","Kenyeret akarok enni."
"bread_5","Can you buy some bread?","Lehet vásárolni kenyeret?"
"pasta","Pasta","Tészta"
"pasta_2","I like pasta.","Szeretem a tésztát."
"pasta_3","I don't like pasta.","Nem szeretem a tésztát."
"pasta_4","I want to eat pasta.","Tésztát akarok enni."
"pasta_5","Can you cook pasta for me?","Főzhet nekem tésztát?"
"sauce","Sauce","Szósz"
"sauce_2","I like sauce.","Szeretem a mártást."
"sauce_3","I don't like sauce.","Nem szeretem a mártást."
"sauce_4","I want some sauce.","Szeretnék mártást."
"sauce_5","Can I have ketchup?","Lehetek ketchupot?"
"sauce_6","Can I have mayonnaise?","Lehet majonéz?"
"sauce_7","Can I have mustard?","Lehetek mustárt?"
"sauce_8","Can I have ranch sauce?","Lehetséges ranch szósz?"
"kebab","Kebab","Kebab"
"kebab_2","I like kebab.","Szeretem a kebabot."
"kebab_3","I don't like kebab.","Nem szeretem a kebabot."
"kebab_4","I want to eat kebab.","Kebabot akarok enni."
"kebab_5","Can you cook kebab for me?","Tudsz főzni nekem kebabot?"
"kebab_6","Can we order kebab?","Megrendelhetünk kebabot?"
"numbers","Numbers","számok"
"one","One","Egy"
"one_2","One comes before two.","Az egyik kettő előtt jön."
"one_3","One comes after zero.","Az egyik nulla után jön."
"one_4","I want one.","Szeretnék egy."
"two","Two","Két"
"two_2","Two comes before three.","A kettő három előtt jön."
"two_3","Two comes after one.","Két jön az egyik után."
"two_4","I want two.","Kettőt akarok."
"three","Three","Három"
"three_2","Three comes before four.","Három jön négy előtt."
"three_3","Three comes after two.","Három jön kettő után."
"three_4","I want three.","Három akarok."
"four","Four","négy"
"four_2","Four comes before five.","Négy öt előtt jön."
"four_3","Four comes after three.","Négy jön három után."
"four_4","I want four.","Négyet akarok."
"five","Five","Öt"
"five_2","Five comes before six.","Öt érkezik hat előtt."
"five_3","Five comes after four.","Öt jön négy után."
"five_4","I want five.","Öt akarok."
"six","Six","Hat"
"six_2","Six comes before seven.","A hat hét előtt jön."
"six_3","Six comes after five.","Hat öt után jön."
"six_4","I want fix.","Javítást akarok."
"seven","Seven","hét"
"seven_2","Seven comes before eight.","Hét jön nyolc előtt."
"seven_3","Seven comes after six.","Hét jön hat után."
"seven_4","I want seven.","Hétre akarok."
"eight","Eight","Nyolc"
"eight_2","Eight comes before nine.","Nyolc eljön kilenc előtt."
"eight_3","Eight comes after seven.","Nyolc hét után jön."
"eight_4","I want eight.","Nyolcra akarok."
"nine","Nine","Kilenc"
"nine_2","Nine comes before ten.","Kilenc jön tíz előtt."
"nine_3","Nine comes after eight.","Kilenc jön nyolc után."
"nine_4","I want nine.","Kilencre akarok."
"ten","Ten","Tíz"
"ten_2","Ten comes before eleven.","Tíz tizenegy előtt jön."
"ten_3","Ten comes after nine.","Tíz kilenc után jön."
"ten_4","I want ten.","Tízet akarok."
"eleven","Eleven","Tizenegy"
"eleven_2","Eleven comes before thirteen.","Tizenegy tizenhárom előtt jön."
"eleven_3","Eleven comes after ten.","Tizenegy tíz után jön."
"eleven_4","I want eleven.","Tizenegyet akarok."
"twenty","Twenty","Húsz"
"twenty_2","I can count up to twenty.","Számolok akár húsz."
"thirty","Thirty","Harminc"
"thirty_2","I can count up to thirty.","Számíthatok akár harmincra."
"forty","Forty","Negyven"
"forty_2","I can count up to forty.","Számolok akár negyven."
"fifty","Fifty","Ötven"
"fifty_2","I can count up to fifty.","Számolok akár ötvenet."
"hundred","Hundred","Száz"
"hundred_2","I can count up to hundred.","Számolok akár száz."
"thousand","Thousand","Ezer"
"thousand_2","I can count up to thousand.","Számolok akár ezernek."
"calculator","Calculator","Számológép"
"calculator_2","I want to use a calculator.","Számológépet akarok használni."
"calculator_3","Can you teach me how to use a calculator?","Meg tudja tanítani nekem, hogyan kell használni a számológépet?"
"calculator_4","Can I barrow your calculator?","Lóghatom a számológépét?"
"people","People","Emberek"
"mother","Mother","Anya"
"mother_2","Mommy!","Mami!"
"mother_3","I love my mother.","Szeretem az anyámat."
"mother_4","I love you mom.","Szeretlek anya."
"mother_5","I miss my mom.","Hiányzik az anyukám."
"mother_6","Thank you for taking care of me.","Köszönöm, hogy vigyázott rám."
"mother_7","She is my mom.","Ő az édesanyám."
"mother_8","Can you help me find my mother?","Tudna segíteni az anyám megtalálásában?"
"father","Father","Apa"
"father_2","Daddy!","Apu!"
"father_3","I love my father.","Szeretem az apámat."
"father_4","I love you dad.","Szeretlek apa."
"father_5","I miss my dad.","Hiányzik az apukám."
"father_6","Thank you for taking care of me.","Köszönöm, hogy vigyázott rám."
"father_7","He is my dad.","Ő az apukám."
"father_8","Can you help me find my father?","Tudna segíteni az apám megtalálásában?"
"parents","Parents","A szülők"
"parents_2","I love my parents.","Szeretem a szüleimet."
"parents_3","I love my parents.","Szeretem a szüleimet."
"parents_4","I miss my parents.","Hiányzik a szüleim."
"parents_5","They are my parents.","Ők a szüleim."
"parents_6","My parents are taking care of me.","A szüleim törődnek velem."
"parents_8","Can you help me find my parents?","Tudna segíteni a szüleim megtalálásában?"
"grandparents","Grandparents","Nagyszülők"
"grandparents_2","I love my grandparents.","Szeretem a nagyszüleimet."
"grandparents_3","I love you grandparents.","Szeretlek nagyszülők."
"grandparents_4","I miss my grandparents.","Hiányzik a nagyszüleim."
"grandparents_5","They are my grandparents.","Ők a nagyszüleim."
"grandparents_6","My grandparents are taking care of me.","Nagyszüleim vigyáznak rám."
"grandparents_8","Can you help me find my grandparents?","Tudna segíteni a nagyszüleim megtalálásában?"
"brother","Brother","fiú testvér"
"brother_2","I love my brother.","Szeretem a testvéremet."
"brother_3","I love you brother.","Szeretlek testvérem."
"brother_4","I miss my brother.","Hiányzik a bátyám."
"brother_5","He is my brother.","Ő az én testvérem."
"brother_6","My brother is taking care of me.","A bátyám vigyáz rám."
"brother_8","Can you help me find my brother?","Tudna segíteni a testvérem megtalálásában?"
"sister","Sister","lánytestvér"
"sister_2","I love my sister.","Szeretem a nővéremet."
"sister_3","I love you sister.","Szeretlek hugi."
"sister_4","I miss my sister.","Hiányzik a nővérem."
"sister_5","She is my sister.","Ő a nővérem."
"sister_6","My sister is taking care of me.","A nővérem vigyáz rám."
"sister_8","Can you help me find my sister?","Tudna segíteni a nővérem megtalálásában?"
"uncle","Uncle","Nagybácsi"
"uncle_2","I love my uncle.","Szeretem a nagybátyám."
"uncle_3","I love you uncle.","Szeretlek nagybátyám."
"uncle_4","I miss my uncle.","Hiányzik a nagybátyám."
"uncle_5","He is my uncle.","Ő a nagybátyám."
"uncle_8","Can you help me find my uncle?","Tudna segíteni nekem a nagybátyám megtalálásában?"
"aunt","Aunt","Néni"
"aunt_2","I love my aunt.","Imádom a nagynéném."
"aunt_3","I love you aunt.","Szeretlek néni."
"aunt_4","I miss my aunt.","Hiányzik a nagynéném."
"aunt_5","She is my aunt.","Ő a nagynéném."
"aunt_8","Can you help me find my aunt?","Tudna segíteni a nagynéném megtalálásában?"
"teacher","Teacher","Tanár"
"teacher_2","I love my teacher.","Imádom a tanáromat."
"teacher_3","I love you teacher.","Szeretlek tanár."
"teacher_4","I don't like my teacher.","Nem szeretem a tanárt."
"teacher_5","I miss my teacher.","Hiányzik a tanárom."
"teacher_6","Thank you for the lesson.","Köszönöm a leckét."
"therapist","Therapist","gyógyász"
"therapist_2","I love my therapist.","Szeretem a terapeutamat."
"therapist_3","I love you therapist.","Szeretlek terapeuta."
"therapist_4","I don't like my therapist.","Nem szeretem a terapeutamat."
"therapist_5","I miss my therapist.","Hiányzik a terapeutam."
"therapist_6","Thank you for the session.","Köszönöm az ülést."
"doctor","Doctor","Orvos"
"doctor_2","I love my doctor.","Imádom az orvosomat."
"doctor_3","I love you doctor.","Szeretlek orvos."
"doctor_4","I don't like my doctor.","Nem szeretem az orvosomat."
"doctor_5","I miss my doctor.","Hiányzik az orvosom."
"doctor_6","Thank you for healing me.","Köszönöm, hogy meggyógyítottál."
"friends","Friends","barátok"
"friends_2","I love my friends.","Szeretem a barátaimat."
"friends_3","Do you want to be my friend?","Akarsz a barátom lenni?"
"friends_4","I don't like my friends.","Nem szeretem a barátaimat."
"friends_5","I miss my friends.","Hiányoznak a barátaim."
"friends_6","They are my friends.","Ők a barátaim."
"friends_7","Thank you for playing with me.","Köszönöm, hogy velem játszik."
"cousins","Cousins","cousins"
"cousins_2","I love my cousins.","Imádom az unokatestvéreimet."
"cousins_3","I don't have cousins.","Nincsenek unokatestvéreim."
"cousins_4","I miss my cousins.","Hiányzik az unokatestvéreim."
"cousins_5","They are my cousins.","Ők az unokatestvéreim."
"grandmother","Grandmother","Nagymama"
"grandmother_2","I love my grandmother.","Szeretem a nagymamám."
"grandmother_3","I love you grandma.","Szeretlek nagymama."
"grandmother_4","I miss my grandma.","Hiányzik a nagymamám."
"grandmother_5","She is my grandma.","Ő a nagymamám."
"grandfather","Grandfather","Nagyapa"
"grandfather_2","I love my grandfather.","Szeretem a nagyapámat."
"grandfather_3","I love you grandpa.","Szeretlek nagypapa."
"grandfather_4","I miss my grandpa.","Hiányzik a nagyapám."
"grandfather_5","He is my grandpa.","Ő a nagypapa."
"stepfather","Stepfather","Mostohaapa"
"stepfather_2","I love my stepfather.","Szeretem a mostohanapám."
"stepfather_3","He is my stepfather.","Ő a mostohanapám."
"stepfather_4","I miss my stepfather.","Hiányzik a mostohaapám."
"stepfather_5","He is my stepfather.","Ő a mostohanapám."
"stepmother","Stepmother","Mostohaanya"
"stepmother_2","I love my stepmother.","Szeretem a mostohaanyámat."
"stepmother_3","She is my stepmother.","Ő a mostohaanyám."
"stepmother_4","I miss my stepmother.","Hiányzik a mostohaanyám."
"stepmother_5","She is my stepmother.","Ő a mostohaanyám."
"stepsister","Stepsister","Mostohanővér"
"stepsister_2","I love my stepsister.","Imádom mostohanővérem."
"stepsister_3","She is my stepsister.","Ő a mostohanővérem."
"stepsister_4","I miss my stepsister.","Hiányzik mostohanővérem."
"stepsister_5","She is my stepsister.","Ő a mostohanővérem."
"stepbrother","Stepbrother","Mostoha testvér"
"stepbrother_2","I love my stepbrother.","Imádom mostohanyámat."
"stepbrother_3","He is my stepbrother.","Ő a mostohatestvérem."
"stepbrother_4","I miss my stepbrother.","Hiányzik a mostohatestvérem."
"stepbrother_5","He is my stepbrother.","Ő a mostohatestvérem."
"half-brother","Half brother","Féltestvér"
"half-brother_2","I love my half brother.","Szeretem a testvérem."
"half-brother_3","He is my half brother.","Ő a féltestvérem."
"half-brother_4","I miss my half brother.","Hiányzik a testvérem."
"half-brother_5","He is my half brother.","Ő a féltestvérem."
"half-sister","Half sister","Féltestvér"
"half-sister_2","I love my half sister.","Szeretem a testvérem."
"half-sister_3","She is my half sister.","Ő a testvérem."
"half-sister_4","I miss my half sister.","Hiányzik a testvérem."
"half-sister_5","She is my half sister.","Ő a testvérem."
"quarantine","Quarantine","Karantén"
"protective-mask","Protective mask","Védő maszk"
"stay-home","Stay home","Otthon maradni"
"toilet-paper","Toilet paper","Vécé papír"
"sprayer","Sprayer","Permetező"
"disinfectant","Disinfectant","Fertőtlenítő"
"thermometer","Thermometer","Hőmérő"
"coughing","Coughing","Köhögés"
"medical-assistance","Medical assistance","Orvosi ellátás"
"hand-sanitizer","Hand sanitizer","Kézfertőtlenítő"
"gloves","Gloves","kesztyű"
"social-distancing","Social distancing","Társadalmi távolságtartás"
"mouth-mask","Mouth mask","Szájmaszk"
"pandemic","Pandemic","Világjárvány"
"working-at-home","Working at home","Otthon dolgozik"
"wet-wipes","Wet wipes","Nedves törlőkendők"
"first-aid-kit","First aid kit","Elsősegély csomag"
"fitness","Fitness","alkalmasság"
"e-learning","E-learning","E-learning"
"virus","Virus","Vírus"
"cleaning","Cleaning","Tisztítás"
"school","School","Iskola"
"desk","Desk","Asztal"
"desk_2","Can I use this desk?","Használhatom ezt az íróasztalot?"
"desk_3","Which desk is mine?","Melyik asztal van az enyém?"
"desk_4","I spilled on my desk.","Kiömlött az asztalomra."
"desk_5","Don't scratch your desk.","Ne karcolja meg az asztalát."
"chair","Chair","Szék"
"chair_2","Can I sit with you?","Ülhetek veled?"
"chair_3","Which chair is mine?","Melyik szék az enyém?"
"chair_4","Is this chair taken?","Fogják ezt a széket?"
"chair_5","I spilled on my chair.","Kiömlött a székemre."
"book","Book","Könyv"
"book_2","Textbook","Tankönyv"
"book_3","Workbook","Munkafüzet"
"book_4","Reading a book.","Könyvet olvas."
"book_5","Can I borrow your book?","Kölcsönkérhetem a könyved?"
"book_6","Which page are we at?","Melyik oldalon vagyunk?"
"book_7","Flip the page.","Fordítsa meg az oldalt."
"book_8","I lost my book.","Elvesztettem a könyvemet."
"notebook","Notebook","Jegyzetfüzet"
"notebook_2","Taking notes.","Jegyzetel."
"notebook_3","I'm taking notes.","Jegyzeteket készítek."
"notebook_4","I lost my notebook.","Elvesztettem a notebookomat."
"backpack","Backpack","Hátizsák"
"backpack_2","Carrying my backpack.","A hátizsákomat hordom."
"backpack_3","Putting my books in my backpack.","A könyvemet a hátizsákomba helyezem."
"backpack_4","I need a new backpack.","Új hátizsákra van szükségem."
"backpack_5","Thank you for carrying my backpack.","Köszönöm, hogy hordtam a hátizsákomat."
"backpack_6","I lost my backpack.","Elvesztettem a hátizsákomat."
"backpack_7","My backpack is heavy.","A hátizsákom nehéz."
"blackboard","Blackboard","iskolai tábla"
"blackboard_2","Look at the blackboard.","Nézd meg a táblát."
"blackboard_3","Cleaning the blackboard.","A tábla tisztítása."
"blackboard_4","Solving the problem on the blackboard.","A tábla megoldása."
"blackboard_5","Taking note on the blackboard.","Megjegyzés: a táblára."
"blackboard_6","Give me a chalk.","Adj nekem egy krétát."
"teacher_7","I don't like this topic.","Nem szeretem ezt a témát."
"teacher_8","Thank you for the lesson.","Köszönöm a leckét."
"school-bus","School bus","Iskolabusz"
"school-bus_2","School bus is coming.","Iskolabusz jön."
"school-bus_3","Can I sit next to you?","Ülhetek melletted?"
"school-bus_4","Thank you bus driver!","Köszönöm buszsofőr!"
"school-bus_5","School bus was late.","Az iskolabusz késett."
"pencil","Pencil","Ceruza"
"pencil_2","I'm writing.","Írok."
"pencil_3","I'm learning to write.","Tanulok írni."
"pencil_4","I need a new pencil.","Új ceruzára van szükségem."
"pencil_5","Can I borrow your pencil?","Kölcsönkérhetem a ceruzád?"
"pencil_6","I lost my pencil.","Elvesztettem a ceruza."
"eraser","Eraser","Radír"
"eraser_2","I'm erasing.","Kitörölöm."
"eraser_3","I need a new eraser.","Új radírra van szükségem."
"eraser_4","Can I borrow your eraser?","Kölcsön tudom venni a radírot?"
"eraser_5","I lost my eraser.","Elvesztettem a radírot."
"ruler","Ruler","Vonalzó"
"ruler_2","I'm measuring.","Mérlek."
"ruler_3","I need a new ruler.","Új vonalzóra van szükségem."
"ruler_4","Can I borrow your ruler?","Kölcsön tudom venni az uralkodót?"
"ruler_5","I lost my ruler.","Elvesztettem az uralkodómat."
"sharpener","Sharpener","Élesítő"
"sharpener_2","I'm sharpening my pencil.","Élezem a ceruzaomat."
"sharpener_3","I need a new sharpener.","Új hegyezőre van szükségem."
"sharpener_4","Can I borrow your sharpener?","Kölcsön tudom venni a hegyeződet?"
"sharpener_5","I lost my sharpener.","Elvesztettem az élezőm."
"mathematics","Mathematics","Matematika"
"mathematics_2","I like mathematics.","Szeretem a matematikát."
"mathematics_3","I want to study mathematics.","Matematikát akarok tanulni."
"mathematics_4","I don't like mathematics.","Nem szeretem a matematikát."
"mathematics_5","When is mathematics class?","Mikor van a matematika osztály?"
"mathematics_6","Can you help me with my mathematics homework?","Segíthetsz nekem a matematikai házi feladatomban?"
"literature","Literature","Irodalom"
"literature_2","I like literature.","Szeretem az irodalmat."
"literature_3","I want to study literature.","Tanulni akarok irodalmat."
"literature_4","I don't like literature.","Nem szeretem az irodalmat."
"literature_5","When is literature class?","Mikor van az irodalom órája?"
"literature_6","Can you help me with my literature homework?","Segíthet nekem az irodalmi házi feladatomban?"
"science","Science","Tudomány"
"science_2","I like science.","Szeretem a tudományt."
"science_3","I want to study science.","Tudományt akarok tanulni."
"science_4","I don't like science.","Nem szeretem a tudományt."
"science_5","When is science class?","Mikor van a tudományos osztály?"
"science_6","Can you help me with my science homework?","Segíthetsz nekem a tudományos házi feladatomban?"
"art-class","Art class","Rajz óra"
"art-class_2","I like art class.","Szeretem a művészeti órát."
"art-class_3","I want to practice art skills.","A művészeti készségeket akarom gyakorolni."
"art-class_4","I don't like art class.","Nem szeretem a művészeti órát."
"art-class_5","When is art class?","Mikor van a művészeti osztály?"
"art-class_6","Can you help me with my art class homework?","Segíthetsz nekem a művészeti osztály házi feladatában?"
"music-class","Music class","Zene óra"
"music-class_2","I like music class.","Szeretem a zene órát."
"music-class_3","I want to practice music skills.","Gyakorolni szeretnék a zenei készségeket."
"music-class_4","I don't like music class.","Nem szeretem a zene órát."
"music-class_5","When is music class?","Mikor van a zenei osztály?"
"music-class_6","Can you help me with my music class homework?","Segíthetsz nekem a zenei osztály házi feladatomban?"
"geography","Geography","Földrajz"
"geography_2","I like geography.","Szeretem a földrajzot."
"geography_3","I want to study geography.","Földrajzot akarok tanulni."
"geography_4","I don't like geography.","Nem szeretem a földrajzot."
"geography_5","When is geography?","Mikor van a földrajz?"
"geography_6","Can you help me with my geography homework?","Segíthetsz nekem a földrajzi házi feladatomban?"
"telescope","Telescope","Távcső"
"telescope_2","I'm using the telescope.","A távcsövet használom."
"telescope_3","I want to use the telescope.","A távcsövet akarom használni."
"telescope_4","I want to look at the stars.","Nézni akarom a csillagokat."
"glue","Glue","Ragasztó"
"glue_2","I'm using glue.","Ragasztót használok."
"glue_3","I need a new glue.","Új ragasztóra van szükségem."
"glue_4","Can I borrow your glue?","Kölcsön tudom kölcsönözni a ragasztódat?"
"glue_5","I lost my glue.","Elvesztettem a ragasztómat."
"shapes","Shapes","alakzatok"
"circle","Circle","Kör"
"circle_2","This is circle shaped.","Ez kör alakú."
"circle_3","Can you teach me how to draw a circle?","Meg tudnál tanítani egy kör rajzolására?"
"triangle","Triangle","Háromszög"
"triangle_2","This is triangle shaped.","Ez háromszög alakú."
"triangle_3","Can you teach me how to draw a triangle?","Meg tudsz tanítani nekem, hogyan kell rajzolni egy háromszöget?"
"square","Square","Négyzet"
"square_2","This is square shaped.","Ez négyzet alakú."
"square_3","Can you teach me how to draw a square?","Meg tudsz tanítani nekem, hogyan kell rajzolni egy négyzetet?"
"rectangle","Rectangle","Téglalap"
"rectangle_2","This is rectangle shaped.","Ez téglalap alakú."
"rectangle_3","Can you teach me how to draw a rectangle?","Meg tudnál tanítani téglalap rajzolását?"
"star","Star","Csillag"
"star_2","This is star shaped.","Ez csillag alakú."
"star_3","Can you teach me how to draw a star?","Meg tudnál tanítani egy csillag rajzolására?"
"pentagon","Pentagon","Pentagon"
"pentagon_2","This is pentagon shaped.","Ez ötszög alakú."
"pentagon_3","Can you teach me how to draw a pentagon?","Meg tudnál tanítani, hogyan kell rajzolni egy ötszöget?"
"hexagon","Hexagon","Hatszög"
"hexagon_2","This is hexagon shaped.","Ez hatszög alakú."
"hexagon_3","Can you teach me how to draw a hexagon?","Meg tudnál tanítani hatszög rajzolására?"
"cross","Cross","Kereszt"
"cross_2","This is cross shaped.","Ez kereszt alakú."
"cross_3","Can you teach me how to draw a cross?","Meg tudsz tanítani nekem, hogyan kell rajzolni a keresztet?"
"ellipse","Ellipse","Ellipszis"
"ellipse_2","This is ellipse shaped.","Ez ellipszis alakú."
"ellipse_3","Can you teach me how to draw a ellipse?","Meg tudnál tanítani, hogyan kell rajzolni egy ellipszist?"
"arrow","Arrow","Nyíl"
"arrow_2","This is arrow shaped.","Ez nyíl alakú."
"arrow_3","Can you teach me how to draw a arrow?","Meg tudnál tanítani, hogyan kell rajzolni egy nyíl?"
"crescent","Crescent","Félhold"
"crescent_2","This is crescent shaped.","Ez félhold alakú."
"crescent_3","Can you teach me how to draw a crescent?","Meg tudsz tanítani nekem, hogyan kell felhívni a félholdot?"
"heart","Heart","Szív"
"heart_2","This is heart shaped.","Ez szív alakú."
"heart_3","Can you teach me how to draw a heart?","Meg tudsz tanítani nekem, hogyan kell felhívni a szívet?"
"rhombus","Rhombus","Rombusz"
"rhombus_2","This is rhombus shaped.","Ez rombusz alakú."
"rhombus_3","Can you teach me how to draw a rhombus?","Meg tudnál tanítani rombusz rajzolására?"
"ring","Ring","Gyűrű"
"ring_2","This is ring shaped.","Ez gyűrű alakú."
"ring_3","Can you teach me how to draw a ring?","Meg tudnál tanítani, hogyan kell rajzolni egy gyűrűt?"
"semicircle","Semicircle","Félkör"
"semicircle_2","This is semicircle shaped.","Ez félkör alakú."
"semicircle_3","Can you teach me how to draw a semicircle?","Meg tudnád tanítani, hogyan kell rajzolni egy félkört?"
"trapezoid","Trapezoid","trapéz"
"trapezoid_2","This is trapezoid shaped.","Ez trapéz alakú."
"trapezoid_3","Can you teach me how to draw a trapezoid?","Meg tudsz tanítani nekem, hogyan kell rajzolni egy trapézot?"
"cube","Cube","Kocka"
"cube_2","This is cube shaped.","Ez kocka alakú."
"cube_3","Can you teach me how to draw a cube?","Meg tudnál tanítani egy kocka rajzolását?"
"cylinder","Cylinder","Henger"
"cylinder_2","This is cylinder shaped.","Ez henger alakú."
"cylinder_3","Can you teach me how to draw a cylinder?","Meg tudsz tanítani nekem, hogyan kell rajzolni a hengert?"