"activities","Activities","Kegiatan"
"walking","Walking","Berjalan"
"walking_2","I like walking","saya suka berjalan"
"walking_3","I don't like walking","Saya tidak suka berjalan"
"walking_4","Do you want to walk together?","Apakah Anda ingin berjalan bersama?"
"running","Running","Lari"
"running_2","I like running.","Saya suka lari."
"running_3","I don't like running.","Saya tidak suka berlari."
"running_4","Do you want to go running?","Apakah Anda ingin berlari?"
"talking","Talking","Pembicaraan"
"talking_2","I like talking.","Saya suka berbicara."
"talking_3","I don't like talking.","Saya tidak suka berbicara."
"talking_4","Do you want to talk with me?","Apakah Anda ingin berbicara dengan saya?"
"reading","Reading","Bacaan"
"reading_2","I like reading.","Saya suka membaca."
"reading_3","I don't like reading.","Saya tidak suka membaca."
"reading_4","Do you want to read together?","Apakah Anda ingin membaca bersama?"
"football","Football","Sepak bola"
"football_2","I like playing football.","Saya suka bermain sepakbola."
"football_3","I don't like playing football.","Saya tidak suka bermain sepak bola."
"football_4","Do you want to play football?","Apakah Anda ingin bermain sepakbola?"
"basketball","Basketball","Bola basket"
"basketball_2","I like playing basketball.","Saya suka bermain basket."
"basketball_3","I don't like playing basketball.","Saya tidak suka bermain basket."
"basketball_4","Do you want to play basketball?","Apakah Anda ingin bermain bola basket?"
"swimming","Swimming","Renang"
"swimming_2","I like swimming.","Saya suka berenang."
"swimming_3","I don't like swimming.","Saya tidak suka berenang."
"swimming_4","Do you want to go to swimming?","Apakah kamu ingin pergi berenang?"
"painting","Painting","Lukisan"
"painting_2","I like painting.","Aku suka melukis."
"painting_3","I don't like painting.","Saya tidak suka melukis."
"painting_4","Do you want to paint together?","Apakah Anda ingin melukis bersama?"
"drawing","Drawing","Gambar"
"drawing_2","I like drawing.","Saya suka menggambar."
"drawing_3","I don't like drawing.","Saya tidak suka menggambar."
"drawing_4","Do you want to draw together?","Apakah Anda ingin menggambar bersama?"
"cycling","Cycling","Bersepeda"
"cycling_2","I like cycling.","Aku suka bersepeda."
"cycling_3","I don't like cycling.","Saya tidak suka bersepeda."
"cycling_4","Do you want to go cycling?","Anda ingin bersepeda?"
"skating","Skating","Skating"
"skating_2","I like skating.","Saya suka skating."
"skating_3","I don't like skating.","Saya tidak suka skating."
"skating_4","Do you want to go skating?","Apakah Anda ingin bermain skating?"
"sightseeing","Sightseeing","Melihat-lihat"
"sightseeing_2","I like sightseeing.","Saya suka jalan-jalan."
"sightseeing_3","I don't like sightseeing.","Saya tidak suka jalan-jalan."
"sightseeing_4","Do you want to go for sightseeing?","Apakah Anda ingin pergi jalan-jalan?"
"video-games","Video games","Video game"
"video-games_2","I like playing video games.","Saya suka bermain video game."
"video-games_3","I don't like playing video games.","Saya tidak suka bermain video game."
"video-games_4","Do you want to play games?","Apakah Anda ingin bermain game?"
"tidying","Tidying","Merapikan"
"tidying_2","I like tidying my room.","Saya suka merapikan kamar saya."
"tidying_3","I don't like tidying my room.","Saya tidak suka merapikan kamar saya."
"tidying_4","Can you help me tidy my room?","Bisakah Anda membantu saya merapikan kamar saya?"
"toys","Toys","Mainan"
"toys_2","I like toys.","Saya suka mainan."
"toys_3","I don't like toys.","Saya tidak suka mainan."
"toys_4","Do you want to play with my toys?","Apakah Anda ingin bermain dengan mainan saya?"
"puzzle","Puzzle","Membingungkan"
"puzzle_2","I like solving puzzle.","Saya suka memecahkan puzzle."
"puzzle_3","I don't like solving puzzle.","Saya tidak suka memecahkan puzzle."
"puzzle_4","Do you want to solve puzzles with me?","Apakah Anda ingin menyelesaikan teka-teki dengan saya?"
"comics","Comics","Komik"
"comics_2","I like reading comics.","Saya suka membaca komik."
"comics_3","I don't like reading comics.","Saya tidak suka membaca komik."
"comics_4","Do you want to read comics?","Anda ingin membaca komik?"
"chess","Chess","Catur"
"chess_2","I like playing chess.","Saya suka bermain catur."
"chess_3","I don't like playing chess.","Saya tidak suka bermain catur."
"chess_4","Do you want to play chess with me?","Apakah Anda ingin bermain catur dengan saya?"
"using-leeloo","Using Leeloo","Menggunakan Leeloo"
"using-leeloo_2","I like using leeloo.","Saya suka menggunakan leeloo."
"using-leeloo_3","I don't like using leeloo.","Saya tidak suka menggunakan leeloo."
"using-leeloo_4","Can you change card packs on leeloo?","Bisakah Anda mengganti paket kartu di leeloo?"
"texting","Texting","SMS"
"texting_2","I like texting.","Saya suka SMS."
"texting_3","I don't like texting.","Saya tidak suka SMS."
"knitting","Knitting","Rajutan"
"knitting_2","I like knitting.","Saya suka rajutan."
"knitting_3","I don't like knitting.","Saya tidak suka rajutan."
"knitting_4","I want to learn how to knit.","Saya ingin belajar cara merajut."
"bowling","Bowling","Bowling"
"bowling_2","I like bowling.","Saya suka bowling."
"bowling_3","I don't like bowling.","Saya tidak suka bowling."
"bowling_4","Do you want to play bowling with me?","Apakah Anda ingin bermain bowling dengan saya?"
"watching-tv","Watching TV","Menonton televisi"
"watching-tv_2","I like watching tv.","Saya suka menonton TV."
"watching-tv_3","I don't like watching tv.","Saya tidak suka menonton tv."
"watching-tv_4","Do you want to watch tv?","Apakah Anda ingin menonton tv?"
"fishing","Fishing","Penangkapan ikan"
"fishing_2","I like fishing.","Saya suka memancing."
"fishing_3","I don't like fishing.","Saya tidak suka memancing."
"fishing_4","Do you want to go to fishing?","Apakah Anda ingin pergi memancing?"
"exercising","Exercising","Berolahraga"
"exercising_2","I like exercising.","Saya suka berolahraga."
"exercising_3","I don't like exercising.","Saya tidak suka berolahraga."
"exercising_4","Do you want to exercise with me?","Apakah Anda ingin berolahraga dengan saya?"
"tennis","Tennis","Tenis"
"tennis_2","I like playing tennis.","Aku suka bermain tenis."
"tennis_3","I don't like playing tennis.","Saya tidak suka bermain tenis."
"tennis_4","Do you want to play tennis with me?","Apakah Anda ingin bermain tenis dengan saya?"
"animals","Animals","Binatang"
"cat","Cat","Kucing"
"cat_2","I like cats.","Aku suka kucing."
"cat_3","I saw a cat.","Saya melihat seekor kucing."
"cat_4","What noise does a cat make?","Suara apa yang dihasilkan kucing?"
"cat_5","Can we get a cat as pet?","Bisakah kita mendapatkan kucing sebagai hewan peliharaan?"
"dog","Dog","Anjing"
"dog_2","I like dog.","Saya suka anjing."
"dog_3","I saw a dog.","Saya melihat seekor anjing."
"dog_4","What noise does a dog make?","Suara apa yang dilakukan anjing?"
"dog_5","Can we get a dog as pet?","Bisakah kita mendapatkan anjing sebagai hewan peliharaan?"
"fish","Fish","Ikan"
"fish_2","I like fish.","Aku suka ikan."
"fish_3","I saw a fish.","Saya melihat seekor ikan."
"fish_4","What noise does a fish make?","Suara apa yang dihasilkan ikan?"
"fish_5","Can we get a fish as pet?","Bisakah kita mendapatkan ikan sebagai hewan peliharaan?"
"rabbit","Rabbit","kelinci"
"rabbit_2","I like rabbits.","Saya suka kelinci."
"rabbit_3","I saw a rabbit.","Saya melihat seekor kelinci."
"rabbit_4","What noise does a rabbit make?","Suara apa yang dihasilkan kelinci?"
"rabbit_5","Can we get a rabbit as pet?","Bisakah kita mendapatkan kelinci sebagai hewan peliharaan?"
"butterfly","Butterfly","Kupu-kupu"
"butterfly_2","I like butterflies.","Saya suka kupu-kupu."
"butterfly_3","I saw a butterfly.","Saya melihat seekor kupu-kupu."
"butterfly_4","What noise does a butterfly make?","Suara apa yang dihasilkan kupu-kupu?"
"kangaroo","Kangaroo","Kanguru"
"kangaroo_2","I like kangaroos.","Saya suka kanguru."
"kangaroo_3","I saw a kangaroo.","Saya melihat seekor kangguru."
"kangaroo_4","What noise does a kangaroo make?","Suara apa yang dibuat oleh seekor kangguru?"
"turtle","Turtle","Penyu"
"turtle_2","I like turtles.","Saya suka kura-kura."
"turtle_3","I saw a turtle.","Saya melihat kura-kura."
"turtle_4","What noise does a turtle make?","Suara apa yang dibuat kura-kura?"
"giraffe","Giraffe","Jerapah"
"giraffe_2","I like giraffes.","Saya suka jerapah."
"giraffe_3","I saw a giraffe.","Saya melihat jerapah."
"giraffe_4","What noise does a giraffe make?","Suara apa yang dihasilkan jerapah?"
"frog","Frog","Katak"
"frog_2","I like frogs.","Saya suka katak."
"frog_3","I saw a frog.","Saya melihat seekor katak."
"frog_4","What noise does a frog make?","Suara apa yang dihasilkan katak?"
"swan","Swan","Angsa"
"swan_2","I like swans.","Saya suka angsa."
"swan_3","I saw a swan.","Saya melihat angsa."
"swan_4","What noise does a swan make?","Suara apa yang dibuat angsa?"
"spider","Spider","Laba-laba"
"spider_2","I like spiders.","Saya suka laba-laba."
"spider_3","I saw a spider.","Saya melihat seekor laba-laba."
"spider_4","What noise does a spider make?","Suara apa yang dihasilkan laba-laba?"
"cow","Cow","Lembu"
"cow_2","I like cows.","Saya suka sapi."
"cow_3","I saw a cow.","Saya melihat seekor sapi."
"cow_4","What noise does a cow make?","Suara apa yang dihasilkan sapi?"
"duck","Duck","bebek"
"duck_2","I like ducks.","Saya suka bebek."
"duck_3","I saw a duck.","Saya melihat bebek."
"duck_4","What noise does a duck make?","Suara apa yang dihasilkan bebek?"
"horse","Horse","Kuda"
"horse_2","I like horses.","Aku suka kuda."
"horse_3","I saw a horse.","Saya melihat seekor kuda."
"horse_4","What noise does a horse make?","Suara apa yang dihasilkan kuda?"
"chicken","Chicken","Ayam"
"chicken_2","I like chickens.","Saya suka ayam."
"chicken_3","I saw a chicken.","Saya melihat seekor ayam."
"chicken_4","What noise does a chicken make?","Suara apa yang dihasilkan ayam?"
"bee","Bee","Lebah"
"bee_2","I like bees.","Saya suka lebah."
"bee_3","I saw a bee.","Saya melihat seekor lebah."
"bee_4","What noise does a bee make?","Suara apa yang dihasilkan lebah?"
"pig","Pig","Babi"
"pig_2","I like pigs.","Saya suka babi."
"pig_3","I saw a pig.","Saya melihat seekor babi."
"pig_4","What noise does a pig make?","Suara apa yang dihasilkan babi?"
"dove","Dove","Merpati"
"dove_2","I like doves.","Saya suka merpati."
"dove_3","I saw a dove.","Saya melihat seekor merpati."
"dove_4","What noise does a dove make?","Suara apa yang dilakukan burung merpati?"
"crab","Crab","Kepiting"
"crab_2","I like crabs.","Saya suka kepiting."
"crab_3","I saw a crab.","Saya melihat seekor kepiting."
"crab_4","What noise does a crab make?","Suara apa yang dihasilkan kepiting?"
"penguin","Penguin","pinguin"
"penguin_2","I like penguins.","Saya suka penguin."
"penguin_3","I saw a penguin.","Saya melihat seekor penguin."
"penguin_4","What noise does a penguin make?","Suara apa yang dihasilkan seekor penguin?"
"elephant","Elephant","Gajah"
"elephant_2","I like elephants.","Saya suka gajah."
"elephant_3","I saw an elephant.","Saya melihat seekor gajah."
"elephant_4","What noise does an elephant make?","Suara apa yang dihasilkan gajah?"
"zebra","Zebra","Zebra"
"zebra_2","I like zebras.","Saya suka zebra."
"zebra_3","I saw a zebra.","Saya melihat zebra."
"zebra_4","What noise does a zebra make?","Suara apa yang dibuat zebra?"
"panda","Panda","Panda"
"panda_2","I like pandas.","Saya suka panda."
"panda_3","I saw a panda.","Saya melihat seekor panda."
"panda_4","What noise does a panda make?","Suara apa yang dihasilkan panda?"
"monkey","Monkey","Monyet"
"monkey_2","I like monkeys.","Saya suka monyet."
"monkey_3","I saw a monkey.","Saya melihat seekor monyet."
"monkey_4","What noise does a monkey make?","Suara apa yang dilakukan monyet?"
"camel","Camel","Unta"
"camel_2","I like camels.","Saya suka unta."
"camel_3","I saw a camel.","Saya melihat unta."
"camel_4","What noise does a camel make?","Suara apa yang dihasilkan unta?"
"mouse","Mouse","Mouse"
"mouse_2","I like mice.","Saya suka tikus."
"mouse_3","I saw a mouse.","Saya melihat tikus."
"mouse_4","What noise does a mouse make?","Suara apa yang dihasilkan oleh mouse?"
"tiger","Tiger","Harimau"
"tiger_2","I like tigers.","Saya suka harimau."
"tiger_3","I saw a tiger.","Saya melihat seekor harimau."
"tiger_4","What noise does a tiger make?","Suara apa yang dihasilkan harimau?"
"jellyfish","Jellyfish","Ubur-ubur"
"jellyfish_2","I like jellyfishes.","Saya suka ubur-ubur."
"jellyfish_3","I saw a jellyfish.","Saya melihat ubur-ubur."
"jellyfish_4","What noise does a jellyfish make?","Suara apa yang dihasilkan ubur-ubur?"
"crocodile","Crocodile","Buaya"
"crocodile_2","I like crocodiles.","Saya suka buaya."
"crocodile_3","I saw a crocodile.","Saya melihat buaya."
"crocodile_4","What noise does a crocodile make?","Suara apa yang dihasilkan buaya?"
"koala","Koala","Koala"
"koala_2","I like koalas.","Saya suka koala."
"koala_3","I saw a koala.","Saya melihat seekor koala."
"koala_4","What noise does a koala make?","Suara apa yang dihasilkan koala?"
"ostrich","Ostrich","Burung unta"
"ostrich_2","I like ostriches.","Saya suka burung unta."
"ostrich_3","I saw an ostrich.","Saya melihat seekor burung unta."
"ostrich_4","What noise does an ostrich make?","Suara apa yang dihasilkan burung unta?"
"racoon","Racoon","Racoon"
"racoon_2","I like racoons.","Saya suka racoons."
"racoon_3","I saw a racoon.","Saya melihat sebuah rakun."
"racoon_4","What noise does a racoon make?","Kebisingan apa yang dihasilkan oleh sebuah racoon?"
"bat","Bat","Kelelawar"
"bat_2","I like bats.","Saya suka kelelawar."
"bat_3","I saw a bat.","Saya melihat kelelawar."
"bat_4","What noise does a bat make?","Suara apa yang dihasilkan kelelawar?"
"eagle","Eagle","Burung rajawali"
"eagle_2","I like eagles.","Saya suka elang."
"eagle_3","I saw an eagle.","Saya melihat seekor elang."
"eagle_4","What noise does an eagle make?","Suara apa yang dihasilkan rajawali?"
"hippopotamus","Hippopotamus","Kuda nil"
"hippopotamus_2","I like hippopotamus.","Saya suka kuda nil."
"hippopotamus_3","I saw a hippopotamus.","Saya melihat kuda nil."
"hippopotamus_4","What noise does a hippopotamus make?","Suara apa yang dihasilkan kuda nil?"
"seal","Seal","Segel"
"seal_2","I like seals.","Saya suka anjing laut."
"seal_3","I saw a seal.","Saya melihat segel."
"seal_4","What noise does a seal make?","Kebisingan apa yang dilakukan anjing laut?"
"walrus","Walrus","Anjing laut"
"walrus_2","I like walruses.","Saya suka walrus."
"walrus_3","I saw a walrus.","Saya melihat walrus."
"walrus_4","What noise does a walrus make?","Suara apa yang dibuat walrus?"
"seahorse","Seahorse","Kuda laut"
"seahorse_2","I like seahorses.","Saya suka kuda laut."
"seahorse_3","I saw a seahorse.","Saya melihat kuda laut."
"seahorse_4","What noise does a seahorse make?","Suara apa yang dihasilkan kuda laut?"
"bull","Bull","Banteng"
"bull_2","I like bulls.","Saya suka lembu jantan."
"bull_3","I saw a bull.","Saya melihat seekor banteng."
"bull_4","What noise does a bull make?","Suara apa yang dihasilkan banteng?"
"pelican","Pelican","Pelikan"
"pelican_2","I like pelicans.","Saya suka pelikan."
"pelican_3","I saw a pelican.","Saya melihat seekor pelican."
"pelican_4","What noise does a pelican make?","Suara apa yang dihasilkan pelikan?"
"beaver","Beaver","Berang-berang"
"beaver_2","I like beavers.","Saya suka berang-berang."
"beaver_3","I saw a beaver.","Saya melihat berang-berang."
"beaver_4","What noise does a beaver make?","Suara apa yang dilakukan oleh berang-berang?"
"goldfish","Goldfish","Ikan mas"
"goldfish_2","I like goldfishes.","Saya suka ikan mas."
"goldfish_3","I saw a goldfish.","Saya melihat ikan mas."
"goldfish_4","What noise does a goldfish make?","Suara apa yang dihasilkan ikan mas?"
"goldfish_5","Can we get a goldfish as pet?","Bisakah kita mendapatkan ikan mas sebagai hewan peliharaan?"
"rhinoceros","Rhinoceros","Badak"
"rhinoceros_2","I like rhinoceros.","Saya suka badak."
"rhinoceros_3","I saw a rhinoceros.","Saya melihat badak."
"rhinoceros_4","What noise does a rhinoceros make?","Suara apa yang dihasilkan badak?"
"snake","Snake","Ular"
"snake_2","I like snakes.","Saya suka ular."
"snake_3","I saw a snake.","Saya melihat seekor ular."
"snake_4","What noise does a snake make?","Suara apa yang dihasilkan ular?"
"lion","Lion","Singa"
"lion_2","I like lions.","Saya suka singa."
"lion_3","I saw a lion.","Saya melihat singa."
"lion_4","What noise does a lion make?","Suara apa yang dibuat singa?"
"squid","Squid","Cumi-cumi"
"squid_2","I like squids.","Saya suka cumi-cumi."
"squid_3","I saw a squid.","Saya melihat cumi-cumi."
"squid_4","What noise does a squid make?","Suara apa yang dihasilkan cumi-cumi?"
"whale","Whale","Ikan paus"
"whale_2","I like whales.","Saya suka ikan paus."
"whale_3","I saw a whale.","Saya melihat seekor paus."
"whale_4","What noise does a whale make?","Suara apa yang dihasilkan paus?"
"beetle","Beetle","Kumbang"
"beetle_2","I like beetles.","Saya suka kumbang."
"beetle_3","I saw a beetle.","Saya melihat seekor kumbang."
"beetle_4","What noise does a beetle make?","Suara apa yang dihasilkan kumbang?"
"dolphin","Dolphin","Lumba-lumba"
"dolphin_2","I like dolphins.","Saya suka lumba-lumba."
"dolphin_3","I saw a dolphin.","Saya melihat lumba-lumba."
"dolphin_4","What noise does a dolphin make?","Suara apa yang dihasilkan lumba-lumba?"
"starfish","Starfish","Bintang laut"
"starfish_2","I like starfishes.","Saya suka bintang laut."
"starfish_3","I saw a starfish.","Saya melihat bintang laut."
"starfish_4","What noise does a starfish make?","Suara apa yang dihasilkan oleh bintang laut?"
"parakeet","Parakeet","Parkit"
"parakeet_2","I like parakeets.","Saya suka parkit."
"parakeet_3","I saw a parakeet.","Saya melihat sebuah parkit."
"parakeet_4","What noise does a parakeet make?","Suara apa yang dihasilkan oleh parkit?"
"owl","Owl","Burung hantu"
"owl_2","I like owls.","Saya suka burung hantu."
"owl_3","I saw an owl.","Saya melihat burung hantu."
"owl_4","What noise does an owl make?","Suara apa yang dihasilkan burung hantu?"
"sheep","Sheep","Domba"
"sheep_2","I like sheeps.","Saya suka domba."
"sheep_3","I saw a sheep.","Saya melihat seekor domba."
"sheep_4","What noise does a sheep make?","Suara apa yang dihasilkan domba?"
"clothes","Clothes","Pakaian"
"pants","Pants","Celana"
"pants_2","My pants are dirty.","Celana saya kotor."
"pants_3","Can you help me wear my pants?","Bisakah Anda membantu saya memakai celana saya?"
"shirt","Shirt","Kemeja"
"shirt_2","My shirt is dirty.","Kemejaku kotor."
"shirt_3","Can you help me wear my shirt?","Bisakah Anda membantu saya memakai baju saya?"
"skirt","Skirt","Rok"
"skirt_2","My skirt is dirty.","Rok saya kotor."
"skirt_3","Can you help me wear my skirt?","Bisakah Anda membantu saya memakai rok saya?"
"panty","Panty","Panty"
"panty_2","My underwear is dirty.","Pakaian dalam saya kotor."
"panty_3","Can you help me wear my panty?","Bisakah Anda membantu saya memakai celana dalam saya?"
"jacket","Jacket","Jaket"
"jacket_2","My jacket is dirty.","Jaket saya kotor."
"jacket_3","Can you help me wear my jacket?","Bisakah Anda membantu saya memakai jaket?"
"tie","Tie","Dasi"
"tie_2","I like wearing tie.","Saya suka memakai dasi."
"tie_3","Can you help me tie my tie?","Bisakah Anda membantu saya mengikat dasi saya?"
"baseball-cap","Baseball cap","Topi baseball"
"baseball-cap_2","I like wearing baseball cap.","Saya suka memakai topi baseball."
"baseball-cap_3","Which baseball cap should I wear?","Topi baseball mana yang harus saya pakai?"
"dress","Dress","Gaun"
"dress_2","My dress is dirty.","Gaun saya kotor."
"dress_3","Can you help me wear my dress?","Bisakah Anda membantu saya mengenakan gaun saya?"
"shoes","Shoes","Sepatu"
"shoes_2","My shoes are dirty.","Sepatu saya kotor."
"shoes_3","Can you help me wear my shoes?","Bisakah Anda membantu saya memakai sepatu?"
"boots","Boots","Sepatu bot"
"boots_2","My boots are dirty.","Sepatu bot saya kotor."
"boots_3","Can you help me wear my boots?","Bisakah Anda membantu saya memakai sepatu bot saya?"
"sneakers","Sneakers","Sepatu kets"
"sneakers_2","I want to wear my sneakers.","Saya ingin memakai sepatu saya."
"sneakers_3","Can you help me wear my sneakers?","Bisakah Anda membantu saya memakai sepatu saya?"
"slippers","Slippers","Sandal"
"slippers_2","I want to wear my slippers.","Saya ingin memakai sandal saya."
"slippers_3","Can you help me wear my slippers?","Bisakah Anda membantu saya memakai sandal?"
"belt","Belt","Sabuk"
"belt_2","I like wearing belt.","Saya suka memakai ikat pinggang."
"belt_3","Can you help me wear my belt?","Bisakah Anda membantu saya memakai ikat pinggang?"
"socks","Socks","Kaus kaki"
"socks_2","My socks are dirty.","Kaus kakiku kotor."
"socks_3","Can you help me wear my socks?","Bisakah Anda membantu saya memakai kaus kaki?"
"swimsuit","Swimsuit","Baju renang"
"swimsuit_2","I want to wear my swimsuit.","Saya ingin memakai baju renang saya."
"swimsuit_3","Can you help me wear my swimsuit?","Bisakah Anda membantu saya memakai baju renang saya?"
"sweater","Sweater","Sweater"
"sweater_2","My sweater is dirty.","Sweater saya kotor."
"sweater_3","Can you help me wear my sweater?","Bisakah Anda membantu saya mengenakan sweter?"
"scarf","Scarf","Syal"
"scarf_2","I like wearing scarf.","Saya suka memakai syal."
"scarf_3","Can you help me wear my scarf?","Bisakah Anda membantu saya mengenakan syal?"
"denim-shorts","Denim shorts","Celana pendek denim"
"denim-shorts_2","My denim shorts are dirty.","Celana pendek denim saya kotor."
"denim-shorts_3","Can you help me wear my denim shorts?","Bisakah Anda membantu saya memakai celana pendek denim saya?"
"hoodies","Hoodies","Hoodies"
"hoodies_2","I like wearing hoodies.","Saya suka memakai hoodies."
"hoodies_3","Can you help me wear my hoodie?","Bisakah Anda membantu saya mengenakan hoodie?"
"swimming-shorts","Swimming shorts","Celana renang"
"swimming-shorts_2","My swimming shorts are dirty.","Celana renang saya kotor."
"swimming-shorts_3","Can you help me wear my swimming shorts?","Bisakah Anda membantu saya memakai celana renang saya?"
"bow-tie","Bow tie","Dasi kupu-kupu"
"bow-tie_2","I like wearing bow tie.","Saya suka memakai dasi kupu-kupu."
"bow-tie_3","Can you help me wear my bow tie?","Bisakah Anda membantu saya memakai dasi kupu-kupu?"
"leather-jacket","Leather jacket","Jaket kulit"
"leather-jacket_2","I like wearing leather jacket.","Saya suka memakai jaket kulit."
"leather-jacket_3","Can you help me wear my leather jacket?","Bisakah Anda membantu saya mengenakan jaket kulit?"
"bathrobe","Bathrobe","Mantel mandi"
"bathrobe_2","I like wearing bathrobe.","Saya suka memakai jubah mandi."
"bathrobe_3","Can you help me wear my bathrobe?","Bisakah Anda membantu saya memakai jubah mandi?"
"jumpsuit","Jumpsuit","Jumpsuit"
"jumpsuit_2","I like wearing jumpsuit.","Saya suka memakai jumpsuit."
"jumpsuit_3","Can you help me wear my jumpsuit?","Bisakah Anda membantu saya memakai jumpsuit saya?"
"fedora-hat","Fedora hat","Topi fedora"
"fedora-hat_2","I like wearing fedora hat.","Saya suka memakai topi fedora."
"fedora-hat_3","Can you help me wear my fedora hat?","Bisakah Anda membantu saya memakai topi fedora saya?"
"t-shirt","T-shirt","Kaos"
"t-shirt_2","I like wearing t-shirt.","Saya suka memakai kaos."
"t-shirt_3","Can you help me wear my t-shirt?","Bisakah Anda membantu saya mengenakan t-shirt saya?"
"sleeveless","Sleeveless","Tak berlengan"
"sleeveless_2","I like wearing sleeveless.","Saya suka memakai baju tanpa lengan."
"sleeveless_3","Can you help me wear my sleeveless?","Bisakah Anda membantu saya memakai baju tanpa lengan?"
"boxers","Boxers","Petinju"
"boxers_2","I like wearing boxers.","Saya suka memakai celana boxer."
"boxers_3","Can you help me wear my boxers?","Bisakah Anda membantu saya memakai celana pendek?"
"vest","Vest","Rompi"
"vest_2","I like wearing vest.","Saya suka memakai rompi."
"vest_3","Can you help me wear my vest?","Bisakah Anda membantu saya memakai rompi saya?"
"pamela-hat","Pamela hat","Topi Pamela"
"pamela-hat_2","I like wearing pamela hat.","Saya suka memakai topi pamela."
"pamela-hat_3","Can you help me wear my pamela hat?","Bisakah Anda membantu saya memakai topi pamela saya?"
"high-heels","High heels","Sepatu hak tinggi"
"high-heels_2","I like wearing high heels.","Saya suka memakai sepatu hak tinggi."
"high-heels_3","Can you help me wear my high heels?","Bisakah Anda membantu saya mengenakan sepatu hak tinggi?"
"overalls","Overalls","Overall"
"overalls_2","I like wearing overalls.","Saya suka memakai overall."
"overalls_3","Can you help me wear my overalls?","Bisakah Anda membantu saya memakai terusan?"
"kimono","Kimono","Kimono"
"kimono_2","I like wearing kimono.","Saya suka memakai kimono."
"kimono_3","Can you help me wear my kimono?","Bisakah Anda membantu saya mengenakan kimono?"
"raincoat","Raincoat","Jas hujan"
"raincoat_2","I like wearing raincoat.","Saya suka memakai jas hujan."
"raincoat_3","Can you help me wear my raincoat?","Bisakah Anda membantu saya memakai jas hujan?"
"bandana","Bandana","Bandana"
"bandana_2","I like wearing bandana.","Saya suka memakai bandana."
"bandana_3","Can you help me wear my bandana?","Bisakah Anda membantu saya memakai bandana?"
"beret","Beret","Baret"
"beret_2","I like wearing beret.","Saya suka memakai baret."
"beret_3","Can you help me wear my beret?","Bisakah Anda membantu saya memakai baret?"
"knit-hat","Knit hat","Topi rajut"
"knit-hat_2","I like wearing knit hat.","Saya suka memakai topi rajut."
"knit-hat_3","Can you help me wear my knit hat?","Bisakah Anda membantu saya memakai topi rajut?"
"suspenders","Suspenders","Bretel"
"suspenders_2","I like wearing suspenders.","Saya suka memakai suspender."
"suspenders_3","Can you help me wear my suspenders?","Bisakah Anda membantu saya mengenakan suspender?"
"mitten","Mitten","Sarung tangan"
"mitten_2","I like wearing mitten.","Saya suka memakai sarung tangan."
"mitten_3","Can you help me wear my mitten?","Bisakah Anda membantu saya memakai sarung tangan?"
"suit","Suit","Sesuai"
"suit_2","I like wearing suit.","Saya suka memakai jas."
"suit_3","Can you help me wear my suit?","Bisakah Anda membantu saya memakai jas saya?"
"coat","Coat","Mantel"
"coat_2","I like wearing coat.","Saya suka memakai mantel."
"coat_3","Can you help me wear my coat?","Bisakah Anda membantu saya memakai mantel saya?"
"trench-coat","Trench coat","Jas hujan"
"trench-coat_2","I like wearing trench coat.","Saya suka memakai mantel parit."
"trench-coat_3","Can you help me wear my trench coat?","Bisakah Anda membantu saya memakai mantel parit?"
"colors","Colors","Warna"
"crayons","Crayons","Krayon"
"crayons_2","I like crayons.","Saya suka krayon."
"crayons_3","Can you give me crayons?","Bisakah Anda memberi saya krayon?"
"crayons_4","I want to draw using my crayons.","Saya ingin menggambar menggunakan krayon saya."
"red","Red","Merah"
"red_2","It is red.","Warnanya merah."
"red_3","My favorite color is red.","Warna favorit ku adalah merah."
"red_4","Can you give me red paint?","Bisakah Anda memberi saya cat merah?"
"blue","Blue","Biru"
"blue_2","It is blue.","Itu biru."
"blue_3","My favorite color is blue.","Warna favorit saya adalah biru."
"blue_4","Can you give me blue paint?","Bisakah Anda memberi saya cat biru?"
"orange","Orange","jeruk"
"orange_2","It is orange color.","Itu warna oranye."
"orange_3","My favorite color is orange.","Warna favorit saya adalah oranye."
"orange_4","Can you give me orange paint?","Bisakah Anda memberi saya cat oranye?"
"green","Green","hijau"
"green_2","It is green.","Itu hijau."
"green_3","My favorite color is green.","Warna kesukaanku adalah hijau."
"green_4","Can you give me green paint?","Bisakah Anda memberi saya cat hijau?"
"yellow","Yellow","Kuning"
"yellow_2","It is yellow.","Warnanya kuning."
"yellow_3","My favorite color is yellow.","Warna kesukaanku adalah kuning."
"yellow_4","Can you give me yellow paint?","Bisakah Anda memberi saya cat kuning?"
"purple","Purple","Ungu"
"purple_2","It is purple.","Itu ungu."
"purple_3","My favorite color is purple.","Warna favoritku adalah ungu."
"purple_4","Can you give me purple paint?","Bisakah Anda memberi saya cat ungu?"
"pink","Pink","Merah Jambu"
"pink_2","It is pink.","Merah muda."
"pink_3","My favorite color is pink.","Warna favorit saya adalah merah muda."
"pink_4","Can you give me pink paint?","Bisakah Anda memberi saya cat merah muda?"
"brown","Brown","cokelat"
"brown_2","It is brown.","Warnanya coklat."
"brown_3","My favorite color is brown.","Warna favorit saya adalah cokelat."
"brown_4","Can you give me brown paint?","Bisakah Anda memberi saya cat cokelat?"
"black","Black","Hitam"
"black_2","It is black.","Itu hitam."
"black_3","My favorite color is black.","Warna favorit saya adalah hitam."
"black_4","Can you give me black paint?","Bisakah Anda memberi saya cat hitam?"
"white","White","putih"
"white_2","It is white.","Itu putih."
"white_3","My favorite color is white.","Warna favorit saya adalah putih."
"white_4","Can you give me white paint?","Bisakah Anda memberi saya cat putih?"
"gray","Gray","Abu-abu"
"gray_2","It is gray.","Warnanya abu-abu."
"gray_3","My favorite color is gray.","Warna favorit saya adalah abu-abu."
"gray_4","Can you give me gray paint?","Bisakah Anda memberi saya cat abu-abu?"
"transparent","Transparent","Transparan"
"transparent_2","It is transparent.","Itu transparan."
"transparent_3","I can see behind transparent color.","Saya bisa melihat di balik warna transparan."
"transparent_4","Can you help me erase?","Bisakah Anda membantu saya menghapus?"
"cyan","Cyan","Cyan"
"cyan_2","It is cyan.","Itu adalah cyan."
"cyan_3","My favorite color is cyan.","Warna favorit saya adalah cyan."
"cyan_4","Can you give me cyan paint?","Bisakah Anda memberi saya cat cyan?"
"violet","Violet","Violet"
"violet_2","It is violet.","Itu ungu."
"violet_3","My favorite color is violet.","Warna favorit saya adalah ungu."
"violet_4","Can you give me violet paint?","Bisakah Anda memberi saya cat ungu?"
"turquoise","Turquoise","Pirus"
"turquoise_2","It is turquoise.","Ini pirus."
"turquoise_3","My favorite color is turquoise.","Warna favorit saya adalah pirus."
"turquoise_4","Can you give me turquoise paint?","Bisakah Anda memberi saya cat pirus?"
"lime","Lime","jeruk nipis"
"lime_2","It is lime.","Itu adalah jeruk nipis."
"lime_3","My favorite color is lime.","Warna favorit saya adalah jeruk nipis."
"lime_4","Can you give me lime paint?","Bisakah Anda memberi saya cat kapur?"
"plum","Plum","Prem"
"plum_2","It is plum.","Itu adalah buah prem."
"plum_3","My favorite color is plum.","Warna favorit saya adalah prem."
"plum_4","Can you give me plum paint?","Bisakah Anda memberi saya cat prem?"
"tan","Tan","Berjemur"
"tan_2","It is tan color.","Itu adalah warna cokelat."
"tan_3","My favorite color is tan color.","Warna favorit saya adalah warna cokelat."
"tan_4","Can you give me tan color paint?","Bisakah Anda memberi saya cat warna cokelat?"
"avocado","Avocado","Alpukat"
"avocado_2","It is avocado color.","Itu adalah warna alpukat."
"avocado_3","My favorite color is avocado color.","Warna favorit saya adalah warna alpukat."
"avocado_4","Can you give me avocado color paint?","Bisakah Anda memberi saya cat warna alpukat?"
"barbie-pink","Barbie pink","Barbie pink"
"barbie-pink_2","It is barbie pink color.","Itu adalah warna merah muda barbie."
"barbie-pink_3","My favorite color is barbie pink.","Warna favorit saya adalah barbie pink."
"barbie-pink_4","Can you give me barbie pink paint?","Bisakah Anda memberi saya cat merah muda barbie?"
"blizzard-blue","Blizzard blue","Biru badai salju"
"blizzard-blue_2","It is blizzard blue color.","Ini adalah warna biru badai salju."
"blizzard-blue_3","My favorite color is blizzard blue color.","Warna favorit saya adalah warna biru badai salju."
"blizzard-blue_4","Can you give me blizzard blue paint?","Bisakah Anda memberi saya cat biru badai salju?"
"conversation","Conversation","Percakapan"
"me","Me","Saya"
"me_2","My name is {name}","Nama saya {nama}"
"me_3","I'm {name}","Aku {nama}"
"me_4","Do you know my name?","Apakah kamu tahu namaku?"
"me_5","What is your name?","Siapa namamu?"
"me_6","Nice to meet you!","Senang bertemu denganmu!"
"me_7","Do you like me?","Apakah kamu menyukaiku?"
"me_8","Can we be friends?","Dapatkah kita menjadi teman?"
"me_9","I'm using assistive communication app.","Saya menggunakan aplikasi komunikasi bantu."
"me_10","Who are you?","Kamu siapa?"
"hello","Hello","Halo"
"hello_2","Hello.","Halo."
"hello_3","Hi.","Hai."
"hello_4","Greetings.","Salam pembuka."
"hello_5","How are you?","Apa kabar?"
"hello_6","Nice to meet you!","Senang bertemu denganmu!"
"help","Help","Tolong"
"help_2","Help me.","Tolong aku."
"help_3","Can you help me?","Bisakah kamu membantuku?"
"help_4","I need help","saya butuh bantuan"
"help_5","Do you need help?","Apakah Anda memerlukan bantuan?"
"yes","Yes","Iya"
"yes_2","Yes.","Iya."
"yes_3","Yes please.","Ya silahkan."
"yes_4","Alright.","Baik."
"yes_5","Agreed.","Sepakat."
"yes_6","I want to.","Aku ingin."
"yes_7","I would like to.","Aku ingin."
"no","No","Tidak"
"no_2","No.","Tidak."
"no_3","Nope.","Nggak."
"no_4","Never.","Tidak pernah."
"no_5","I don't want to.","Saya tidak mau."
"no_6","I don't like it.","Saya tidak suka itu."
"no_7","You don't like it?","Kamu tidak suka itu"
"no_8","Why you don't like it?","Kenapa kamu tidak menyukainya?"
"toilet","Toilet","Toilet"
"toilet_2","I need to go to the toilet.","Saya harus pergi ke toilet."
"toilet_3","I need to pee.","Saya ingin buang air kecil."
"toilet_4","I need to poop.","Saya harus buang air besar."
"toilet_5","Can you help me go to the toilet?","Bisakah Anda membantu saya pergi ke toilet?"
"toilet_6","Can you help me clean?","Bisakah kamu membantuku membersihkan?"
"toilet_7","I peed myself.","Saya pipis sendiri."
"toilet_8","I pooped myself.","Saya buang air besar sendiri."
"what","What","Apa"
"what_2","What is that?","Apa itu?"
"what_3","What does it mean?","Apa artinya?"
"what_4","What do you mean?","Apa maksudmu?"
"what_5","Can you explain it?","Bisakah Anda menjelaskannya?"
"what_6","Can you repeat what you said?","Bisakah Anda mengulangi apa yang Anda katakan?"
"what_7","I don't understand.","Saya tidak mengerti."
"sleep","Sleep","Tidur"
"sleep_2","I want to sleep.","Saya ingin tidur."
"sleep_3","I don't want to sleep.","Saya tidak ingin tidur."
"sleep_4","I'm tired.","Saya lelah."
"sleep_5","Are you tired?","Apa kau lelah?"
"sleep_6","When am I going to sleep?","Kapan saya akan tidur?"
"sleep_7","I want to take a nap.","Saya ingin tidur siang."
"bath","Bath","Mandi"
"bath_2","I want to take a bath.","Saya ingin mandi."
"bath_3","I like taking a bath.","Saya suka mandi."
"bath_4","I want to wash my hands.","Saya ingin mencuci tangan."
"bath_5","I want to take a shower.","Saya ingin mandi."
"bath_6","I want to clean myself.","Saya ingin membersihkan diri."
"bath_7","Can you help me take a bath?","Bisakah kamu membantuku mandi?"
"bath_8","I don't want to take a bath.","Saya tidak ingin mandi."
"listen","Listen","Mendengarkan"
"listen_2","Listen to me.","Dengarkan aku."
"listen_3","Can you listen to me?","Bisakah kamu mendengarkan saya?"
"listen_4","Listen to music.","Mendengarkan musik."
"listen_5","Listening to my parents.","Mendengarkan orang tua saya."
"listen_6","Listen to what my application is saying!","Dengarkan apa yang dikatakan aplikasi saya!"
"morning","Morning","Pagi"
"morning_2","Good morning.","Selamat pagi."
"morning_3","I like mornings.","Saya suka pagi hari."
"morning_4","In the morning.","Di pagi hari."
"morning_5","Morning time.","Waktu pagi."
"morning_6","Is it morning?","Apakah sudah pagi?"
"night","Night","Malam"
"night_2","Good night!","Selamat malam!"
"night_3","I like nights.","Saya suka malam."
"night_4","At night.","Di malam hari."
"night_5","Night time.","Waktu malam."
"night_6","Is it night?","Apakah ini malam?"
"look","Look","Lihat"
"look_2","Look at me.","Lihat saya."
"look_3","Look at this.","Lihat ini."
"look_4","Are you looking?","Apakah kamu melihat?"
"look_5","Look at my drawing.","Lihatlah gambar saya."
"look_6","How do I look?","Bagaimana penampilanku?"
"look_7","Look what I did.","Lihat apa yang saya lakukan."
"look_8","Let's look at that.","Mari kita lihat itu."
"speak","Speak","Berbicara"
"speak_2","I'm learning how to speak.","Saya belajar berbicara."
"speak_3","I want to speak.","Saya ingin berbicara"
"speak_4","Can I speak with you?","Bisakah saya berbicara dengan Anda?"
"speak_5","I like speaking.","Saya suka berbicara."
"speak_6","I'm using assistive communication app.","Saya menggunakan aplikasi komunikasi bantu."
"play","Play","Bermain"
"play_2","I love playing.","Saya suka bermain."
"play_3","Can you play with me?","Bisakah kau bermain denganku?"
"play_4","I want to play with you!","Saya ingin bermain denganmu!"
"play_5","I want to play with my friends.","Saya ingin bermain dengan teman-teman saya."
"play_6","I don't want to play with you.","Saya tidak ingin bermain dengan Anda."
"outside","Outside","Di luar"
"outside_2","I love going outside.","Saya suka pergi keluar."
"outside_3","I want to go outside.","Saya ingin keluar."
"outside_4","Is it cold outside?","Apakah di luar dingin?"
"outside_5","I don't like outside.","Saya tidak suka di luar."
"outside_6","Can I go outside?","Bisakah saya keluar?"
"home","Home","Rumah"
"home_2","I love my home.","Saya suka rumah saya."
"home_3","I want to go home.","Saya ingin pulang ke rumah."
"home_4","Where is your home?","Di mana rumahmu?"
"home_5","Home sweet home.","Rumahku Surgaku."
"home_6","I'm in the house.","Saya di rumah."
"home_7","I'm not in the house.","Saya tidak di rumah."
"hurt","Hurt","Menyakiti"
"hurt_2","I'm hurt.","Saya terluka."
"hurt_3","Are you hurt?","Apakah kamu terluka?"
"hurt_4","Did I hurt you?","Apa aku menyakitimu?"
"hurt_5","I didn't mean to hurt you!","Aku tidak bermaksud menyakitimu!"
"hurt_6","Is it going to hurt?","Apakah akan sakit?"
"hurt_7","I have a headache.","Aku sedang sakit kepala."
"hurt_8","I have a stomach ache.","Aku sakit perut."
"hurt_9","My genitals hurt.","Alat kelamin saya sakit."
"hurt_10","My foot hurts.","Kaki saya sakit."
"feelings","Feelings","Perasaan"
"happy","Happy","Senang"
"happy_2","I'm happy.","Saya senang."
"happy_3","I feel happy.","Saya merasa senang."
"happy_4","Do you feel happy?","Apakah kamu merasa bahagia?"
"happy_5","I want to feel happy.","Saya ingin merasa bahagia."
"happy_6","You are making me happy.","Anda membuat saya bahagia."
"sad","Sad","Sedih"
"sad_2","I'm sad.","Saya sedih."
"sad_3","I feel sad.","Saya merasa sedih."
"sad_4","Do you feel sad?","Apakah kamu merasa sedih?"
"sad_5","I don't want to feel sad.","Saya tidak ingin merasa sedih."
"sad_6","You are making me sad.","Anda membuat saya sedih."
"exhausted","Exhausted","Habis"
"exhausted_2","I'm exhausted.","Aku lelah."
"exhausted_3","I feel exhausted.","Saya merasa lelah."
"exhausted_4","Do you feel exhausted?","Apakah Anda merasa lelah?"
"exhausted_5","I don't want to be exhausted.","Saya tidak ingin kelelahan."
"relaxed","Relaxed","Santai"
"relaxed_2","I'm relaxed.","Aku santai."
"relaxed_3","I feel relaxed.","Saya merasa santai."
"relaxed_4","Do you feel relaxed?","Apakah kamu merasa santai?"
"relaxed_5","I want to feel relaxed.","Saya ingin merasa santai."
"in-love","In love","Kasmaran"
"in-love_2","I'm in love.","Saya sedang jatuh cinta."
"in-love_3","I feel in love.","Saya merasakan cinta."
"in-love_4","Are you in love?","Apakah kamu sedang jatuh cinta?"
"in-love_5","I want to fall in love.","Saya ingin jatuh cinta."
"in-love_6","Do you love me?","Apakah kamu mencintaiku?"
"stressed","Stressed","Tertekan"
"stressed_2","I'm stressed.","Aku stress."
"stressed_3","I feel stressed.","Saya merasa stres."
"stressed_4","Do you feel stressed?","Apakah Anda merasa stres?"
"stressed_5","I don't want to feel stressed.","Saya tidak ingin merasa stres."
"thankful","Thankful","Berterimakasih"
"thankful_2","I'm thankful.","Saya bersyukur."
"thankful_3","I feel thankful.","Saya merasa bersyukur."
"thankful_4","Do you feel thankful?","Apakah Anda merasa bersyukur?"
"thankful_5","I want to feel thankful.","Saya ingin merasa bersyukur."
"confused","Confused","Bingung"
"confused_2","I'm confused.","Saya bingung."
"confused_3","I feel confused.","Saya bingung."
"confused_4","Do you feel confused?","Apakah kamu merasa bingung?"
"confused_5","You are confusing me.","Kamu membuatku bingung."
"joyful","Joyful","Menyenangkan"
"joyful_2","I'm joyful.","Saya gembira"
"joyful_3","I feel joyful.","Saya merasa senang."
"joyful_4","Do you feel joyful?","Apakah kamu merasa gembira?"
"joyful_5","I want to feel joyful.","Saya ingin merasa gembira."
"angry","Angry","Marah"
"angry_2","I'm angry.","Aku marah."
"angry_3","I feel angry.","Saya merasa marah."
"angry_4","Do you feel angry?","Apakah kamu merasa marah?"
"angry_5","I'm angry at you.","Aku marah padamu."
"angry_6","You are making me angry.","Anda membuat saya marah."
"smart","Smart","Pintar"
"smart_2","I'm smart.","Saya cerdas."
"smart_3","I feel smart.","Saya merasa pintar."
"smart_4","Do you feel smart?","Apakah kamu merasa pintar?"
"smart_5","Am I smart?","Apakah saya pintar?"
"smart_6","You are smart!","Anda cerdas!"
"afraid","Afraid","Takut"
"afraid_2","I'm afraid.","Saya takut."
"afraid_3","I feel afraid.","Saya merasa takut."
"afraid_4","Do you feel afraid?","Apakah kamu merasa takut?"
"afraid_5","I don't want to feel afraid.","Saya tidak ingin merasa takut."
"afraid_6","You are scaring me.","Anda membuatku takut."
"ashamed","Ashamed","Malu"
"ashamed_2","I'm ashamed.","Aku malu."
"ashamed_3","I feel ashamed.","Saya merasa malu."
"ashamed_4","Do you feel ashamed?","Apakah kamu merasa malu?"
"ashamed_5","I don't want to feel ashamed.","Saya tidak ingin merasa malu."
"shocked","Shocked","Terkejut"
"shocked_2","I'm shocked.","Saya terkejut."
"shocked_3","I feel shocked.","Saya merasa kaget."
"shocked_4","Do you feel shocked?","Apakah Anda merasa kaget?"
"shocked_5","You shocked me.","Anda mengejutkan saya."
"sick","Sick","Sakit"
"sick_2","I'm sick.","Saya sakit."
"sick_3","I feel sick.","Aku merasa sakit."
"sick_4","Do you feel sick?","Apa anda merasa mual?"
"sick_5","I don't want to be sick.","Saya tidak ingin sakit."
"sick_6","I'm sick of the food.","Saya muak dengan makanan."
"frustrated","Frustrated","Frustrasi"
"frustrated_2","I'm frustrated.","Saya frustasi."
"frustrated_3","I feel frustrated.","Saya merasa frustasi."
"frustrated_4","Do you feel frustrated?","Apakah Anda merasa frustrasi?"
"frustrated_5","I don't want to feel frustrated.","Saya tidak ingin merasa frustrasi."
"excited","Excited","Bergairah"
"excited_2","I'm excited.","Saya senang."
"excited_3","I feel excited.","Saya merasa senang."
"excited_4","Do you feel excited?","Apakah kamu merasa bersemangat?"
"excited_5","I don't want to feel excited.","Saya tidak ingin merasa bersemangat."
"nauseated","Nauseated","Enek"
"nauseated_2","I'm nauseated.","Saya mual."
"nauseated_3","I feel nauseated.","Saya merasa mual."
"nauseated_4","Do you feel nauseated?","Apakah Anda merasa mual?"
"nauseated_5","I don't want to feel nauseated.","Saya tidak ingin merasa mual."
"agitated","Agitated","Gelisah"
"agitated_2","I'm agitated.","Saya gelisah."
"agitated_3","I feel agitated.","Saya merasa gelisah."
"agitated_4","Do you feel agitated?","Apakah Anda merasa gelisah?"
"agitated_5","I don't want to feel agitated.","Saya tidak ingin merasa gelisah."
"food","Food","Makanan"
"hungry","Hungry","Lapar"
"hungry_2","I'm hungry.","Saya lapar."
"hungry_3","Are you hungry?","Apa kau lapar?"
"hungry_4","Can you make me food?","Bisakah Anda membuatkan saya makanan?"
"hungry_5","What is for dinner?","Apa untuk makan malam?"
"thirsty","Thirsty","Haus"
"thirsty_2","I'm thirsty.","Aku haus."
"thirsty_3","Can I have some water?","Bisakah saya mendapatkan air?"
"thirsty_4","Can I have a glass of water?","Bisakah saya minum segelas air?"
"thirsty_5","I want something to drink.","Saya ingin minum."
"cutlery","Cutlery","Alat makan"
"cutlery_2","I need cutlery.","Saya butuh peralatan makan."
"cutlery_3","Help me use cutlery.","Bantu saya menggunakan peralatan makan."
"cutlery_4","I need a fork.","Saya butuh garpu."
"cutlery_5","I need a spoon.","Saya butuh sendok."
"cutlery_6","I need chopsticks.","Saya butuh sumpit."
"cutlery_7","I need a knife.","Saya butuh pisau."
"cutlery_8","I need a napkin.","Saya butuh serbet."
"apple","Apple","apel"
"apple_2","I like apple.","Saya suka apel."
"apple_3","I don't like apple.","Saya tidak suka apel."
"apple_4","I want to eat an apple.","Saya ingin makan apel."
"carrot","Carrot","Wortel"
"carrot_2","I like carrot.","Saya suka wortel."
"carrot_3","I don't like carrot.","Saya tidak suka wortel."
"carrot_4","I want to eat a carrot.","Saya ingin makan wortel."
"beans","Beans","kacang polong"
"beans_2","I like beans.","Saya suka kacang."
"beans_3","I don't like beans.","Saya tidak suka kacang."
"beans_4","I want to eat beans.","Saya ingin makan kacang."
"chicken_5","I want fried chicken.","Saya ingin ayam goreng."
"chicken_6","I want boiled chicken.","Saya ingin ayam rebus."
"chocolate","Chocolate","Cokelat"
"chocolate_2","I like chocolate.","Saya suka Coklat."
"chocolate_3","I don't like chocolate.","Saya tidak suka cokelat."
"chocolate_4","I want to eat chocolate.","Saya ingin makan cokelat."
"chocolate_5","I want dark chocolate.","Saya ingin cokelat hitam."
"chocolate_6","I want white chocolate.","Saya ingin cokelat putih."
"milk","Milk","susu"
"milk_2","I like milk.","Saya suka susu."
"milk_3","I don't like milk.","Saya tidak suka susu."
"milk_4","I want to drink milk.","Saya ingin minum susu."
"milk_5","Can I have a glass of milk?","Bisakah saya minum segelas susu?"
"sandwich","Sandwich","Sandwich"
"sandwich_2","I like sandwich.","Saya suka sandwich."
"sandwich_3","I don't like sandwich.","Saya tidak suka sandwich."
"sandwich_4","I want to eat a sandwich.","Saya ingin makan sandwich."
"sandwich_5","Can you make me a sandwich?","Bisakah Anda membuatkan saya roti isi?"
"steak","Steak","daging panggang"
"steak_2","I like steak.","Saya suka steak."
"steak_3","I don't like steak.","Saya tidak suka steak."
"steak_4","I want to eat steak.","Saya ingin makan steak."
"steak_5","Can you cook steak for me?","Bisakah kamu memasak steak untukku?"
"banana","Banana","pisang"
"banana_2","I like banana.","Saya suka pisang."
"banana_3","I don't like banana.","Saya tidak suka pisang."
"banana_4","I want to eat a banana.","Saya ingin makan pisang."
"pie","Pie","Pai"
"pie_2","I like pie.","Saya suka pai."
"pie_3","I don't like pie.","Saya tidak suka pai."
"pie_4","I want to eat pie.","Saya ingin makan pie."
"pie_5","Can you bake a pie for me?","Bisakah kamu membuatkan kue untukku?"
"egg","Egg","telur"
"egg_2","I like egg.","Saya suka telur."
"egg_3","I don't like egg.","Saya tidak suka telur."
"egg_4","I want to eat egg.","Saya ingin makan telur."
"egg_5","I want fried eggs.","Saya ingin telur goreng."
"egg_6","I want boiled eggs.","Saya ingin telur rebus."
"noodles","Noodles","Mie"
"noodles_2","I like noodles.","Saya suka mie."
"noodles_3","I don't like noodles.","Saya tidak suka mie."
"noodles_4","I want to eat noodles.","Saya ingin makan mie."
"noodles_5","Can you cook noodles for me?","Bisakah kamu memasak mie untukku?"
"salt","Salt","Garam"
"salt_2","I want salt.","Saya ingin garam."
"salt_3","Can you pass me the salt?","Bisakah Anda memberi saya garam?"
"salt_4","Food is too salty.","Makanan terlalu asin."
"salt_5","My food needs some salt.","Makanan saya butuh garam."
"spices","Spices","Rempah-rempah"
"spices_2","I like spicy food.","Saya suka makanan pedas."
"spices_3","I don't like spicy food.","Saya tidak suka makanan pedas."
"spices_4","I want paprika.","Saya mau paprika."
"spices_5","I want black pepper.","Saya ingin lada hitam."
"pizza","Pizza","Pizza"
"pizza_2","I like pizza.","Aku suka pizza."
"pizza_3","I don't like pizza.","Saya tidak suka pizza."
"pizza_4","I want to eat pizza.","Saya ingin makan pizza."
"pizza_5","Can you cook pizza for me?","Bisakah kamu memasak pizza untukku?"
"pizza_6","Can we order pizza?","Bisakah kita memesan pizza?"
"cheese","Cheese","Keju"
"cheese_2","I like cheese.","Saya suka keju."
"cheese_3","I don't like cheese.","Saya tidak suka keju."
"cheese_4","I want to eat cheese.","Saya ingin makan keju."
"ice-cream","Ice cream","Es krim"
"ice-cream_2","I like ice cream.","Saya suka es krim."
"ice-cream_3","I don't like ice cream.","Saya tidak suka es krim."
"ice-cream_4","I want to eat ice cream.","Saya ingin makan es krim."
"ice-cream_5","Can you buy ice cream for me?","Bisakah kamu membeli es krim untukku?"
"tea","Tea","teh"
"tea_2","I like tea.","Saya suka teh."
"tea_3","I don't like tea.","Saya tidak suka teh."
"tea_4","I want to drink tea.","Saya ingin minum teh."
"tea_5","Can you make tea for me?","Bisakah kamu membuatkan teh untukku?"
"coffee","Coffee","kopi"
"coffee_2","I like coffee.","Saya suka kopi."
"coffee_3","I don't like coffee.","Saya tidak suka kopi."
"coffee_4","I want to drink coffee.","Saya ingin minum kopi."
"coffee_5","Can you make coffee for me?","Bisakah kamu membuatkan kopi untukku?"
"tomato","Tomato","Tomat"
"tomato_2","I like tomato.","Saya suka tomat."
"tomato_3","I don't like tomato.","Saya tidak suka tomat."
"tomato_4","I want to eat tomato.","Saya ingin makan tomat."
"cereal","Cereal","Sereal"
"cereal_2","I like cereal.","Saya suka sereal."
"cereal_3","I don't like cereal.","Saya tidak suka sereal."
"cereal_4","I want to eat cereal.","Saya ingin makan sereal."
"cereal_5","Can you make my cereal?","Bisakah Anda membuat sereal saya?"
"burger","Burger","Burger"
"burger_2","I like burger.","Saya suka burger."
"burger_3","I don't like burger.","Saya tidak suka burger."
"burger_4","I want to eat burger.","Saya ingin makan burger."
"burger_5","Can you cook burger for me?","Bisakah kamu memasak burger untukku?"
"burger_6","Can we order burger?","Bisakah kita memesan burger?"
"french-fries","French fries","kentang goreng"
"french-fries_2","I like french fries.","Aku suka kentang goreng."
"french-fries_3","I don't like french fries.","Saya tidak suka kentang goreng."
"french-fries_4","I want to eat french fries.","Saya ingin makan kentang goreng."
"french-fries_5","Can you cook french fries for me?","Bisakah Anda memasak kentang goreng untuk saya?"
"french-fries_6","Can we order french fries?","Bisakah kita memesan kentang goreng?"
"spinach","Spinach","bayam"
"spinach_2","I like spinach.","Saya suka bayam."
"spinach_3","I don't like spinach.","Saya tidak suka bayam."
"spinach_4","I want to eat spinach.","Saya ingin makan bayam."
"rice","Rice","Nasi"
"rice_2","I like rice.","Saya suka nasi."
"rice_3","I don't like rice.","Saya tidak suka nasi."
"rice_4","I want to eat rice.","Saya ingin makan nasi."
"rice_5","Can you cook rice for me?","Bisakah kamu memasak nasi untukku?"
"bread","Bread","Roti"
"bread_2","I like bread.","Saya suka roti."
"bread_3","I don't like bread.","Saya tidak suka roti."
"bread_4","I want to eat bread.","Saya ingin makan roti."
"bread_5","Can you buy some bread?","Bisakah kamu membeli roti?"
"pasta","Pasta","Semacam spageti"
"pasta_2","I like pasta.","Saya suka pasta."
"pasta_3","I don't like pasta.","Saya tidak suka pasta."
"pasta_4","I want to eat pasta.","Saya ingin makan pasta."
"pasta_5","Can you cook pasta for me?","Bisakah kamu memasak pasta untukku?"
"sauce","Sauce","saus"
"sauce_2","I like sauce.","Saya suka saus."
"sauce_3","I don't like sauce.","Saya tidak suka saus."
"sauce_4","I want some sauce.","Saya mau saus."
"sauce_5","Can I have ketchup?","Bisakah saya memiliki kecap?"
"sauce_6","Can I have mayonnaise?","Bisakah saya makan mayones?"
"sauce_7","Can I have mustard?","Bisakah saya makan mustard?"
"sauce_8","Can I have ranch sauce?","Bisakah saya punya saus peternakan?"
"kebab","Kebab","Kebab"
"kebab_2","I like kebab.","Saya suka kebab."
"kebab_3","I don't like kebab.","Saya tidak suka kebab."
"kebab_4","I want to eat kebab.","Saya ingin makan kebab."
"kebab_5","Can you cook kebab for me?","Bisakah kamu memasak kebab untukku?"
"kebab_6","Can we order kebab?","Bisakah kita memesan kebab?"
"numbers","Numbers","Angka"
"one","One","Satu"
"one_2","One comes before two.","Satu datang sebelum dua."
"one_3","One comes after zero.","Satu datang setelah nol."
"one_4","I want one.","Saya ingin satu."
"two","Two","Dua"
"two_2","Two comes before three.","Dua datang sebelum tiga."
"two_3","Two comes after one.","Dua datang setelah satu."
"two_4","I want two.","Saya mau dua."
"three","Three","Tiga"
"three_2","Three comes before four.","Tiga datang sebelum empat."
"three_3","Three comes after two.","Tiga datang setelah dua."
"three_4","I want three.","Saya mau tiga."
"four","Four","Empat"
"four_2","Four comes before five.","Empat datang sebelum lima."
"four_3","Four comes after three.","Empat datang setelah tiga."
"four_4","I want four.","Saya mau empat."
"five","Five","Lima"
"five_2","Five comes before six.","Lima datang sebelum enam."
"five_3","Five comes after four.","Lima datang setelah empat."
"five_4","I want five.","Saya mau lima."
"six","Six","Enam"
"six_2","Six comes before seven.","Enam datang sebelum tujuh."
"six_3","Six comes after five.","Enam datang setelah lima."
"six_4","I want fix.","Saya ingin memperbaikinya."
"seven","Seven","Tujuh"
"seven_2","Seven comes before eight.","Tujuh datang sebelum delapan."
"seven_3","Seven comes after six.","Tujuh datang setelah enam."
"seven_4","I want seven.","Saya mau tujuh."
"eight","Eight","Delapan"
"eight_2","Eight comes before nine.","Delapan datang sebelum sembilan."
"eight_3","Eight comes after seven.","Delapan datang setelah tujuh."
"eight_4","I want eight.","Saya mau delapan."
"nine","Nine","Sembilan"
"nine_2","Nine comes before ten.","Sembilan datang sebelum sepuluh."
"nine_3","Nine comes after eight.","Sembilan datang setelah delapan."
"nine_4","I want nine.","Saya mau sembilan."
"ten","Ten","Sepuluh"
"ten_2","Ten comes before eleven.","Sepuluh datang sebelum sebelas."
"ten_3","Ten comes after nine.","Sepuluh datang setelah sembilan."
"ten_4","I want ten.","Saya mau sepuluh."
"eleven","Eleven","Sebelas"
"eleven_2","Eleven comes before thirteen.","Sebelas datang sebelum tiga belas."
"eleven_3","Eleven comes after ten.","Sebelas datang setelah sepuluh."
"eleven_4","I want eleven.","Saya mau sebelas."
"twenty","Twenty","Dua puluh"
"twenty_2","I can count up to twenty.","Saya bisa menghitung hingga dua puluh."
"thirty","Thirty","Tigapuluh"
"thirty_2","I can count up to thirty.","Saya bisa menghitung hingga tiga puluh."
"forty","Forty","Empatpuluh"
"forty_2","I can count up to forty.","Saya bisa menghitung hingga empat puluh."
"fifty","Fifty","Lima puluh"
"fifty_2","I can count up to fifty.","Saya bisa menghitung hingga lima puluh."
"hundred","Hundred","Ratus"
"hundred_2","I can count up to hundred.","Saya bisa menghitung hingga ratusan."
"thousand","Thousand","Ribu"
"thousand_2","I can count up to thousand.","Saya bisa menghitung hingga ribuan."
"calculator","Calculator","Kalkulator"
"calculator_2","I want to use a calculator.","Saya ingin menggunakan kalkulator."
"calculator_3","Can you teach me how to use a calculator?","Bisakah Anda mengajari saya cara menggunakan kalkulator?"
"calculator_4","Can I barrow your calculator?","Bisakah saya menyimpan kalkulator Anda?"
"people","People","Orang-orang"
"mother","Mother","Ibu"
"mother_2","Mommy!","Mama!"
"mother_3","I love my mother.","Aku sayang ibuku."
"mother_4","I love you mom.","Aku cinta kamu ibu."
"mother_5","I miss my mom.","Aku merindukan ibuku."
"mother_6","Thank you for taking care of me.","Terima kasih telah merawat saya."
"mother_7","She is my mom.","Dia adalah ibuku."
"mother_8","Can you help me find my mother?","Bisakah Anda membantu saya menemukan ibu saya?"
"father","Father","Ayah"
"father_2","Daddy!","Ayah!"
"father_3","I love my father.","Saya mencintai ayah saya."
"father_4","I love you dad.","Saya mencintaimu ayah."
"father_5","I miss my dad.","Saya merindukan ayah saya."
"father_6","Thank you for taking care of me.","Terima kasih telah merawat saya."
"father_7","He is my dad.","Dia ayahku."
"father_8","Can you help me find my father?","Bisakah Anda membantu saya menemukan ayah saya?"
"parents","Parents","Orangtua"
"parents_2","I love my parents.","Saya mencintai orang tua saya."
"parents_3","I love my parents.","Saya mencintai orang tua saya."
"parents_4","I miss my parents.","Saya rindu orang tua saya."
"parents_5","They are my parents.","Mereka adalah orang tua ku."
"parents_6","My parents are taking care of me.","Orang tua saya merawat saya."
"parents_8","Can you help me find my parents?","Bisakah Anda membantu saya menemukan orang tua saya?"
"grandparents","Grandparents","Kakek dan nenek"
"grandparents_2","I love my grandparents.","Saya suka kakek nenek saya."
"grandparents_3","I love you grandparents.","Aku mencintaimu kakek nenek."
"grandparents_4","I miss my grandparents.","Saya merindukan kakek nenek saya."
"grandparents_5","They are my grandparents.","Mereka adalah kakek nenek saya."
"grandparents_6","My grandparents are taking care of me.","Kakek nenek saya merawat saya."
"grandparents_8","Can you help me find my grandparents?","Bisakah Anda membantu saya menemukan kakek nenek saya?"
"brother","Brother","Saudara"
"brother_2","I love my brother.","Aku sayang saudara laki-lakiku."
"brother_3","I love you brother.","Aku cinta kamu saudara"
"brother_4","I miss my brother.","Aku rindu saudaraku."
"brother_5","He is my brother.","Dia adalah saudaraku."
"brother_6","My brother is taking care of me.","Adikku merawatku."
"brother_8","Can you help me find my brother?","Bisakah Anda membantu saya menemukan saudara saya?"
"sister","Sister","Saudara"
"sister_2","I love my sister.","Saya mencintai saudara perempuan saya."
"sister_3","I love you sister.","Aku cinta kamu kakak."
"sister_4","I miss my sister.","Saya rindu saudara perempuan saya."
"sister_5","She is my sister.","Dia adikku."
"sister_6","My sister is taking care of me.","Adikku merawatku."
"sister_8","Can you help me find my sister?","Bisakah Anda membantu saya menemukan saudara perempuan saya?"
"uncle","Uncle","Paman"
"uncle_2","I love my uncle.","Saya suka paman saya."
"uncle_3","I love you uncle.","Aku sayang kamu paman."
"uncle_4","I miss my uncle.","Saya merindukan paman saya."
"uncle_5","He is my uncle.","Dia adalah pamanku."
"uncle_8","Can you help me find my uncle?","Bisakah Anda membantu saya menemukan paman saya?"
"aunt","Aunt","Bibi"
"aunt_2","I love my aunt.","Saya suka bibiku."
"aunt_3","I love you aunt.","Aku mencintaimu bibi."
"aunt_4","I miss my aunt.","Aku rindu bibiku."
"aunt_5","She is my aunt.","Dia Tante ku."
"aunt_8","Can you help me find my aunt?","Bisakah kamu membantuku menemukan bibiku?"
"teacher","Teacher","Guru"
"teacher_2","I love my teacher.","Saya mencintai guruku."
"teacher_3","I love you teacher.","Aku cinta kamu guru."
"teacher_4","I don't like my teacher.","Saya tidak suka guruku."
"teacher_5","I miss my teacher.","Saya rindu guruku."
"teacher_6","Thank you for the lesson.","Terima kasih untuk pelajarannya"
"therapist","Therapist","Dokter"
"therapist_2","I love my therapist.","Saya suka terapis saya."
"therapist_3","I love you therapist.","Aku mencintaimu terapis."
"therapist_4","I don't like my therapist.","Saya tidak suka terapis saya."
"therapist_5","I miss my therapist.","Saya rindu terapis saya."
"therapist_6","Thank you for the session.","Terima kasih untuk sesi ini."
"doctor","Doctor","Dokter"
"doctor_2","I love my doctor.","Saya suka dokter saya."
"doctor_3","I love you doctor.","Aku mencintaimu dokter."
"doctor_4","I don't like my doctor.","Saya tidak suka dokter saya."
"doctor_5","I miss my doctor.","Saya merindukan dokter saya."
"doctor_6","Thank you for healing me.","Terima kasih telah menyembuhkan saya."
"friends","Friends","Teman"
"friends_2","I love my friends.","Aku menyayangi teman-temanku."
"friends_3","Do you want to be my friend?","Maukah kamu jadi temanku?"
"friends_4","I don't like my friends.","Saya tidak suka teman saya."
"friends_5","I miss my friends.","Saya merindukan teman-teman saya."
"friends_6","They are my friends.","Mereka adalah teman-temanku."
"friends_7","Thank you for playing with me.","Terima kasih telah bermain dengan saya."
"cousins","Cousins","Sepupu"
"cousins_2","I love my cousins.","Saya suka sepupu saya."
"cousins_3","I don't have cousins.","Saya tidak punya sepupu."
"cousins_4","I miss my cousins.","Saya merindukan sepupu saya."
"cousins_5","They are my cousins.","Mereka adalah sepupu saya."
"grandmother","Grandmother","Nenek"
"grandmother_2","I love my grandmother.","Saya suka nenek saya."
"grandmother_3","I love you grandma.","Aku sayang kamu nenek."
"grandmother_4","I miss my grandma.","Saya rindu nenek saya."
"grandmother_5","She is my grandma.","Dia adalah nenekku."
"grandfather","Grandfather","Kakek"
"grandfather_2","I love my grandfather.","Saya suka kakek saya."
"grandfather_3","I love you grandpa.","Aku sayang kakek."
"grandfather_4","I miss my grandpa.","Saya rindu kakek saya."
"grandfather_5","He is my grandpa.","Dia adalah kakek saya."
"stepfather","Stepfather","Ayah tiri"
"stepfather_2","I love my stepfather.","Saya suka ayah tiriku."
"stepfather_3","He is my stepfather.","Dia adalah ayah tiriku."
"stepfather_4","I miss my stepfather.","Saya merindukan ayah tiriku."
"stepfather_5","He is my stepfather.","Dia adalah ayah tiriku."
"stepmother","Stepmother","Ibu tiri"
"stepmother_2","I love my stepmother.","Saya suka ibu tiriku."
"stepmother_3","She is my stepmother.","Dia adalah ibu tiriku."
"stepmother_4","I miss my stepmother.","Saya merindukan ibu tiriku."
"stepmother_5","She is my stepmother.","Dia adalah ibu tiriku."
"stepsister","Stepsister","Saudara perempuan tiri"
"stepsister_2","I love my stepsister.","Saya suka saudara tiriku."
"stepsister_3","She is my stepsister.","Dia adalah saudara tiriku."
"stepsister_4","I miss my stepsister.","Saya rindu saudara tiriku."
"stepsister_5","She is my stepsister.","Dia adalah saudara tiriku."
"stepbrother","Stepbrother","Saudara tiri"
"stepbrother_2","I love my stepbrother.","Saya suka saudara tiriku."
"stepbrother_3","He is my stepbrother.","Dia adalah saudara tiriku."
"stepbrother_4","I miss my stepbrother.","Saya merindukan saudara tiriku."
"stepbrother_5","He is my stepbrother.","Dia adalah saudara tiriku."
"half-brother","Half brother","Setengah saudara laki-laki"
"half-brother_2","I love my half brother.","Saya suka saudara tiriku."
"half-brother_3","He is my half brother.","Dia adalah saudara tiriku."
"half-brother_4","I miss my half brother.","Saya merindukan saudara tiriku."
"half-brother_5","He is my half brother.","Dia adalah saudara tiriku."
"half-sister","Half sister","Kakak tiri"
"half-sister_2","I love my half sister.","Saya suka saudara tiriku."
"half-sister_3","She is my half sister.","Dia adalah saudara tiriku."
"half-sister_4","I miss my half sister.","Saya merindukan saudara tiriku."
"half-sister_5","She is my half sister.","Dia adalah saudara tiriku."
"quarantine","Quarantine","Karantina"
"protective-mask","Protective mask","Topeng pelindung"
"stay-home","Stay home","Tinggal di rumah"
"toilet-paper","Toilet paper","Tisu toilet"
"sprayer","Sprayer","Semprotan"
"disinfectant","Disinfectant","Desinfektan"
"thermometer","Thermometer","Termometer"
"coughing","Coughing","Batuk"
"medical-assistance","Medical assistance","Bantuan medis"
"hand-sanitizer","Hand sanitizer","Pensanitasi tangan"
"gloves","Gloves","Sarung tangan"
"social-distancing","Social distancing","Jarak sosial"
"mouth-mask","Mouth mask","Masker mulut"
"pandemic","Pandemic","Pandemi"
"working-at-home","Working at home","Bekerja di rumah"
"wet-wipes","Wet wipes","Tisu basah"
"first-aid-kit","First aid kit","Pertolongan pertama"
"fitness","Fitness","Kebugaran"
"e-learning","E-learning","E-learning"
"virus","Virus","Virus"
"cleaning","Cleaning","Pembersihan"
"school","School","Sekolah"
"desk","Desk","Meja tulis"
"desk_2","Can I use this desk?","Bisakah saya menggunakan meja ini?"
"desk_3","Which desk is mine?","Meja mana milik saya?"
"desk_4","I spilled on my desk.","Saya tumpah di meja saya."
"desk_5","Don't scratch your desk.","Jangan menggaruk meja Anda."
"chair","Chair","Kursi"
"chair_2","Can I sit with you?","Bisakah saya duduk dengan Anda?"
"chair_3","Which chair is mine?","Kursi yang mana milik saya?"
"chair_4","Is this chair taken?","Apakah kursi ini diambil?"
"chair_5","I spilled on my chair.","Saya tumpah di kursi."
"book","Book","Book"
"book_2","Textbook","Buku pelajaran"
"book_3","Workbook","Buku kerja"
"book_4","Reading a book.","Membaca buku."
"book_5","Can I borrow your book?","Bisakah saya meminjam buku Anda?"
"book_6","Which page are we at?","Di halaman mana kita?"
"book_7","Flip the page.","Balik halaman."
"book_8","I lost my book.","Saya kehilangan buku saya."
"notebook","Notebook","Buku catatan"
"notebook_2","Taking notes.","Mencatat."
"notebook_3","I'm taking notes.","Saya mencatat."
"notebook_4","I lost my notebook.","Saya kehilangan buku catatan saya."
"backpack","Backpack","Ransel"
"backpack_2","Carrying my backpack.","Membawa ranselku."
"backpack_3","Putting my books in my backpack.","Menempatkan buku-bukuku di ranselku."
"backpack_4","I need a new backpack.","Saya butuh ransel baru."
"backpack_5","Thank you for carrying my backpack.","Terima kasih telah membawa ransel saya."
"backpack_6","I lost my backpack.","Saya kehilangan ransel saya."
"backpack_7","My backpack is heavy.","Ransel saya berat."
"blackboard","Blackboard","Papan tulis"
"blackboard_2","Look at the blackboard.","Lihatlah papan tulis."
"blackboard_3","Cleaning the blackboard.","Membersihkan papan tulis."
"blackboard_4","Solving the problem on the blackboard.","Memecahkan masalah di papan tulis."
"blackboard_5","Taking note on the blackboard.","Mencatat di papan tulis."
"blackboard_6","Give me a chalk.","Beri aku kapur."
"teacher_7","I don't like this topic.","Saya tidak suka topik ini."
"teacher_8","Thank you for the lesson.","Terima kasih untuk pelajarannya"
"school-bus","School bus","Bus sekolah"
"school-bus_2","School bus is coming.","Bus sekolah akan datang."
"school-bus_3","Can I sit next to you?","Bisakah saya duduk di sebelah Anda?"
"school-bus_4","Thank you bus driver!","Sopir bus terima kasih!"
"school-bus_5","School bus was late.","Bus sekolah terlambat."
"pencil","Pencil","Pensil"
"pencil_2","I'm writing.","Saya sedang menulis."
"pencil_3","I'm learning to write.","Saya sedang belajar menulis."
"pencil_4","I need a new pencil.","Saya perlu pensil baru."
"pencil_5","Can I borrow your pencil?","Bisakah saya meminjam pensil Anda?"
"pencil_6","I lost my pencil.","Saya kehilangan pensil saya."
"eraser","Eraser","Penghapus"
"eraser_2","I'm erasing.","Saya menghapus."
"eraser_3","I need a new eraser.","Saya perlu penghapus baru."
"eraser_4","Can I borrow your eraser?","Bisakah saya meminjam penghapus Anda?"
"eraser_5","I lost my eraser.","Saya kehilangan penghapus saya."
"ruler","Ruler","Penggaris"
"ruler_2","I'm measuring.","Saya mengukur."
"ruler_3","I need a new ruler.","Saya membutuhkan penguasa baru."
"ruler_4","Can I borrow your ruler?","Bisakah saya meminjam penggaris Anda?"
"ruler_5","I lost my ruler.","Saya kehilangan penguasa saya."
"sharpener","Sharpener","Rautan"
"sharpener_2","I'm sharpening my pencil.","Saya mengasah pensil saya."
"sharpener_3","I need a new sharpener.","Saya membutuhkan rautan baru."
"sharpener_4","Can I borrow your sharpener?","Bisakah saya meminjam rautan Anda?"
"sharpener_5","I lost my sharpener.","Saya kehilangan rautan saya."
"mathematics","Mathematics","Matematika"
"mathematics_2","I like mathematics.","Saya suka matematika."
"mathematics_3","I want to study mathematics.","Saya ingin belajar matematika."
"mathematics_4","I don't like mathematics.","Saya tidak suka matematika."
"mathematics_5","When is mathematics class?","Kapan kelas matematika?"
"mathematics_6","Can you help me with my mathematics homework?","Bisakah Anda membantu saya mengerjakan PR matematika?"
"literature","Literature","literatur"
"literature_2","I like literature.","Saya suka sastra."
"literature_3","I want to study literature.","Saya ingin belajar sastra."
"literature_4","I don't like literature.","Saya tidak suka sastra."
"literature_5","When is literature class?","Kapan kelas sastra?"
"literature_6","Can you help me with my literature homework?","Bisakah Anda membantu saya dengan pekerjaan rumah literatur saya?"
"science","Science","Ilmu"
"science_2","I like science.","Saya suka sains."
"science_3","I want to study science.","Saya ingin belajar ilmu."
"science_4","I don't like science.","Saya tidak suka sains."
"science_5","When is science class?","Kapan kelas sains?"
"science_6","Can you help me with my science homework?","Bisakah Anda membantu saya dengan pekerjaan rumah sains saya?"
"art-class","Art class","Kelas seni"
"art-class_2","I like art class.","Saya suka kelas seni."
"art-class_3","I want to practice art skills.","Saya ingin melatih keterampilan seni."
"art-class_4","I don't like art class.","Saya tidak suka kelas seni."
"art-class_5","When is art class?","Kapan kelas seni?"
"art-class_6","Can you help me with my art class homework?","Bisakah Anda membantu saya mengerjakan PR kelas seni?"
"music-class","Music class","Kelas Musik"
"music-class_2","I like music class.","Saya suka kelas musik."
"music-class_3","I want to practice music skills.","Saya ingin berlatih keterampilan musik."
"music-class_4","I don't like music class.","Saya tidak suka kelas musik."
"music-class_5","When is music class?","Kapan kelas musik?"
"music-class_6","Can you help me with my music class homework?","Bisakah Anda membantu saya dengan pekerjaan rumah kelas musik saya?"
"geography","Geography","Geografi"
"geography_2","I like geography.","Saya suka geografi."
"geography_3","I want to study geography.","Saya ingin belajar geografi."
"geography_4","I don't like geography.","Saya tidak suka geografi."
"geography_5","When is geography?","Kapan geografi?"
"geography_6","Can you help me with my geography homework?","Bisakah Anda membantu saya dengan pekerjaan rumah geografi saya?"
"telescope","Telescope","Teleskop"
"telescope_2","I'm using the telescope.","Saya menggunakan teleskop."
"telescope_3","I want to use the telescope.","Saya ingin menggunakan teleskop."
"telescope_4","I want to look at the stars.","Saya ingin melihat bintang-bintang."
"glue","Glue","Lem"
"glue_2","I'm using glue.","Saya menggunakan lem."
"glue_3","I need a new glue.","Saya perlu lem baru."
"glue_4","Can I borrow your glue?","Bisakah saya meminjam lem Anda?"
"glue_5","I lost my glue.","Saya kehilangan lem."
"shapes","Shapes","Bentuk"
"circle","Circle","Lingkaran"
"circle_2","This is circle shaped.","Ini berbentuk lingkaran."
"circle_3","Can you teach me how to draw a circle?","Bisakah Anda mengajari saya cara menggambar lingkaran?"
"triangle","Triangle","Segi tiga"
"triangle_2","This is triangle shaped.","Ini berbentuk segitiga."
"triangle_3","Can you teach me how to draw a triangle?","Bisakah Anda mengajari saya cara menggambar segitiga?"
"square","Square","Kotak"
"square_2","This is square shaped.","Ini berbentuk persegi."
"square_3","Can you teach me how to draw a square?","Bisakah Anda mengajari saya cara menggambar persegi?"
"rectangle","Rectangle","Empat persegi panjang"
"rectangle_2","This is rectangle shaped.","Ini berbentuk persegi panjang."
"rectangle_3","Can you teach me how to draw a rectangle?","Bisakah Anda mengajari saya cara menggambar persegi panjang?"
"star","Star","Bintang"
"star_2","This is star shaped.","Ini berbentuk bintang."
"star_3","Can you teach me how to draw a star?","Bisakah Anda mengajari saya cara menggambar bintang?"
"pentagon","Pentagon","Segi lima"
"pentagon_2","This is pentagon shaped.","Ini berbentuk pentagon."
"pentagon_3","Can you teach me how to draw a pentagon?","Bisakah Anda mengajari saya cara menggambar pentagon?"
"hexagon","Hexagon","Segi enam"
"hexagon_2","This is hexagon shaped.","Ini berbentuk segi enam."
"hexagon_3","Can you teach me how to draw a hexagon?","Bisakah Anda mengajari saya cara menggambar segi enam?"
"cross","Cross","Menyeberang"
"cross_2","This is cross shaped.","Ini berbentuk salib."
"cross_3","Can you teach me how to draw a cross?","Bisakah Anda mengajari saya cara menggambar salib?"
"ellipse","Ellipse","Elips"
"ellipse_2","This is ellipse shaped.","Ini berbentuk elips."
"ellipse_3","Can you teach me how to draw a ellipse?","Bisakah Anda mengajari saya cara menggambar elips?"
"arrow","Arrow","Panah"
"arrow_2","This is arrow shaped.","Ini berbentuk panah."
"arrow_3","Can you teach me how to draw a arrow?","Bisakah Anda mengajari saya cara menggambar panah?"
"crescent","Crescent","Sabit"
"crescent_2","This is crescent shaped.","Ini berbentuk bulan sabit."
"crescent_3","Can you teach me how to draw a crescent?","Bisakah Anda mengajari saya cara menggambar bulan sabit?"
"heart","Heart","Jantung"
"heart_2","This is heart shaped.","Ini berbentuk hati."
"heart_3","Can you teach me how to draw a heart?","Bisakah Anda mengajari saya cara menggambar hati?"
"rhombus","Rhombus","Belah ketupat"
"rhombus_2","This is rhombus shaped.","Ini berbentuk belah ketupat."
"rhombus_3","Can you teach me how to draw a rhombus?","Bisakah Anda mengajari saya cara menggambar belah ketupat?"
"ring","Ring","Cincin"
"ring_2","This is ring shaped.","Ini berbentuk cincin."
"ring_3","Can you teach me how to draw a ring?","Bisakah Anda mengajari saya cara menggambar cincin?"
"semicircle","Semicircle","Setengah lingkaran"
"semicircle_2","This is semicircle shaped.","Ini berbentuk setengah lingkaran."
"semicircle_3","Can you teach me how to draw a semicircle?","Bisakah Anda mengajari saya cara menggambar setengah lingkaran?"
"trapezoid","Trapezoid","Trapesium"
"trapezoid_2","This is trapezoid shaped.","Ini berbentuk trapesium."
"trapezoid_3","Can you teach me how to draw a trapezoid?","Bisakah Anda mengajari saya cara menggambar trapesium?"
"cube","Cube","kubus"
"cube_2","This is cube shaped.","Ini berbentuk kubus."
"cube_3","Can you teach me how to draw a cube?","Bisakah Anda mengajari saya cara menggambar kubus?"
"cylinder","Cylinder","Silinder"
"cylinder_2","This is cylinder shaped.","Ini berbentuk silinder."
"cylinder_3","Can you teach me how to draw a cylinder?","Bisakah Anda mengajari saya cara menggambar silinder?"