"activities","Activities","សកម្មភាព"
"walking","Walking","ដើរ"
"walking_2","I like walking","ខ្ញុំចូលចិត្តដើរ"
"walking_3","I don't like walking","ខ្ញុំមិនចូលចិត្តដើរទេ"
"walking_4","Do you want to walk together?","តើអ្នកចង់ដើរជាមួយគ្នាទេ?"
"running","Running","រត់"
"running_2","I like running.","ខ្ញុំចូលចិត្តរត់។"
"running_3","I don't like running.","ខ្ញុំមិនចូលចិត្តរត់ទេ។"
"running_4","Do you want to go running?","តើអ្នកចង់រត់ទេ?"
"talking","Talking","និយាយ"
"talking_2","I like talking.","ខ្ញុំចូលចិត្តនិយាយ។"
"talking_3","I don't like talking.","ខ្ញុំមិនចូលចិត្តនិយាយទេ។"
"talking_4","Do you want to talk with me?","តើអ្នកចង់និយាយជាមួយខ្ញុំទេ?"
"reading","Reading","ការអាន"
"reading_2","I like reading.","ខ្ញុំ​ចូលចិត្ត​ការ​អាន។"
"reading_3","I don't like reading.","ខ្ញុំមិនចូលចិត្តអានទេ។"
"reading_4","Do you want to read together?","តើអ្នកចង់អានជាមួយគ្នាទេ?"
"football","Football","បាល់ទាត់"
"football_2","I like playing football.","ខ្ញុំចូលចិត្តលេងបាល់ទាត់។"
"football_3","I don't like playing football.","ខ្ញុំមិនចូលចិត្តលេងបាល់ទាត់ទេ។"
"football_4","Do you want to play football?","តើអ្នកចង់លេងបាល់ទាត់ទេ?"
"basketball","Basketball","បាល់បោះ"
"basketball_2","I like playing basketball.","ខ្ញុំចូលចិត្តលេងបាល់បោះ។"
"basketball_3","I don't like playing basketball.","ខ្ញុំមិនចូលចិត្តលេងបាល់បោះទេ។"
"basketball_4","Do you want to play basketball?","តើអ្នកចង់លេងបាល់បោះទេ?"
"swimming","Swimming","ហែលទឹក"
"swimming_2","I like swimming.","ខ្ញុំចូលចិត្តហែលទឹក។"
"swimming_3","I don't like swimming.","ខ្ញុំមិនចូលចិត្តហែលទឹកទេ។"
"swimming_4","Do you want to go to swimming?","តើអ្នកចង់ទៅហែលទឹកទេ?"
"painting","Painting","គំនូរ"
"painting_2","I like painting.","ខ្ញុំចូលចិត្តគំនូរ។"
"painting_3","I don't like painting.","ខ្ញុំមិនចូលចិត្តគំនូរទេ។"
"painting_4","Do you want to paint together?","តើអ្នកចង់គូរជាមួយគ្នាទេ?"
"drawing","Drawing","គំនូរ"
"drawing_2","I like drawing.","ខ្ញុំចូលចិត្តគំនូរ។"
"drawing_3","I don't like drawing.","ខ្ញុំមិនចូលចិត្តគំនូរទេ។"
"drawing_4","Do you want to draw together?","តើអ្នកចង់គូរជាមួយគ្នាទេ?"
"cycling","Cycling","ជិះកង់"
"cycling_2","I like cycling.","ខ្ញុំចូលចិត្តជិះកង់។"
"cycling_3","I don't like cycling.","ខ្ញុំមិនចូលចិត្តជិះកង់ទេ។"
"cycling_4","Do you want to go cycling?","តើអ្នកចង់ជិះកង់ទេ?"
"skating","Skating","ជិះស្គី"
"skating_2","I like skating.","ខ្ញុំចូលចិត្តជិះស្គី។"
"skating_3","I don't like skating.","ខ្ញុំមិនចូលចិត្តជិះស្គីលើទឹកកកទេ។"
"skating_4","Do you want to go skating?","តើអ្នកចង់ជិះស្គីទេ?"
"sightseeing","Sightseeing","ទេសភាព"
"sightseeing_2","I like sightseeing.","ខ្ញុំចូលចិត្តការទស្សនា។"
"sightseeing_3","I don't like sightseeing.","ខ្ញុំមិនចូលចិត្តការទស្សនាទេ។"
"sightseeing_4","Do you want to go for sightseeing?","តើអ្នកចង់ទៅទស្សនាទេ?"
"video-games","Video games","វីដេអូ​ហ្គេម"
"video-games_2","I like playing video games.","ខ្ញុំចូលចិត្តលេងហ្គេមវីដេអូ។"
"video-games_3","I don't like playing video games.","ខ្ញុំមិនចូលចិត្តលេងហ្គេមវីដេអូទេ។"
"video-games_4","Do you want to play games?","តើអ្នកចង់លេងហ្គេមទេ?"
"tidying","Tidying","ការលាក់លៀម"
"tidying_2","I like tidying my room.","ខ្ញុំចូលចិត្តរៀបចំបន្ទប់របស់ខ្ញុំ។"
"tidying_3","I don't like tidying my room.","ខ្ញុំមិនចូលចិត្តរៀបចំបន្ទប់របស់ខ្ញុំទេ។"
"tidying_4","Can you help me tidy my room?","តើអ្នកអាចជួយខ្ញុំក្នុងបន្ទប់របស់ខ្ញុំបានទេ?"
"toys","Toys","ប្រដាប់ប្រដាក្មេងលេង"
"toys_2","I like toys.","ខ្ញុំចូលចិត្តប្រដាប់ប្រដាក្មេងលេង។"
"toys_3","I don't like toys.","ខ្ញុំមិនចូលចិត្តប្រដាប់ប្រដាក្មេងលេងទេ។"
"toys_4","Do you want to play with my toys?","តើអ្នកចង់លេងជាមួយប្រដាប់ប្រដាក្មេងលេងរបស់ខ្ញុំទេ?"
"puzzle","Puzzle","រូបផ្គុំ"
"puzzle_2","I like solving puzzle.","ខ្ញុំចូលចិត្តដោះស្រាយល្បែងផ្គុំរូប។"
"puzzle_3","I don't like solving puzzle.","ខ្ញុំមិនចូលចិត្តដោះស្រាយល្បែងផ្គុំរូបទេ។"
"puzzle_4","Do you want to solve puzzles with me?","តើអ្នកចង់ដោះស្រាយល្បែងផ្គុំរូបជាមួយខ្ញុំទេ?"
"comics","Comics","រឿងកំប្លែង"
"comics_2","I like reading comics.","ខ្ញុំចូលចិត្តអានរឿងកំប្លែង។"
"comics_3","I don't like reading comics.","ខ្ញុំមិនចូលចិត្តអានរឿងកំប្លែងទេ។"
"comics_4","Do you want to read comics?","តើអ្នកចង់អានរឿងកំប្លែងទេ?"
"chess","Chess","អុក"
"chess_2","I like playing chess.","ខ្ញុំចូលចិត្តលេងអុក។"
"chess_3","I don't like playing chess.","ខ្ញុំមិនចូលចិត្តលេងអុកទេ។"
"chess_4","Do you want to play chess with me?","តើអ្នកចង់លេងអុកជាមួយខ្ញុំទេ?"
"using-leeloo","Using Leeloo","ការប្រើប្រាស់ឡេលេអូ"
"using-leeloo_2","I like using leeloo.","ខ្ញុំចូលចិត្តប្រើឡេលេអូ។"
"using-leeloo_3","I don't like using leeloo.","ខ្ញុំមិនចូលចិត្តប្រើឡេលេអូទេ។"
"using-leeloo_4","Can you change card packs on leeloo?","តើអ្នកអាចផ្លាស់ប្តូរកញ្ចប់កាតនៅលើលេជែលបានទេ?"
"texting","Texting","ការផ្ញើសារ"
"texting_2","I like texting.","ខ្ញុំចូលចិត្តផ្ញើសារ។"
"texting_3","I don't like texting.","ខ្ញុំមិនចូលចិត្តការផ្ញើសារ។"
"knitting","Knitting","ប៉ាក់"
"knitting_2","I like knitting.","ខ្ញុំចូលចិត្តការប៉ាក់។"
"knitting_3","I don't like knitting.","ខ្ញុំមិនចូលចិត្តធ្វើប៉ាក់ទេ។"
"knitting_4","I want to learn how to knit.","ខ្ញុំចង់រៀនពីរបៀបដើម្បីប៉ាក់។"
"bowling","Bowling","ប៉ូ​លីង"
"bowling_2","I like bowling.","ខ្ញុំចូលចិត្តចាន។"
"bowling_3","I don't like bowling.","ខ្ញុំមិនចូលចិត្តប៊ូលីងទេ។"
"bowling_4","Do you want to play bowling with me?","តើអ្នកចង់លេងប៊ូលីងជាមួយខ្ញុំទេ?"
"watching-tv","Watching TV","មើល​ទូរ​ទ​ស្ស​ន៏"
"watching-tv_2","I like watching tv.","ខ្ញុំចូលចិត្តមើលទូរទស្សន៍។"
"watching-tv_3","I don't like watching tv.","ខ្ញុំមិនចូលចិត្តមើលទូរទស្សន៍ទេ។"
"watching-tv_4","Do you want to watch tv?","តើអ្នកចង់មើលទូរទស្សន៍ទេ?"
"fishing","Fishing","នេសាទ"
"fishing_2","I like fishing.","ខ្ញុំចូលចិត្តនេសាទ។"
"fishing_3","I don't like fishing.","ខ្ញុំមិនចូលចិត្តនេសាទទេ។"
"fishing_4","Do you want to go to fishing?","តើអ្នកចង់ទៅនេសាទទេ?"
"exercising","Exercising","លំហាត់"
"exercising_2","I like exercising.","ខ្ញុំចូលចិត្តធ្វើលំហាត់ប្រាណ។"
"exercising_3","I don't like exercising.","ខ្ញុំមិនចូលចិត្តធ្វើលំហាត់ប្រាណទេ។"
"exercising_4","Do you want to exercise with me?","តើអ្នកចង់ហាត់ប្រាណជាមួយខ្ញុំទេ?"
"tennis","Tennis","កីឡាវាយកូនបាល់"
"tennis_2","I like playing tennis.","ខ្ញុំចូលចិត្តលេងកីឡាវាយកូនបាល់។"
"tennis_3","I don't like playing tennis.","ខ្ញុំមិនចូលចិត្តលេងកីឡាវាយកូនបាល់ទេ។"
"tennis_4","Do you want to play tennis with me?","តើអ្នកចង់លេងកីឡាវាយកូនបាល់ជាមួយខ្ញុំទេ?"
"animals","Animals","សត្វ"
"cat","Cat","ឆ្មា"
"cat_2","I like cats.","ខ្ញុំ​ចូលចិត្ត​សត្វ​ឆ្មា។"
"cat_3","I saw a cat.","ខ្ញុំបានឃើញឆ្មាមួយ។"
"cat_4","What noise does a cat make?","តើឆ្មាបង្កើតសម្លេងអ្វី?"
"cat_5","Can we get a cat as pet?","តើយើងអាចយកឆ្មាធ្វើជាសត្វចិញ្ចឹមបានទេ?"
"dog","Dog","ឆ្កែ"
"dog_2","I like dog.","ខ្ញុំចូលចិត្តឆ្កែ។"
"dog_3","I saw a dog.","ខ្ញុំបានឃើញឆ្កែមួយក្បាល។"
"dog_4","What noise does a dog make?","តើឆ្កែធ្វើឱ្យសម្លេងអ្វី?"
"dog_5","Can we get a dog as pet?","តើយើងអាចយកឆ្កែធ្វើជាសត្វចិញ្ចឹមបានទេ?"
"fish","Fish","ត្រី"
"fish_2","I like fish.","ខ្ញុំចូលចិត្តត្រី។"
"fish_3","I saw a fish.","ខ្ញុំបានឃើញត្រីមួយ។"
"fish_4","What noise does a fish make?","តើត្រីបង្កើតសំលេងអ្វី?"
"fish_5","Can we get a fish as pet?","តើយើងអាចយកត្រីធ្វើជាសត្វចិញ្ចឹមបានទេ?"
"rabbit","Rabbit","ទន្សាយ"
"rabbit_2","I like rabbits.","ខ្ញុំចូលចិត្តទន្សាយ។"
"rabbit_3","I saw a rabbit.","ខ្ញុំបានឃើញទន្សាយមួយ។"
"rabbit_4","What noise does a rabbit make?","តើទន្សាយបង្កើតសម្លេងអ្វី?"
"rabbit_5","Can we get a rabbit as pet?","តើយើងអាចទទួលបានទន្សាយជាសត្វចិញ្ចឹមបានទេ?"
"butterfly","Butterfly","មេអំបៅ"
"butterfly_2","I like butterflies.","ខ្ញុំចូលចិត្តមេអំបៅ។"
"butterfly_3","I saw a butterfly.","ខ្ញុំបានឃើញមេអំបៅមួយ។"
"butterfly_4","What noise does a butterfly make?","តើមេអំបៅបង្កើតសម្លេងអ្វី?"
"kangaroo","Kangaroo","កង់ហ្គូរូ"
"kangaroo_2","I like kangaroos.","ខ្ញុំចូលចិត្តសត្វកាង។"
"kangaroo_3","I saw a kangaroo.","ខ្ញុំបានឃើញសត្វកង់ហ្គូរូ។"
"kangaroo_4","What noise does a kangaroo make?","តើសត្វកង់ហ្គូរូធ្វើឱ្យសម្លេងអ្វី?"
"turtle","Turtle","អណ្តើក"
"turtle_2","I like turtles.","ខ្ញុំចូលចិត្តអណ្តើក។"
"turtle_3","I saw a turtle.","ខ្ញុំបានឃើញអណ្តើកមួយ។"
"turtle_4","What noise does a turtle make?","តើអណ្តើកបង្កសំលេងអ្វី?"
"giraffe","Giraffe","ហ្គីរ៉ាហ្វ"
"giraffe_2","I like giraffes.","ខ្ញុំចូលចិត្តសត្វហ្សីរ៉ាហ្វ។"
"giraffe_3","I saw a giraffe.","ខ្ញុំបានឃើញសត្វហ្សីរ៉ាហ្វមួយក្បាល។"
"giraffe_4","What noise does a giraffe make?","តើសត្វចចកធ្វើឱ្យសម្លេងអ្វី?"
"frog","Frog","កង្កែប"
"frog_2","I like frogs.","ខ្ញុំចូលចិត្តកង្កែប។"
"frog_3","I saw a frog.","ខ្ញុំបានឃើញកង្កែបមួយ។"
"frog_4","What noise does a frog make?","តើកង្កែបបន្លឺសំលេងអ្វី?"
"swan","Swan","Swan"
"swan_2","I like swans.","ខ្ញុំចូលចិត្តហែលទឹក។"
"swan_3","I saw a swan.","ខ្ញុំបានឃើញសត្វស្វាមួយក្បាល។"
"swan_4","What noise does a swan make?","តើ Swan បង្កើតសំលេងអ្វី?"
"spider","Spider","សត្វពីងពាង"
"spider_2","I like spiders.","ខ្ញុំចូលចិត្តសត្វពីងពាង។"
"spider_3","I saw a spider.","ខ្ញុំបានឃើញសត្វពីងពាង។"
"spider_4","What noise does a spider make?","តើសត្វពីងពាងបង្កសំលេងអ្វី?"
"cow","Cow","គោ"
"cow_2","I like cows.","ខ្ញុំចូលចិត្តសត្វគោ។"
"cow_3","I saw a cow.","ខ្ញុំបានឃើញគោមួយក្បាល។"
"cow_4","What noise does a cow make?","តើគោបង្កើតសម្លេងអ្វី?"
"duck","Duck","ទា"
"duck_2","I like ducks.","ខ្ញុំចូលចិត្តទា។"
"duck_3","I saw a duck.","ខ្ញុំបានឃើញទាមួយ។"
"duck_4","What noise does a duck make?","តើទាធ្វើឱ្យសម្លេងអ្វី?"
"horse","Horse","សេះ"
"horse_2","I like horses.","ខ្ញុំចូលចិត្តសេះ។"
"horse_3","I saw a horse.","ខ្ញុំបានឃើញសេះមួយ។"
"horse_4","What noise does a horse make?","តើសេះបង្កសម្លេងអ្វី?"
"chicken","Chicken","សាច់​មាន់"
"chicken_2","I like chickens.","ខ្ញុំចូលចិត្តសត្វមាន់។"
"chicken_3","I saw a chicken.","ខ្ញុំបានឃើញមាន់មួយ។"
"chicken_4","What noise does a chicken make?","តើមាន់ធ្វើឱ្យសម្លេងអ្វី?"
"bee","Bee","សត្វឃ្មុំ"
"bee_2","I like bees.","ខ្ញុំចូលចិត្តឃ្មុំ។"
"bee_3","I saw a bee.","ខ្ញុំបានឃើញឃ្មុំមួយ។"
"bee_4","What noise does a bee make?","តើសត្វឃ្មុំបន្លឺសំលេងអ្វី?"
"pig","Pig","ជ្រូក"
"pig_2","I like pigs.","ខ្ញុំចូលចិត្តសត្វជ្រូក។"
"pig_3","I saw a pig.","ខ្ញុំបានឃើញជ្រូកមួយ។"
"pig_4","What noise does a pig make?","តើសត្វជ្រូកបង្កសំលេងអ្វី?"
"dove","Dove","ព្រាប"
"dove_2","I like doves.","ខ្ញុំចូលចិត្តសត្វព្រាប។"
"dove_3","I saw a dove.","ខ្ញុំបានឃើញសត្វព្រាប។"
"dove_4","What noise does a dove make?","តើសត្វព្រាបបង្កើតសំលេងអ្វី?"
"crab","Crab","ក្តាម"
"crab_2","I like crabs.","ខ្ញុំចូលចិត្តក្តាម។"
"crab_3","I saw a crab.","ខ្ញុំបានឃើញក្តាមមួយ។"
"crab_4","What noise does a crab make?","តើសត្វក្តាមបង្កើតសំលេងអ្វី?"
"penguin","Penguin","ភេនឃ្វីន"
"penguin_2","I like penguins.","ខ្ញុំចូលចិត្តសត្វភេនឃ្វីន។"
"penguin_3","I saw a penguin.","ខ្ញុំបានឃើញសត្វភេនឃ្វីន។"
"penguin_4","What noise does a penguin make?","តើសត្វភេនឃ្វីនបញ្ចេញសំលេងអ្វី?"
"elephant","Elephant","ដំរី"
"elephant_2","I like elephants.","ខ្ញុំចូលចិត្តសត្វដំរី។"
"elephant_3","I saw an elephant.","ខ្ញុំបានឃើញដំរីមួយ។"
"elephant_4","What noise does an elephant make?","តើសត្វដំរីបញ្ចេញសំលេងអ្វី?"
"zebra","Zebra","សេះបង្កង់"
"zebra_2","I like zebras.","ខ្ញុំចូលចិត្តសេះបង្កង់។"
"zebra_3","I saw a zebra.","ខ្ញុំបានឃើញសេះបង្កង់មួយ។"
"zebra_4","What noise does a zebra make?","តើសេហបង្ករបង្កសំលេងអ្វី?"
"panda","Panda","ផេនដា"
"panda_2","I like pandas.","ខ្ញុំចូលចិត្តខ្លាឃ្មុំផេនដា។"
"panda_3","I saw a panda.","ខ្ញុំបានឃើញខ្លាឃ្មុំផេនដា។"
"panda_4","What noise does a panda make?","តើខ្លាឃ្មុំផេនដាបង្កើតសំលេងអ្វី?"
"monkey","Monkey","ស្វា"
"monkey_2","I like monkeys.","ខ្ញុំចូលចិត្តសត្វស្វា។"
"monkey_3","I saw a monkey.","ខ្ញុំបានឃើញសត្វស្វាមួយក្បាល។"
"monkey_4","What noise does a monkey make?","តើស្វាបន្លឺសំលេងអ្វី?"
"camel","Camel","អូដ្ឋ"
"camel_2","I like camels.","ខ្ញុំចូលចិត្តសត្វអូដ្ឋ។"
"camel_3","I saw a camel.","ខ្ញុំបានឃើញសត្វអូដ្ឋមួយ។"
"camel_4","What noise does a camel make?","តើសត្វអូដ្ឋបង្កើតសំលេងអ្វី?"
"mouse","Mouse","កណ្តុរ"
"mouse_2","I like mice.","ខ្ញុំចូលចិត្តសត្វកណ្តុរ។"
"mouse_3","I saw a mouse.","ខ្ញុំបានឃើញកណ្តុរមួយ។"
"mouse_4","What noise does a mouse make?","តើកណ្តុរបង្កើតសម្លេងអ្វី?"
"tiger","Tiger","ខ្លា"
"tiger_2","I like tigers.","ខ្ញុំចូលចិត្តសត្វខ្លា។"
"tiger_3","I saw a tiger.","ខ្ញុំបានឃើញខ្លាមួយ។"
"tiger_4","What noise does a tiger make?","តើសត្វខ្លាបញ្ចេញសម្លេងអ្វី?"
"jellyfish","Jellyfish","ចាហួយសមុទ្រ"
"jellyfish_2","I like jellyfishes.","ខ្ញុំចូលចិត្តចាហួយ។"
"jellyfish_3","I saw a jellyfish.","ខ្ញុំបានឃើញចាហួយមួយ។"
"jellyfish_4","What noise does a jellyfish make?","តើចាហួយសមុទ្រធ្វើឱ្យសម្លេងអ្វី?"
"crocodile","Crocodile","ក្រពើ"
"crocodile_2","I like crocodiles.","ខ្ញុំចូលចិត្តសត្វក្រពើ។"
"crocodile_3","I saw a crocodile.","ខ្ញុំបានឃើញក្រពើមួយក្បាល។"
"crocodile_4","What noise does a crocodile make?","តើសត្វក្រពើបញ្ចេញសំលេងអ្វី?"
"koala","Koala","កូឡា"
"koala_2","I like koalas.","ខ្ញុំចូលចិត្ត koalas ។"
"koala_3","I saw a koala.","ខ្ញុំបានឃើញកូឡាមួយ។"
"koala_4","What noise does a koala make?","តើកូឡាបង្កើតសំលេងអ្វី?"
"ostrich","Ostrich","អូប្រិច"
"ostrich_2","I like ostriches.","ខ្ញុំចូលចិត្តសម្បកក្រូច។"
"ostrich_3","I saw an ostrich.","ខ្ញុំបានឃើញសត្វអូក។"
"ostrich_4","What noise does an ostrich make?","តើសត្វអូកធ្វើសំលេងអ្វី?"
"racoon","Racoon","រ៉ូគូន"
"racoon_2","I like racoons.","ខ្ញុំចូលចិត្តក្បូន។"
"racoon_3","I saw a racoon.","ខ្ញុំបានឃើញក្បូនមួយ។"
"racoon_4","What noise does a racoon make?","តើកូស្វ័របង្កសំលេងអ្វី?"
"bat","Bat","បាត"
"bat_2","I like bats.","ខ្ញុំចូលចិត្តសត្វប្រចៀវ។"
"bat_3","I saw a bat.","ខ្ញុំបានឃើញសត្វប្រចៀវ។"
"bat_4","What noise does a bat make?","តើសត្វប្រចៀវបង្កើតសំលេងអ្វី?"
"eagle","Eagle","ឥន្ទ្រី"
"eagle_2","I like eagles.","ខ្ញុំចូលចិត្តឥន្ទ្រី។"
"eagle_3","I saw an eagle.","ខ្ញុំបានឃើញឥន្ទ្រីមួយ។"
"eagle_4","What noise does an eagle make?","តើឥន្ទ្រីបញ្ចេញសំលេងអ្វី?"
"hippopotamus","Hippopotamus","ហ៊ីបប៉ូផូមូស"
"hippopotamus_2","I like hippopotamus.","ខ្ញុំចូលចិត្តសត្វត្រគាក។"
"hippopotamus_3","I saw a hippopotamus.","ខ្ញុំបានឃើញសត្វអណ្តើកមួយក្បាល។"
"hippopotamus_4","What noise does a hippopotamus make?","តើសត្វត្រគាកបង្កើតសម្លេងអ្វី?"
"seal","Seal","ត្រា"
"seal_2","I like seals.","ខ្ញុំចូលចិត្តការផ្សាភ្ជាប់។"
"seal_3","I saw a seal.","ខ្ញុំបានឃើញត្រា។"
"seal_4","What noise does a seal make?","តើត្រាបង្កើតសំលេងអ្វី?"
"walrus","Walrus","Walrus"
"walrus_2","I like walruses.","ខ្ញុំចូលចិត្តវ៉ែនតា។"
"walrus_3","I saw a walrus.","ខ្ញុំបានឃើញវ៉ាល់ណាត់។"
"walrus_4","What noise does a walrus make?","តើ Walnut បង្កើតសំលេងអ្វី?"
"seahorse","Seahorse","ស៊ីហ័រ"
"seahorse_2","I like seahorses.","ខ្ញុំចូលចិត្តសត្វសមុទ្រ។"
"seahorse_3","I saw a seahorse.","ខ្ញុំបានឃើញទឹកសមុទ្រ។"
"seahorse_4","What noise does a seahorse make?","តើសូរសំលេងរំខានអ្វីខ្លះ?"
"bull","Bull","គោ"
"bull_2","I like bulls.","ខ្ញុំចូលចិត្តគោ។"
"bull_3","I saw a bull.","ខ្ញុំបានឃើញគោមួយក្បាល។"
"bull_4","What noise does a bull make?","តើគោបង្កើតសម្លេងអ្វី?"
"pelican","Pelican","សត្វស្លាប"
"pelican_2","I like pelicans.","ខ្ញុំចូលចិត្តសត្វបក្សី។"
"pelican_3","I saw a pelican.","ខ្ញុំបានឃើញសត្វលលកមួយ។"
"pelican_4","What noise does a pelican make?","តើសត្វខ្លារខិនបញ្ចេញសំលេងអ្វី?"
"beaver","Beaver","Beaver"
"beaver_2","I like beavers.","ខ្ញុំចូលចិត្តអ្នកតាក់ស៊ី។"
"beaver_3","I saw a beaver.","ខ្ញុំបានឃើញសត្វតោ។"
"beaver_4","What noise does a beaver make?","តើអ្វីទៅជាសម្លេងរំខានដែលធ្វើឱ្យសត្វត្មាត?"
"goldfish","Goldfish","ត្រីមាស"
"goldfish_2","I like goldfishes.","ខ្ញុំចូលចិត្តមាស។"
"goldfish_3","I saw a goldfish.","ខ្ញុំបានឃើញត្រីមាស។"
"goldfish_4","What noise does a goldfish make?","តើត្រីមាសបង្កើតសំលេងអ្វី?"
"goldfish_5","Can we get a goldfish as pet?","តើយើងអាចយកត្រីមាសធ្វើជាសត្វចិញ្ចឹមបានទេ?"
"rhinoceros","Rhinoceros","រមាស"
"rhinoceros_2","I like rhinoceros.","ខ្ញុំចូលចិត្តសត្វរមាស។"
"rhinoceros_3","I saw a rhinoceros.","ខ្ញុំបានឃើញសត្វរមាសមួយក្បាល។"
"rhinoceros_4","What noise does a rhinoceros make?","តើសត្វរមាសបង្កើតសំលេងអ្វី?"
"snake","Snake","ពស់"
"snake_2","I like snakes.","ខ្ញុំចូលចិត្តពស់។"
"snake_3","I saw a snake.","ខ្ញុំបានឃើញពស់។"
"snake_4","What noise does a snake make?","តើសត្វពស់បង្កើតសម្លេងអ្វី?"
"lion","Lion","តោ"
"lion_2","I like lions.","ខ្ញុំចូលចិត្តសត្វតោ។"
"lion_3","I saw a lion.","ខ្ញុំបានឃើញសត្វតោ។"
"lion_4","What noise does a lion make?","តើសត្វតោបញ្ចេញសំលេងអ្វី?"
"squid","Squid","មឹក"
"squid_2","I like squids.","ខ្ញុំចូលចិត្ត squids ។"
"squid_3","I saw a squid.","ខ្ញុំបានឃើញសត្វមឹក។"
"squid_4","What noise does a squid make?","តើសត្វមឹកបង្កសំលេងអ្វី?"
"whale","Whale","ត្រីបាឡែន"
"whale_2","I like whales.","ខ្ញុំចូលចិត្តត្រីបាឡែន។"
"whale_3","I saw a whale.","ខ្ញុំបានឃើញត្រីបាឡែន។"
"whale_4","What noise does a whale make?","តើត្រីបាឡែនបង្កើតសម្លេងអ្វី?"
"beetle","Beetle","មើមឆៃថាវ"
"beetle_2","I like beetles.","ខ្ញុំចូលចិត្តសត្វល្អិត។"
"beetle_3","I saw a beetle.","ខ្ញុំបានឃើញសត្វរុយមួយ។"
"beetle_4","What noise does a beetle make?","តើពពួកសត្វរុយធ្វើសំលេងអ្វី?"
"dolphin","Dolphin","ផ្សោត"
"dolphin_2","I like dolphins.","ខ្ញុំចូលចិត្តផ្សោត។"
"dolphin_3","I saw a dolphin.","ខ្ញុំបានឃើញផ្សោតមួយ។"
"dolphin_4","What noise does a dolphin make?","តើត្រីដូហ្វីនបញ្ចេញសំលេងអ្វី?"
"starfish","Starfish","ត្រីសមុទ្រ"
"starfish_2","I like starfishes.","ខ្ញុំចូលចិត្តបង្អែម។"
"starfish_3","I saw a starfish.","ខ្ញុំបានឃើញត្រីផ្កាយមួយ។"
"starfish_4","What noise does a starfish make?","តើត្រីផ្កាយមួយបញ្ចេញសំលេងអ្វី?"
"parakeet","Parakeet","ផាកឃឺត"
"parakeet_2","I like parakeets.","ខ្ញុំចូលចិត្តកប៉ាល់។"
"parakeet_3","I saw a parakeet.","ខ្ញុំបានឃើញប៉ារ៉ាសិតមួយ។"
"parakeet_4","What noise does a parakeet make?","តើប៉ារ៉ាសេតបង្កើតសំលេងអ្វី?"
"owl","Owl","សត្វទីទុយ"
"owl_2","I like owls.","ខ្ញុំចូលចិត្តសត្វទីទុយ។"
"owl_3","I saw an owl.","ខ្ញុំបានឃើញសត្វទីទុយមួយ។"
"owl_4","What noise does an owl make?","តើសត្វទីទុយបង្កើតសំលេងអ្វី?"
"sheep","Sheep","ចៀម"
"sheep_2","I like sheeps.","ខ្ញុំចូលចិត្តសត្វចៀម។"
"sheep_3","I saw a sheep.","ខ្ញុំបានឃើញចៀមមួយ។"
"sheep_4","What noise does a sheep make?","តើចៀមធ្វើឱ្យសម្លេងអ្វី?"
"clothes","Clothes","សម្លៀកបំពាក់"
"pants","Pants","ខោ"
"pants_2","My pants are dirty.","ខោរបស់ខ្ញុំកខ្វក់។"
"pants_3","Can you help me wear my pants?","តើអ្នកអាចជួយខ្ញុំស្លៀកខោរបស់ខ្ញុំបានទេ?"
"shirt","Shirt","អាវ"
"shirt_2","My shirt is dirty.","អាវរបស់ខ្ញុំកខ្វក់។"
"shirt_3","Can you help me wear my shirt?","តើអ្នកអាចជួយខ្ញុំពាក់អាវរបស់ខ្ញុំបានទេ?"
"skirt","Skirt","សំពត់"
"skirt_2","My skirt is dirty.","សំពត់របស់ខ្ញុំកខ្វក់។"
"skirt_3","Can you help me wear my skirt?","តើអ្នកអាចជួយឱ្យខ្ញុំស្លៀកសំពត់របស់ខ្ញុំបានទេ?"
"panty","Panty","Panty"
"panty_2","My underwear is dirty.","ខោរបស់ខ្ញុំគឺកខ្វក់។"
"panty_3","Can you help me wear my panty?","តើអ្នកអាចជួយឱ្យខ្ញុំស្លៀកខោទ្រនាប់របស់ខ្ញុំបានទេ?"
"jacket","Jacket","អាវ"
"jacket_2","My jacket is dirty.","អាវរបស់ខ្ញុំកខ្វក់។"
"jacket_3","Can you help me wear my jacket?","តើអ្នកអាចជួយខ្ញុំពាក់អាវរបស់ខ្ញុំបានទេ?"
"tie","Tie","ចង"
"tie_2","I like wearing tie.","ខ្ញុំចូលចិត្តពាក់ក្រវ៉ាត់។"
"tie_3","Can you help me tie my tie?","តើអ្នកអាចជួយខ្ញុំចងខ្សែរបស់ខ្ញុំបានទេ?"
"baseball-cap","Baseball cap","មួកបេស្បល"
"baseball-cap_2","I like wearing baseball cap.","ខ្ញុំចូលចិត្តពាក់មួកបេស្បល។"
"baseball-cap_3","Which baseball cap should I wear?","តើមួកកីឡាបេស្បលមួយណាដែលខ្ញុំគួរពាក់?"
"dress","Dress","ស្លៀកពាក់"
"dress_2","My dress is dirty.","សម្លៀកបំពាក់របស់ខ្ញុំគឺកខ្វក់។"
"dress_3","Can you help me wear my dress?","តើអ្នកអាចជួយខ្ញុំស្លៀកពាក់របស់ខ្ញុំបានទេ?"
"shoes","Shoes","ស្បែកជើង"
"shoes_2","My shoes are dirty.","ស្បែកជើងរបស់ខ្ញុំកខ្វក់។"
"shoes_3","Can you help me wear my shoes?","តើអ្នកអាចជួយខ្ញុំពាក់ស្បែកជើងបានទេ?"
"boots","Boots","ស្បែកជើងកវែង"
"boots_2","My boots are dirty.","ស្បែកជើងកវែងរបស់ខ្ញុំកខ្វក់។"
"boots_3","Can you help me wear my boots?","តើអ្នកអាចជួយខ្ញុំពាក់ស្បែកជើងកវែងបានទេ?"
"sneakers","Sneakers","ស្បែកជើងប៉ាតា"
"sneakers_2","I want to wear my sneakers.","ខ្ញុំចង់ពាក់ស្បែកជើងប៉ាតារបស់ខ្ញុំ។"
"sneakers_3","Can you help me wear my sneakers?","តើអ្នកអាចជួយខ្ញុំឱ្យពាក់ស្បែកជើងប៉ាតារបស់ខ្ញុំបានទេ?"
"slippers","Slippers","ស្បែកជើង"
"slippers_2","I want to wear my slippers.","ខ្ញុំចង់ពាក់ស្បែកជើងរបស់ខ្ញុំ។"
"slippers_3","Can you help me wear my slippers?","តើអ្នកអាចជួយខ្ញុំពាក់ស្បែកជើងរបស់ខ្ញុំបានទេ?"
"belt","Belt","ខ្សែក្រវ៉ាត់"
"belt_2","I like wearing belt.","ខ្ញុំចូលចិត្តពាក់ខ្សែក្រវ៉ាត់។"
"belt_3","Can you help me wear my belt?","តើអ្នកអាចជួយឱ្យខ្ញុំពាក់ខ្សែក្រវ៉ាត់បានទេ?"
"socks","Socks","ស្រោមជើង"
"socks_2","My socks are dirty.","ស្រោមជើងរបស់ខ្ញុំកខ្វក់។"
"socks_3","Can you help me wear my socks?","តើអ្នកអាចជួយខ្ញុំពាក់ស្រោមជើងបានទេ?"
"swimsuit","Swimsuit","ឈុត​ហែលទឹក"
"swimsuit_2","I want to wear my swimsuit.","ខ្ញុំចង់ស្លៀកឈុតហែលទឹករបស់ខ្ញុំ។"
"swimsuit_3","Can you help me wear my swimsuit?","តើអ្នកអាចជួយឱ្យខ្ញុំស្លៀកឈុតហែលទឹករបស់ខ្ញុំបានទេ?"
"sweater","Sweater","អាវយឺត"
"sweater_2","My sweater is dirty.","អាវយឺតរបស់ខ្ញុំកខ្វក់។"
"sweater_3","Can you help me wear my sweater?","តើអ្នកអាចជួយឱ្យខ្ញុំពាក់អាវយឺតរបស់ខ្ញុំបានទេ?"
"scarf","Scarf","ក្រម៉ា"
"scarf_2","I like wearing scarf.","ខ្ញុំចូលចិត្តពាក់ក្រម៉ា។"
"scarf_3","Can you help me wear my scarf?","តើអ្នកអាចជួយខ្ញុំពាក់ក្រម៉ាបានទេ?"
"denim-shorts","Denim shorts","ខោខ្លី Denim"
"denim-shorts_2","My denim shorts are dirty.","ខោខូវប៊យខ្លីរបស់ខ្ញុំគឺកខ្វក់។"
"denim-shorts_3","Can you help me wear my denim shorts?","តើអ្នកអាចជួយខ្ញុំស្លៀកខោខ្លីរបស់ខ្ញុំបានទេ?"
"hoodies","Hoodies","ក្រណាត់"
"hoodies_2","I like wearing hoodies.","ខ្ញុំចូលចិត្តស្លៀកសម្លៀកបំពាក់។"
"hoodies_3","Can you help me wear my hoodie?","តើអ្នកអាចជួយខ្ញុំឱ្យពាក់អាវរបស់ខ្ញុំបានទេ?"
"swimming-shorts","Swimming shorts","ហែលទឹកខ្លី"
"swimming-shorts_2","My swimming shorts are dirty.","ខោហែលទឹករបស់ខ្ញុំកខ្វក់ណាស់។"
"swimming-shorts_3","Can you help me wear my swimming shorts?","តើអ្នកអាចជួយខ្ញុំស្លៀកខោខ្លីហែលទឹករបស់ខ្ញុំបានទេ?"
"bow-tie","Bow tie","ក្រវ៉ាត់"
"bow-tie_2","I like wearing bow tie.","ខ្ញុំចូលចិត្តពាក់ក្រវ៉ាត់។"
"bow-tie_3","Can you help me wear my bow tie?","តើអ្នកអាចជួយឱ្យខ្ញុំពាក់ក្រវ៉ាត់របស់ខ្ញុំទេ?"
"leather-jacket","Leather jacket","អាវ​ស្បែក"
"leather-jacket_2","I like wearing leather jacket.","ខ្ញុំចូលចិត្តពាក់អាវស្បែក។"
"leather-jacket_3","Can you help me wear my leather jacket?","តើអ្នកអាចជួយខ្ញុំពាក់អាវស្បែករបស់ខ្ញុំបានទេ?"
"bathrobe","Bathrobe","កន្សែងពោះគោ"
"bathrobe_2","I like wearing bathrobe.","ខ្ញុំចូលចិត្តពាក់អាវងូតទឹក។"
"bathrobe_3","Can you help me wear my bathrobe?","តើអ្នកអាចជួយខ្ញុំឱ្យពាក់អាវងូតទឹករបស់ខ្ញុំបានទេ?"
"jumpsuit","Jumpsuit","Jumpsuit"
"jumpsuit_2","I like wearing jumpsuit.","ខ្ញុំចូលចិត្តស្លៀកខោខ្លី។"
"jumpsuit_3","Can you help me wear my jumpsuit?","តើអ្នកអាចជួយឱ្យខ្ញុំស្លៀកឈុតលោតរបស់ខ្ញុំបានទេ?"
"fedora-hat","Fedora hat","មួករបស់ Fedora"
"fedora-hat_2","I like wearing fedora hat.","ខ្ញុំចូលចិត្តពាក់មួកចូដូ។"
"fedora-hat_3","Can you help me wear my fedora hat?","តើអ្នកអាចជួយខ្ញុំឱ្យពាក់មួកចុកដូរបស់ខ្ញុំបានទេ?"
"t-shirt","T-shirt","អាវយឺត"
"t-shirt_2","I like wearing t-shirt.","ខ្ញុំចូលចិត្តពាក់អាវយឺត។"
"t-shirt_3","Can you help me wear my t-shirt?","តើអ្នកអាចជួយខ្ញុំពាក់អាវយឺតរបស់ខ្ញុំបានទេ?"
"sleeveless","Sleeveless","ដៃអាវ"
"sleeveless_2","I like wearing sleeveless.","ខ្ញុំចូលចិត្តស្លៀកខោអាវ។"
"sleeveless_3","Can you help me wear my sleeveless?","តើអ្នកអាចជួយខ្ញុំឱ្យពាក់អាវរបស់ខ្ញុំបានទេ?"
"boxers","Boxers","អ្នកប្រដាល់"
"boxers_2","I like wearing boxers.","ខ្ញុំចូលចិត្តពាក់អ្នកប្រដាល់។"
"boxers_3","Can you help me wear my boxers?","តើអ្នកអាចជួយឱ្យខ្ញុំពាក់អ្នកប្រដាល់របស់ខ្ញុំបានទេ?"
"vest","Vest","អាវផាយ"
"vest_2","I like wearing vest.","ខ្ញុំចូលចិត្តពាក់អាវកាក់។"
"vest_3","Can you help me wear my vest?","តើអ្នកអាចជួយខ្ញុំពាក់អាវកាក់បានទេ?"
"pamela-hat","Pamela hat","មួក Pamela"
"pamela-hat_2","I like wearing pamela hat.","ខ្ញុំចូលចិត្តពាក់មួក pamela ។"
"pamela-hat_3","Can you help me wear my pamela hat?","តើអ្នកអាចជួយខ្ញុំពាក់មួក pamela របស់ខ្ញុំបានទេ?"
"high-heels","High heels","ស្បែកជើង​កែង"
"high-heels_2","I like wearing high heels.","ខ្ញុំចូលចិត្តពាក់ស្បែកជើងកែងខ្ពស់។"
"high-heels_3","Can you help me wear my high heels?","តើអ្នកអាចជួយឱ្យខ្ញុំពាក់ស្បែកជើងកែងខ្ពស់របស់ខ្ញុំបានទេ?"
"overalls","Overalls","សរុប"
"overalls_2","I like wearing overalls.","ខ្ញុំចូលចិត្តស្លៀកសម្លៀកបំពាក់រួម។"
"overalls_3","Can you help me wear my overalls?","តើអ្នកអាចជួយឱ្យខ្ញុំស្លៀកពាក់ជារួមបានទេ?"
"kimono","Kimono","គីម៉ូណូ"
"kimono_2","I like wearing kimono.","ខ្ញុំចូលចិត្តស្លៀកសំលៀកបំពាក់គីម៉ូណូ។"
"kimono_3","Can you help me wear my kimono?","តើអ្នកអាចជួយខ្ញុំស្លៀកគីម៉ូណូបានទេ?"
"raincoat","Raincoat","អាវភ្លៀង"
"raincoat_2","I like wearing raincoat.","ខ្ញុំចូលចិត្តពាក់អាវភ្លៀង។"
"raincoat_3","Can you help me wear my raincoat?","តើអ្នកអាចជួយខ្ញុំពាក់អាវភ្លៀងរបស់ខ្ញុំបានទេ?"
"bandana","Bandana","Bandana"
"bandana_2","I like wearing bandana.","ខ្ញុំចូលចិត្តពាក់ bandana ។"
"bandana_3","Can you help me wear my bandana?","តើអ្នកអាចជួយឱ្យខ្ញុំពាក់ bandana របស់ខ្ញុំបានទេ?"
"beret","Beret","បេរេ"
"beret_2","I like wearing beret.","ខ្ញុំចូលចិត្តស្លៀកខោ។"
"beret_3","Can you help me wear my beret?","តើអ្នកអាចជួយខ្ញុំឱ្យពាក់ពុកមាត់របស់ខ្ញុំបានទេ?"
"knit-hat","Knit hat","មួកប៉ាក់"
"knit-hat_2","I like wearing knit hat.","ខ្ញុំចូលចិត្តពាក់មួកប៉ាក់។"
"knit-hat_3","Can you help me wear my knit hat?","តើអ្នកអាចជួយខ្ញុំពាក់មួកប៉ាក់របស់ខ្ញុំបានទេ?"
"suspenders","Suspenders","អ្នកផ្អាក"
"suspenders_2","I like wearing suspenders.","ខ្ញុំចូលចិត្តស្លៀកខោខូវប៊យ។"
"suspenders_3","Can you help me wear my suspenders?","តើអ្នកអាចជួយឱ្យខ្ញុំពាក់ឧបករណ៍ព្យួររបស់ខ្ញុំបានទេ?"
"mitten","Mitten","ម៉ែត"
"mitten_2","I like wearing mitten.","ខ្ញុំចូលចិត្តពាក់មី។"
"mitten_3","Can you help me wear my mitten?","តើអ្នកអាចជួយខ្ញុំពាក់មីរបស់ខ្ញុំបានទេ?"
"suit","Suit","ឈុត"
"suit_2","I like wearing suit.","ខ្ញុំចូលចិត្តស្លៀកឈុត។"
"suit_3","Can you help me wear my suit?","តើអ្នកអាចជួយឱ្យខ្ញុំស្លៀកឈុតរបស់ខ្ញុំបានទេ?"
"coat","Coat","ថ្នាំកូត"
"coat_2","I like wearing coat.","ខ្ញុំចូលចិត្តពាក់អាវ។"
"coat_3","Can you help me wear my coat?","តើអ្នកអាចជួយខ្ញុំពាក់អាវរបស់ខ្ញុំបានទេ?"
"trench-coat","Trench coat","ថ្នាំកូត Trench"
"trench-coat_2","I like wearing trench coat.","ខ្ញុំចូលចិត្តពាក់អាវធំ។"
"trench-coat_3","Can you help me wear my trench coat?","តើអ្នកអាចជួយឱ្យខ្ញុំពាក់អាវធំរបស់ខ្ញុំបានទេ?"
"colors","Colors","ពណ៌"
"crayons","Crayons","ក្រវែល"
"crayons_2","I like crayons.","ខ្ញុំចូលចិត្តក្រញាំ។"
"crayons_3","Can you give me crayons?","តើអ្នកអាចផ្តល់ឱ្យខ្ញុំនូវក្រញាំទេ?"
"crayons_4","I want to draw using my crayons.","ខ្ញុំចង់គូរដោយប្រើក្រញាំរបស់ខ្ញុំ។"
"red","Red","ក្រហម"
"red_2","It is red.","វាមានពណ៌ក្រហម។"
"red_3","My favorite color is red.","ពណ៌ដែលខ្ញុំចូលចិត្តជាងគេគឺពណ៌ក្រហម។"
"red_4","Can you give me red paint?","តើអ្នកអាចផ្តល់ឱ្យខ្ញុំនូវថ្នាំលាបក្រហមទេ?"
"blue","Blue","ខៀវ"
"blue_2","It is blue.","វាមានពណ៌ខៀវ។"
"blue_3","My favorite color is blue.","ព​ណ៍​ដែល​ខ្ញុំ​ចូលចិត្ត​គឺ​ព​ណ៍​ខៀវ។"
"blue_4","Can you give me blue paint?","តើអ្នកអាចផ្តល់ឱ្យខ្ញុំនូវថ្នាំលាបពណ៌ខៀវទេ?"
"orange","Orange","ទឹកក្រូច"
"orange_2","It is orange color.","វាជាពណ៌ទឹកក្រូច។"
"orange_3","My favorite color is orange.","ពណ៌ដែលខ្ញុំចូលចិត្តជាងគេគឺពណ៌ទឹកក្រូច។"
"orange_4","Can you give me orange paint?","តើអ្នកអាចផ្តល់ឱ្យខ្ញុំនូវថ្នាំលាបពណ៌ទឹកក្រូចបានទេ?"
"green","Green","បៃតង"
"green_2","It is green.","វាមានពណ៌បៃតង។"
"green_3","My favorite color is green.","ពណ៌ដែលខ្ញុំចូលចិត្តជាងគេគឺពណ៌បៃតង។"
"green_4","Can you give me green paint?","តើអ្នកអាចផ្តល់ថ្នាំលាបពណ៌បៃតងដល់ខ្ញុំបានទេ?"
"yellow","Yellow","លឿង"
"yellow_2","It is yellow.","វាមានពណ៌លឿង។"
"yellow_3","My favorite color is yellow.","ពណ៌ដែលខ្ញុំចូលចិត្តជាងគេគឺពណ៌លឿង។"
"yellow_4","Can you give me yellow paint?","តើអ្នកអាចឱ្យថ្នាំលាបពណ៌លឿងដល់ខ្ញុំបានទេ?"
"purple","Purple","ស្វាយ"
"purple_2","It is purple.","វាគឺពណ៌ស្វាយ។"
"purple_3","My favorite color is purple.","ពណ៌ដែលខ្ញុំចូលចិត្តជាងគេគឺពណ៌ស្វាយ។"
"purple_4","Can you give me purple paint?","តើអ្នកអាចផ្តល់ឱ្យខ្ញុំនូវថ្នាំលាបពណ៌ស្វាយទេ?"
"pink","Pink","ពណ៌ផ្កាឈូក"
"pink_2","It is pink.","វាជាពណ៌ផ្កាឈូក។"
"pink_3","My favorite color is pink.","ពណ៌ដែលខ្ញុំចូលចិត្តជាងគេគឺពណ៌ផ្កាឈូក។"
"pink_4","Can you give me pink paint?","តើអ្នកអាចផ្តល់ឱ្យខ្ញុំនូវថ្នាំលាបពណ៌ផ្កាឈូកបានទេ?"
"brown","Brown","ត្នោត"
"brown_2","It is brown.","វាមានពណ៌ត្នោត។"
"brown_3","My favorite color is brown.","ពណ៌ដែលខ្ញុំចូលចិត្តជាងគេគឺពណ៌ត្នោត។"
"brown_4","Can you give me brown paint?","តើអ្នកអាចផ្តល់ឱ្យខ្ញុំនូវថ្នាំលាបពណ៌ត្នោតបានទេ?"
"black","Black","ខ្មៅ"
"black_2","It is black.","វាខ្មៅ។"
"black_3","My favorite color is black.","ពណ៌ដែលខ្ញុំចូលចិត្តជាងគេគឺពណ៌ខ្មៅ។"
"black_4","Can you give me black paint?","តើអ្នកអាចផ្តល់ឱ្យខ្ញុំនូវថ្នាំលាបខ្មៅបានទេ?"
"white","White","ស"
"white_2","It is white.","វាមានពណ៌ស។"
"white_3","My favorite color is white.","ពណ៌ដែលខ្ញុំចូលចិត្តជាងគេគឺពណ៌ស។"
"white_4","Can you give me white paint?","តើអ្នកអាចផ្តល់ថ្នាំលាបឱ្យខ្ញុំបានទេ?"
"gray","Gray","ពណ៌ប្រផេះ"
"gray_2","It is gray.","វាជាពណ៌ប្រផេះ។"
"gray_3","My favorite color is gray.","ពណ៌ដែលខ្ញុំចូលចិត្តជាងគេគឺពណ៌ប្រផេះ។"
"gray_4","Can you give me gray paint?","តើអ្នកអាចផ្តល់ឱ្យខ្ញុំនូវថ្នាំលាបពណ៌ប្រផេះបានទេ?"
"transparent","Transparent","ថ្លា"
"transparent_2","It is transparent.","វាមានតម្លាភាព។"
"transparent_3","I can see behind transparent color.","ខ្ញុំអាចមើលឃើញនៅពីក្រោយពណ៌ថ្លា។"
"transparent_4","Can you help me erase?","តើអ្នកអាចជួយខ្ញុំលុបបានទេ?"
"cyan","Cyan","ខៀវ"
"cyan_2","It is cyan.","វាគឺជាសណ្តែក។"
"cyan_3","My favorite color is cyan.","ពណ៌ដែលខ្ញុំចូលចិត្តជាងគេគឺពណ៌ខៀវ។"
"cyan_4","Can you give me cyan paint?","តើអ្នកអាចផ្តល់ថ្នាំលាបដល់ខ្ញុំបានទេ?"
"violet","Violet","វីយ៉ូឡែត"
"violet_2","It is violet.","វាជាវីយូឡុង។"
"violet_3","My favorite color is violet.","ពណ៌ដែលខ្ញុំចូលចិត្តជាងគេគឺវីយូឡុង។"
"violet_4","Can you give me violet paint?","តើអ្នកអាចផ្តល់ថ្នាំលាបពណ៌លឿងដល់ខ្ញុំបានទេ?"
"turquoise","Turquoise","រមៀត"
"turquoise_2","It is turquoise.","វាគឺជាមុជទឹក។"
"turquoise_3","My favorite color is turquoise.","ពណ៌ដែលខ្ញុំចូលចិត្តជាងគេគឺមុជទឹក។"
"turquoise_4","Can you give me turquoise paint?","តើអ្នកអាចផ្តល់ឱ្យខ្ញុំនូវថ្នាំលាបខៀវទេ?"
"lime","Lime","កំបោរ"
"lime_2","It is lime.","វាជាកំបោរ។"
"lime_3","My favorite color is lime.","ពណ៌ដែលខ្ញុំចូលចិត្តជាងគេគឺកំបោរ។"
"lime_4","Can you give me lime paint?","តើអ្នកអាចលាបថ្នាំកំបោរឱ្យខ្ញុំបានទេ?"
"plum","Plum","ផ្លែព្រូន"
"plum_2","It is plum.","វាគឺជាផ្លែព្រូន។"
"plum_3","My favorite color is plum.","ពណ៌ដែលខ្ញុំចូលចិត្តជាងគេគឺ plum ។"
"plum_4","Can you give me plum paint?","តើអ្នកអាចផ្តល់ឱ្យខ្ញុំនូវថ្នាំលាប plum បានទេ?"
"tan","Tan","តាន់"
"tan_2","It is tan color.","វាជាពណ៌តាន់។"
"tan_3","My favorite color is tan color.","ពណ៌ដែលខ្ញុំចូលចិត្តជាងគេគឺពណ៌តាន់។"
"tan_4","Can you give me tan color paint?","តើអ្នកអាចផ្តល់ឱ្យខ្ញុំនូវថ្នាំលាបពណ៌តាន់បានទេ?"
"avocado","Avocado","ផ្លែបឺរ"
"avocado_2","It is avocado color.","វាជាពណ៌ផ្លែបឺរ។"
"avocado_3","My favorite color is avocado color.","ពណ៌ដែលខ្ញុំចូលចិត្តជាងគេគឺពណ៌ផ្លែបឺរ។"
"avocado_4","Can you give me avocado color paint?","តើអ្នកអាចផ្តល់ថ្នាំលាបពណ៌ផ្លែបឺរឱ្យខ្ញុំបានទេ?"
"barbie-pink","Barbie pink","Barbie ពណ៌ផ្កាឈូក"
"barbie-pink_2","It is barbie pink color.","វាជាពណ៌ពណ៌ផ្កាឈូក។"
"barbie-pink_3","My favorite color is barbie pink.","ពណ៌ដែលខ្ញុំចូលចិត្តជាងគេគឺពណ៌ផ្កាឈូក។"
"barbie-pink_4","Can you give me barbie pink paint?","តើអ្នកអាចផ្តល់ឱ្យខ្ញុំនូវថ្នាំលាបពណ៌ផ្កាឈូកប៊ឺរីបានទេ?"
"blizzard-blue","Blizzard blue","Blizzard ពណ៌ខៀវ"
"blizzard-blue_2","It is blizzard blue color.","វាជាពណ៌ខៀវស្រអាប់។"
"blizzard-blue_3","My favorite color is blizzard blue color.","ពណ៌ដែលខ្ញុំចូលចិត្តជាងគេគឺពណ៌ខៀវពណ៌ខៀវ។"
"blizzard-blue_4","Can you give me blizzard blue paint?","តើអ្នកអាចផ្តល់ថ្នាំលាបពណ៌ខៀវឱ្យខ្ញុំបានទេ?"
"conversation","Conversation","ការសន្ទនា"
"me","Me","ខ្ញុំ"
"me_2","My name is {name}","ខ្ញុំឈ្មោះ {ឈ្មោះ}"
"me_3","I'm {name}","ខ្ញុំ {ឈ្មោះ}"
"me_4","Do you know my name?","តើអ្នកស្គាល់ឈ្មោះខ្ញុំទេ?"
"me_5","What is your name?","តើ​អ្នក​មាន​ឈ្មោះ​អ្វី?"
"me_6","Nice to meet you!","រីករាយ​ដែល​បាន​ជួប​អ្នក!"
"me_7","Do you like me?","តើ​អ្នក​ចូលចិត្ត​ខ្ញុំ​ទេ?"
"me_8","Can we be friends?","តើយើងអាចធ្វើជាមិត្តបានទេ?"
"me_9","I'm using assistive communication app.","ខ្ញុំកំពុងប្រើកម្មវិធីទំនាក់ទំនងជំនួយ។"
"me_10","Who are you?","អ្នក​ជា​នរណា?"
"hello","Hello","សួស្តី"
"hello_2","Hello.","សួស្តី។"
"hello_3","Hi.","សួស្តី។"
"hello_4","Greetings.","ស្វាគមន៍។"
"hello_5","How are you?","អ្នក​សុខសប្បាយ​ទេ?"
"hello_6","Nice to meet you!","រីករាយ​ដែល​បាន​ជួប​អ្នក!"
"help","Help","ជំនួយ"
"help_2","Help me.","ជួយ​ខ្ញុំ​ផង។"
"help_3","Can you help me?","តើ​អ្នក​អាច​ជួយ​ខ្ញុំ​បាន​ទេ?"
"help_4","I need help","ខ្ញុំ​ត្រូវការ​ជំនួយ"
"help_5","Do you need help?","តើអ្នកត្រូវការជំនួយទេ?"
"yes","Yes","ត្រូវហើយ"
"yes_2","Yes.","ត្រូវហើយ។"
"yes_3","Yes please.","បាទសូម។"
"yes_4","Alright.","មិនអីទេ។"
"yes_5","Agreed.","យល់ស្រប។"
"yes_6","I want to.","ខ្ញុំ​ចង់។"
"yes_7","I would like to.","ខ្ញុំ​ចង់។"
"no","No","ទេ"
"no_2","No.","ទេ"
"no_3","Nope.","ទេ។"
"no_4","Never.","មិនដែល"
"no_5","I don't want to.","ខ្ញុំមិនចង់ទេ។"
"no_6","I don't like it.","ខ្ញុំមិនចូលចិត្តវាទេ។"
"no_7","You don't like it?","អ្នកមិនចូលចិត្តវាទេ?"
"no_8","Why you don't like it?","ហេតុអ្វីបានជាអ្នកមិនចូលចិត្តវា?"
"toilet","Toilet","បង្គន់"
"toilet_2","I need to go to the toilet.","ខ្ញុំត្រូវទៅបង្គន់។"
"toilet_3","I need to pee.","ខ្ញុំ​ត្រូវ​ទៅ pee។"
"toilet_4","I need to poop.","ខ្ញុំត្រូវការ។"
"toilet_5","Can you help me go to the toilet?","តើអ្នកអាចជួយខ្ញុំទៅបង្គន់បានទេ?"
"toilet_6","Can you help me clean?","តើអ្នកអាចជួយខ្ញុំឱ្យស្អាតបានទេ?"
"toilet_7","I peed myself.","ខ្ញុំលួងចិត្តខ្លួនឯង។"
"toilet_8","I pooped myself.","ខ្ញុំបានធ្វើឱ្យខ្លួនខ្ញុំទន់ខ្សោយ។"
"what","What","អ្វី"
"what_2","What is that?","តើ​នោះ​ជា​អ្វី?"
"what_3","What does it mean?","តើ​វា​មានន័យ​យ៉ាង​ដូចម្តេច?"
"what_4","What do you mean?","តើ​អ្នក​ចង់​មានន័យថា​យ៉ាងម៉េច?"
"what_5","Can you explain it?","តើអ្នកអាចពន្យល់បានទេ?"
"what_6","Can you repeat what you said?","តើអ្នកអាចនិយាយអ្វីដែលអ្នកបាននិយាយឡើងវិញទេ?"
"what_7","I don't understand.","ខ្ញុំមិនយល់ទេ។"
"sleep","Sleep","គេង"
"sleep_2","I want to sleep.","ខ្ញុំ​ចង់​គេង។"
"sleep_3","I don't want to sleep.","ខ្ញុំមិនចង់គេងទេ។"
"sleep_4","I'm tired.","ខ្ញុំ​ុំ​ហត់​ណាស់។"
"sleep_5","Are you tired?","តើ​អ្នក​នឿយហត់​ទេ?"
"sleep_6","When am I going to sleep?","តើខ្ញុំនឹងគេងនៅពេលណា?"
"sleep_7","I want to take a nap.","ខ្ញុំចង់គេងលក់។"
"bath","Bath","ងូតទឹក"
"bath_2","I want to take a bath.","ខ្ញុំចង់ងូតទឹក។"
"bath_3","I like taking a bath.","ខ្ញុំចូលចិត្តងូតទឹក។"
"bath_4","I want to wash my hands.","ខ្ញុំចង់លាងដៃរបស់ខ្ញុំ។"
"bath_5","I want to take a shower.","ខ្ញុំចង់ងូតទឹក។"
"bath_6","I want to clean myself.","ខ្ញុំចង់សម្អាតខ្លួនឯង។"
"bath_7","Can you help me take a bath?","តើអ្នកអាចជួយខ្ញុំងូតទឹកបានទេ?"
"bath_8","I don't want to take a bath.","ខ្ញុំមិនចង់ងូតទឹកទេ។"
"listen","Listen","ស្តាប់"
"listen_2","Listen to me.","ស្តាប់ខ្ញុំ។"
"listen_3","Can you listen to me?","តើអ្នកអាចស្តាប់ខ្ញុំបានទេ?"
"listen_4","Listen to music.","ស្តាប់តន្ត្រី។"
"listen_5","Listening to my parents.","ស្តាប់ឪពុកម្តាយខ្ញុំ។"
"listen_6","Listen to what my application is saying!","ស្តាប់នូវអ្វីដែលពាក្យស្នើសុំរបស់ខ្ញុំកំពុងនិយាយ!"
"morning","Morning","ពេលព្រឹក"
"morning_2","Good morning.","អរុណ​សួស្តី។"
"morning_3","I like mornings.","ខ្ញុំចូលចិត្តពេលព្រឹក។"
"morning_4","In the morning.","នៅ​ពេលព្រឹក។"
"morning_5","Morning time.","ពេលព្រឹក។"
"morning_6","Is it morning?","តើពេលព្រឹកមែនទេ?"
"night","Night","រាត្រី"
"night_2","Good night!","រាត្រី​សួស្តី!"
"night_3","I like nights.","ខ្ញុំចូលចិត្តរាត្រី។"
"night_4","At night.","នៅ​ពេលយប់។"
"night_5","Night time.","ពេលរាត្រី។"
"night_6","Is it night?","តើយប់ទេ?"
"look","Look","រកមើល"
"look_2","Look at me.","មើល​មក​ខ្ញុំ។"
"look_3","Look at this.","រកមើលនៅនេះ។"
"look_4","Are you looking?","តើអ្នកកំពុងស្វែងរកទេ?"
"look_5","Look at my drawing.","សូមក្រឡេកមើលគំនូររបស់ខ្ញុំ។"
"look_6","How do I look?","តើខ្ញុំមើលទៅយ៉ាងដូចម្តេច?"
"look_7","Look what I did.","រកមើលអ្វីដែលខ្ញុំបានធ្វើ។"
"look_8","Let's look at that.","សូមក្រឡេកមើល។"
"speak","Speak","និយាយ"
"speak_2","I'm learning how to speak.","ខ្ញុំកំពុងរៀននិយាយ។"
"speak_3","I want to speak.","ខ្ញុំចង់និយាយ។"
"speak_4","Can I speak with you?","តើខ្ញុំអាចនិយាយជាមួយអ្នកបានទេ?"
"speak_5","I like speaking.","ខ្ញុំចូលចិត្តនិយាយ។"
"speak_6","I'm using assistive communication app.","ខ្ញុំកំពុងប្រើកម្មវិធីទំនាក់ទំនងជំនួយ។"
"play","Play","ចាក់"
"play_2","I love playing.","ខ្ញុំចូលចិត្តលេង។"
"play_3","Can you play with me?","តើអ្នកអាចលេងជាមួយខ្ញុំបានទេ?"
"play_4","I want to play with you!","ខ្ញុំចង់លេងជាមួយអ្នក!"
"play_5","I want to play with my friends.","ខ្ញុំចង់លេងជាមួយមិត្តភក្តិរបស់ខ្ញុំ។"
"play_6","I don't want to play with you.","ខ្ញុំមិនចង់លេងជាមួយអ្នកទេ។"
"outside","Outside","នៅខាងក្រៅ"
"outside_2","I love going outside.","ខ្ញុំចូលចិត្តចេញទៅខាងក្រៅ។"
"outside_3","I want to go outside.","ខ្ញុំចង់ទៅខាងក្រៅ។"
"outside_4","Is it cold outside?","តើវាត្រជាក់នៅខាងក្រៅទេ?"
"outside_5","I don't like outside.","ខ្ញុំមិនចូលចិត្តនៅខាងក្រៅទេ។"
"outside_6","Can I go outside?","តើខ្ញុំអាចចេញទៅក្រៅបានទេ?"
"home","Home","ផ្ទះ"
"home_2","I love my home.","ខ្ញុំស្រឡាញ់ផ្ទះរបស់ខ្ញុំ។"
"home_3","I want to go home.","ខ្ញុំ​ចង់​ទៅផ្ទះ។"
"home_4","Where is your home?","តើ​ផ្ទះ​របស់​អ្នក​នៅ​ទីណា?"
"home_5","Home sweet home.","ផ្ទះផ្អែមនៅផ្ទះ។"
"home_6","I'm in the house.","ខ្ញុំនៅក្នុងផ្ទះ។"
"home_7","I'm not in the house.","ខ្ញុំមិននៅក្នុងផ្ទះទេ។"
"hurt","Hurt","ឈឺចាប់"
"hurt_2","I'm hurt.","ខ្ញុំ​ឈឺចាប់។"
"hurt_3","Are you hurt?","តើ​អ្នក​ឈឺ​ទេ?"
"hurt_4","Did I hurt you?","តើខ្ញុំបានធ្វើឱ្យអ្នកឈឺចាប់ទេ?"
"hurt_5","I didn't mean to hurt you!","ខ្ញុំមិនចង់ធ្វើបាបអ្នកទេ!"
"hurt_6","Is it going to hurt?","តើវានឹងឈឺចាប់ទេ?"
"hurt_7","I have a headache.","ខ្ញុំ​ឈឺក្បាល។"
"hurt_8","I have a stomach ache.","ខ្ញុំ​ឈឺពោះ។"
"hurt_9","My genitals hurt.","ប្រដាប់បន្តពូជរបស់ខ្ញុំឈឺចាប់។"
"hurt_10","My foot hurts.","ជើងខ្ញុំឈឺណាស់។"
"feelings","Feelings","អារម្មណ៍"
"happy","Happy","រីករាយ"
"happy_2","I'm happy.","ខ្ញុំ​សប្បាយ​ចិត្ត។"
"happy_3","I feel happy.","ខ្ញុំ​មាន​អារម្មណ៍​សប្បាយរីករាយ។"
"happy_4","Do you feel happy?","តើអ្នកមានអារម្មណ៍សប្បាយរីករាយទេ?"
"happy_5","I want to feel happy.","ខ្ញុំចង់មានអារម្មណ៍សប្បាយរីករាយ។"
"happy_6","You are making me happy.","អ្នកកំពុងធ្វើឱ្យខ្ញុំសប្បាយចិត្ត។"
"sad","Sad","សោកសៅ"
"sad_2","I'm sad.","ខ្ញុំ​អត់​សប្បាយចិត្ត។"
"sad_3","I feel sad.","ខ្ញុំ​មាន​អារម្មណ៍​ក្រៀមក្រំ។"
"sad_4","Do you feel sad?","តើអ្នកមានអារម្មណ៍សោកសៅទេ?"
"sad_5","I don't want to feel sad.","ខ្ញុំមិនចង់មានអារម្មណ៍សោកសៅទេ។"
"sad_6","You are making me sad.","អ្នកកំពុងធ្វើឱ្យខ្ញុំសោកសៅ។"
"exhausted","Exhausted","ហត់នឿយ"
"exhausted_2","I'm exhausted.","ខ្ញុំហត់នឿយណាស់។"
"exhausted_3","I feel exhausted.","ខ្ញុំមានអារម្មណ៍ហត់នឿយណាស់។"
"exhausted_4","Do you feel exhausted?","តើអ្នកមានអារម្មណ៍ហត់នឿយទេ?"
"exhausted_5","I don't want to be exhausted.","ខ្ញុំមិនចង់ហត់នឿយទេ។"
"relaxed","Relaxed","សម្រាក"
"relaxed_2","I'm relaxed.","ខ្ញុំបានសម្រាក។"
"relaxed_3","I feel relaxed.","ខ្ញុំមានអារម្មណ៍ធូរស្បើយ។"
"relaxed_4","Do you feel relaxed?","តើអ្នកមានអារម្មណ៍ធូរស្បើយទេ?"
"relaxed_5","I want to feel relaxed.","ខ្ញុំចង់មានអារម្មណ៍ធូរស្បើយ។"
"in-love","In love","ក្នុង​ក្តី​ស្រលាញ់"
"in-love_2","I'm in love.","ខ្ញុំ​កំពុង​លង់​ស្នេហ៍។"
"in-love_3","I feel in love.","ខ្ញុំមានអារម្មណ៍ថាស្រលាញ់។"
"in-love_4","Are you in love?","តើអ្នកមានស្នេហាទេ?"
"in-love_5","I want to fall in love.","ខ្ញុំចង់ធ្លាក់ក្នុងអន្លង់ស្នេហ៍។"
"in-love_6","Do you love me?","តើ​អ្នក​ស្រលាញ់​ខ្ញុំ​ទេ?"
"stressed","Stressed","ស្ត្រេស"
"stressed_2","I'm stressed.","ខ្ញុំតានតឹង។"
"stressed_3","I feel stressed.","ខ្ញុំមានអារម្មណ៍តានតឹង។"
"stressed_4","Do you feel stressed?","តើអ្នកមានអារម្មណ៍តានតឹងទេ?"
"stressed_5","I don't want to feel stressed.","ខ្ញុំមិនចង់មានអារម្មណ៍តានតឹងទេ។"
"thankful","Thankful","អរគុណ"
"thankful_2","I'm thankful.","ខ្ញុំសូមអរគុណ។"
"thankful_3","I feel thankful.","ខ្ញុំមានអារម្មណ៍ថ្លែងអំណរគុណ។"
"thankful_4","Do you feel thankful?","តើអ្នកមានអំណរគុណទេ?"
"thankful_5","I want to feel thankful.","ខ្ញុំចង់មានអំណរគុណ។"
"confused","Confused","ច្រឡំ"
"confused_2","I'm confused.","ខ្ញុ​ុំ​ច្រលំ។"
"confused_3","I feel confused.","ខ្ញុំមានអារម្មណ៍ច្របូកច្របល់។"
"confused_4","Do you feel confused?","តើអ្នកមានអារម្មណ៍ច្របូកច្របល់ទេ?"
"confused_5","You are confusing me.","អ្នកកំពុងច្រលំខ្ញុំ។"
"joyful","Joyful","រីករាយ"
"joyful_2","I'm joyful.","ខ្ញុំរីករាយណាស់។"
"joyful_3","I feel joyful.","ខ្ញុំមានអារម្មណ៍រីករាយ។"
"joyful_4","Do you feel joyful?","តើអ្នកមានអារម្មណ៍រីករាយទេ?"
"joyful_5","I want to feel joyful.","ខ្ញុំចង់មានអារម្មណ៍រីករាយ។"
"angry","Angry","ខឹង"
"angry_2","I'm angry.","ខ្ញុំ​ខឹង។"
"angry_3","I feel angry.","ខ្ញុំមានអារម្មណ៍ខឹង។"
"angry_4","Do you feel angry?","តើអ្នកមានអារម្មណ៍ខឹងទេ?"
"angry_5","I'm angry at you.","ខ្ញុំខឹងអ្នក។"
"angry_6","You are making me angry.","អ្នកកំពុងធ្វើឱ្យខ្ញុំខឹង។"
"smart","Smart","ឆ្លាត"
"smart_2","I'm smart.","ខ្ញុំ​ឆ្លាត។"
"smart_3","I feel smart.","ខ្ញុំមានអារម្មណ៍ឆ្លាត។"
"smart_4","Do you feel smart?","តើអ្នកមានអារម្មណ៍ឆ្លាតទេ?"
"smart_5","Am I smart?","តើខ្ញុំឆ្លាតទេ?"
"smart_6","You are smart!","អ្នក​គឺ​ឆ្លាត!"
"afraid","Afraid","ខ្លាច"
"afraid_2","I'm afraid.","ខ្ញុំ​ខ្លាច។"
"afraid_3","I feel afraid.","ខ្ញុំមានអារម្មណ៍ភ័យខ្លាច។"
"afraid_4","Do you feel afraid?","តើអ្នកមានអារម្មណ៍ភ័យខ្លាចទេ?"
"afraid_5","I don't want to feel afraid.","ខ្ញុំមិនចង់មានអារម្មណ៍ភ័យខ្លាចទេ។"
"afraid_6","You are scaring me.","អ្នកកំពុងបំភ័យខ្ញុំ។"
"ashamed","Ashamed","ខ្មាស់អៀន"
"ashamed_2","I'm ashamed.","ខ្ញំ​ុ​ខ្មាសគេ​ណាស់។"
"ashamed_3","I feel ashamed.","ខ្ញុំមានអារម្មណ៍ខ្មាស់អៀន។"
"ashamed_4","Do you feel ashamed?","តើអ្នកមានអារម្មណ៍ខ្មាស់អៀនទេ?"
"ashamed_5","I don't want to feel ashamed.","ខ្ញុំមិនចង់ខ្មាស់អៀនទេ។"
"shocked","Shocked","រន្ធត់"
"shocked_2","I'm shocked.","ខ្ញុំ​រន្ធត់។"
"shocked_3","I feel shocked.","ខ្ញុំមានអារម្មណ៍តក់ស្លុត។"
"shocked_4","Do you feel shocked?","តើអ្នកមានអារម្មណ៍តក់ស្លុតទេ?"
"shocked_5","You shocked me.","អ្នកធ្វើឱ្យខ្ញុំភ្ញាក់ផ្អើល។"
"sick","Sick","ឈឺ"
"sick_2","I'm sick.","ខ្ញុំ​ឈឺ។"
"sick_3","I feel sick.","ខ្ញុំ​មាន​អារម្មណ៍​ថា​ឈឺ។"
"sick_4","Do you feel sick?","តើអ្នកមានអារម្មណ៍ឈឺទេ?"
"sick_5","I don't want to be sick.","ខ្ញុំមិនចង់ឈឺទេ។"
"sick_6","I'm sick of the food.","ខ្ញុំឈឺអាហារ។"
"frustrated","Frustrated","ខកចិត្ត"
"frustrated_2","I'm frustrated.","ខ្ញុំខកចិត្ត។"
"frustrated_3","I feel frustrated.","ខ្ញុំមានអារម្មណ៍មិនសប្បាយចិត្ត។"
"frustrated_4","Do you feel frustrated?","តើអ្នកមានអារម្មណ៍តានតឹងទេ?"
"frustrated_5","I don't want to feel frustrated.","ខ្ញុំមិនចង់មានអារម្មណ៍តានតឹងទេ។"
"excited","Excited","រំភើប"
"excited_2","I'm excited.","ខ្ញុំ​រំភើប។"
"excited_3","I feel excited.","ខ្ញុំមានអារម្មណ៍រំភើប។"
"excited_4","Do you feel excited?","តើអ្នកមានអារម្មណ៍រំភើបទេ?"
"excited_5","I don't want to feel excited.","ខ្ញុំមិនចង់មានអារម្មណ៍រំភើបទេ។"
"nauseated","Nauseated","ចង្អោរ"
"nauseated_2","I'm nauseated.","ខ្ញុំចង់ក្អួត។"
"nauseated_3","I feel nauseated.","ខ្ញុំមានអារម្មណ៍ចង់ក្អួត។"
"nauseated_4","Do you feel nauseated?","តើអ្នកមានអារម្មណ៍ចង់ក្អួតទេ?"
"nauseated_5","I don't want to feel nauseated.","ខ្ញុំមិនចង់មានអារម្មណ៍ចង់ក្អួតទេ។"
"agitated","Agitated","ធុញថប់"
"agitated_2","I'm agitated.","ខ្ញុំភ័យណាស់។"
"agitated_3","I feel agitated.","ខ្ញុំមានអារម្មណ៍ធុញថប់។"
"agitated_4","Do you feel agitated?","តើអ្នកមានអារម្មណ៍ធុញថប់ទេ?"
"agitated_5","I don't want to feel agitated.","ខ្ញុំមិនចង់មានអារម្មណ៍ធុញថប់ទេ។"
"food","Food","អាហារ"
"hungry","Hungry","ឃ្លាន"
"hungry_2","I'm hungry.","ខ្ញុំ​ឃ្លាន។"
"hungry_3","Are you hungry?","តើ​អ្នក​ឃ្លាន​ហើយ​ឬ​នៅ?"
"hungry_4","Can you make me food?","តើអ្នកអាចធ្វើឱ្យខ្ញុំម្ហូបអាហារបានទេ?"
"hungry_5","What is for dinner?","តើអ្វីទៅសម្រាប់អាហារពេលល្ងាច?"
"thirsty","Thirsty","ស្រេកទឹក"
"thirsty_2","I'm thirsty.","ខ្ញុំ​ស្រេកទឹក។"
"thirsty_3","Can I have some water?","តើខ្ញុំអាចមានទឹកបានទេ?"
"thirsty_4","Can I have a glass of water?","តើខ្ញុំអាចមានទឹកមួយកែវទេ?"
"thirsty_5","I want something to drink.","ខ្ញុំចង់បានអ្វីមួយផឹក។"
"cutlery","Cutlery","ម៉ាស៊ីនកាត់"
"cutlery_2","I need cutlery.","ខ្ញុំត្រូវការម៉ាស៊ីនកាត់។"
"cutlery_3","Help me use cutlery.","ជួយខ្ញុំឱ្យប្រើម៉ាស៊ីនកាត់។"
"cutlery_4","I need a fork.","ខ្ញុំត្រូវការសមមួយ។"
"cutlery_5","I need a spoon.","ខ្ញុំត្រូវការស្លាបព្រា។"
"cutlery_6","I need chopsticks.","ខ្ញុំត្រូវការចង្កឹះ។"
"cutlery_7","I need a knife.","ខ្ញុំត្រូវការកាំបិត។"
"cutlery_8","I need a napkin.","ខ្ញុំត្រូវការកន្សែង។"
"apple","Apple","ផ្លែប៉ោម"
"apple_2","I like apple.","ខ្ញុំចូលចិត្តផ្លែប៉ោម។"
"apple_3","I don't like apple.","ខ្ញុំមិនចូលចិត្តផ្លែប៉ោមទេ។"
"apple_4","I want to eat an apple.","ខ្ញុំចង់ញ៉ាំផ្លែប៉ោមមួយ។"
"carrot","Carrot","ការ៉ុត"
"carrot_2","I like carrot.","ខ្ញុំចូលចិត្តការ៉ុត។"
"carrot_3","I don't like carrot.","ខ្ញុំមិនចូលចិត្តការ៉ុតទេ។"
"carrot_4","I want to eat a carrot.","ខ្ញុំចង់ញ៉ាំការ៉ុតមួយ។"
"beans","Beans","សណ្តែក"
"beans_2","I like beans.","ខ្ញុំចូលចិត្តសណ្តែក។"
"beans_3","I don't like beans.","ខ្ញុំមិនចូលចិត្តសណ្តែកទេ។"
"beans_4","I want to eat beans.","ខ្ញុំចង់ញ៉ាំសណ្តែក។"
"chicken_5","I want fried chicken.","ខ្ញុំចង់បានសាច់មាន់ចៀន។"
"chicken_6","I want boiled chicken.","ខ្ញុំចង់បានសាច់មាន់ឆ្អិន។"
"chocolate","Chocolate","សូកូឡា"
"chocolate_2","I like chocolate.","ខ្ញុំ​ចូលចិត្ត​សូកូឡា។"
"chocolate_3","I don't like chocolate.","ខ្ញុំមិនចូលចិត្តសូកូឡាទេ។"
"chocolate_4","I want to eat chocolate.","ខ្ញុំចង់ញ៉ាំសូកូឡា។"
"chocolate_5","I want dark chocolate.","ខ្ញុំចង់បានសូកូឡាខ្មៅ។"
"chocolate_6","I want white chocolate.","ខ្ញុំចង់បានសូកូឡាពណ៌ស។"
"milk","Milk","ទឹកដោះគោ"
"milk_2","I like milk.","ខ្ញុំចូលចិត្តទឹកដោះគោ។"
"milk_3","I don't like milk.","ខ្ញុំមិនចូលចិត្តទឹកដោះគោទេ។"
"milk_4","I want to drink milk.","ខ្ញុំចង់ផឹកទឹកដោះគោ។"
"milk_5","Can I have a glass of milk?","តើខ្ញុំអាចមានទឹកដោះគោមួយកែវបានទេ?"
"sandwich","Sandwich","សាន់វិច"
"sandwich_2","I like sandwich.","ខ្ញុំចូលចិត្តនំសាំងវិច។"
"sandwich_3","I don't like sandwich.","ខ្ញុំមិនចូលចិត្តសាំងវិចទេ។"
"sandwich_4","I want to eat a sandwich.","ខ្ញុំចង់ញ៉ាំនំសាំងវិច។"
"sandwich_5","Can you make me a sandwich?","តើអ្នកអាចធ្វើឱ្យខ្ញុំ Sandwich មួយ?"
"steak","Steak","សាច់អាំង"
"steak_2","I like steak.","ខ្ញុំចូលចិត្តសាច់អាំង។"
"steak_3","I don't like steak.","ខ្ញុំមិនចូលចិត្តសាច់អាំងទេ។"
"steak_4","I want to eat steak.","ខ្ញុំចង់ញ៉ាំសាច់អាំង។"
"steak_5","Can you cook steak for me?","តើអ្នកអាចចំអិនសាច់អាំងសម្រាប់ខ្ញុំបានទេ?"
"banana","Banana","ចេក"
"banana_2","I like banana.","ខ្ញុំចូលចិត្តចេក។"
"banana_3","I don't like banana.","ខ្ញុំមិនចូលចិត្តចេកទេ។"
"banana_4","I want to eat a banana.","ខ្ញុំចង់ញ៉ាំចេកមួយ។"
"pie","Pie","ចំណិត"
"pie_2","I like pie.","ខ្ញុំចូលចិត្តនំ។"
"pie_3","I don't like pie.","ខ្ញុំមិនចូលចិត្តនំទេ។"
"pie_4","I want to eat pie.","ខ្ញុំចង់ញ៉ាំនំ។"
"pie_5","Can you bake a pie for me?","តើអ្នកអាចដុតនំសម្រាប់ខ្ញុំបានទេ?"
"egg","Egg","ស៊ុត"
"egg_2","I like egg.","ខ្ញុំចូលចិត្តស៊ុត។"
"egg_3","I don't like egg.","ខ្ញុំមិនចូលចិត្តពងទេ។"
"egg_4","I want to eat egg.","ខ្ញុំចង់ញ៉ាំពង។"
"egg_5","I want fried eggs.","ខ្ញុំចង់បានស៊ុតចៀន។"
"egg_6","I want boiled eggs.","ខ្ញុំចង់បានពងឆ្អិន។"
"noodles","Noodles","មី"
"noodles_2","I like noodles.","ខ្ញុំចូលចិត្តមី។"
"noodles_3","I don't like noodles.","ខ្ញុំមិនចូលចិត្តមីទេ។"
"noodles_4","I want to eat noodles.","ខ្ញុំចង់ញ៉ាំគុយទាវ។"
"noodles_5","Can you cook noodles for me?","តើអ្នកអាចចំអិនគុយទាវសម្រាប់ខ្ញុំបានទេ?"
"salt","Salt","អំបិល"
"salt_2","I want salt.","ខ្ញុំចង់បានអំបិល។"
"salt_3","Can you pass me the salt?","តើអ្នកអាចហុចអំបិលខ្ញុំបានទេ?"
"salt_4","Food is too salty.","អាហារមានជាតិប្រៃពេក។"
"salt_5","My food needs some salt.","អាហាររបស់ខ្ញុំត្រូវការអំបិលខ្លះ។"
"spices","Spices","គ្រឿងទេស"
"spices_2","I like spicy food.","ខ្ញុំចូលចិត្តម្ហូបហឹរ។"
"spices_3","I don't like spicy food.","ខ្ញុំមិនចូលចិត្តម្ហូបហឹរទេ។"
"spices_4","I want paprika.","ខ្ញុំចង់បាន paprika ។"
"spices_5","I want black pepper.","ខ្ញុំចង់បានម្រេចខ្មៅ។"
"pizza","Pizza","ភីហ្សា"
"pizza_2","I like pizza.","ខ្ញុំ​ចូលចិត្ត​ភី​ហ្សា។"
"pizza_3","I don't like pizza.","ខ្ញុំមិនចូលចិត្តភីហ្សាទេ។"
"pizza_4","I want to eat pizza.","ខ្ញុំចង់ញ៉ាំភីហ្សា។"
"pizza_5","Can you cook pizza for me?","តើអ្នកអាចចំអិនភីហ្សាសម្រាប់ខ្ញុំបានទេ?"
"pizza_6","Can we order pizza?","តើយើងអាចបញ្ជាទិញភីហ្សាបានទេ?"
"cheese","Cheese","ឈីស"
"cheese_2","I like cheese.","ខ្ញុំ​ចូលចិត្ត​ឈី​ស។"
"cheese_3","I don't like cheese.","ខ្ញុំមិនចូលចិត្តឈីសទេ។"
"cheese_4","I want to eat cheese.","ខ្ញុំចង់ញ៉ាំឈីស។"
"ice-cream","Ice cream","ការ៉េម"
"ice-cream_2","I like ice cream.","ខ្ញុំ​ចូលចិត្ត​ការ៉េម។"
"ice-cream_3","I don't like ice cream.","ខ្ញុំមិនចូលចិត្តការ៉េមទេ។"
"ice-cream_4","I want to eat ice cream.","ខ្ញុំចង់ញ៉ាំការ៉េម។"
"ice-cream_5","Can you buy ice cream for me?","តើអ្នកអាចទិញការ៉េមអោយខ្ញុំបានទេ?"
"tea","Tea","តែ"
"tea_2","I like tea.","ខ្ញុំចូលចិត្តតែ។"
"tea_3","I don't like tea.","ខ្ញុំមិនចូលចិត្តតែ។"
"tea_4","I want to drink tea.","ខ្ញុំចង់ផឹកតែ។"
"tea_5","Can you make tea for me?","តើអ្នកអាចធ្វើតែសម្រាប់ខ្ញុំបានទេ?"
"coffee","Coffee","កាហ្វេ"
"coffee_2","I like coffee.","ខ្ញុំចូលចិត្តកាហ្វេ។"
"coffee_3","I don't like coffee.","ខ្ញុំមិនចូលចិត្តកាហ្វេទេ។"
"coffee_4","I want to drink coffee.","ខ្ញុំចង់ផឹកកាហ្វេ។"
"coffee_5","Can you make coffee for me?","តើអ្នកអាចធ្វើកាហ្វេសម្រាប់ខ្ញុំបានទេ?"
"tomato","Tomato","ប៉េងប៉ោះ"
"tomato_2","I like tomato.","ខ្ញុំចូលចិត្តប៉េងប៉ោះ។"
"tomato_3","I don't like tomato.","ខ្ញុំមិនចូលចិត្តប៉េងប៉ោះទេ។"
"tomato_4","I want to eat tomato.","ខ្ញុំចង់ញ៉ាំប៉េងប៉ោះ។"
"cereal","Cereal","ធញ្ញជាតិ"
"cereal_2","I like cereal.","ខ្ញុំចូលចិត្តធញ្ញជាតិ។"
"cereal_3","I don't like cereal.","ខ្ញុំមិនចូលចិត្តធញ្ញជាតិទេ។"
"cereal_4","I want to eat cereal.","ខ្ញុំចង់ញ៉ាំធញ្ញជាតិ។"
"cereal_5","Can you make my cereal?","តើអ្នកអាចធ្វើធញ្ញជាតិរបស់ខ្ញុំបានទេ?"
"burger","Burger","ប៊ឺហ្គឺរ"
"burger_2","I like burger.","ខ្ញុំចូលចិត្តប៊ឺហ្គឺរ។"
"burger_3","I don't like burger.","ខ្ញុំមិនចូលចិត្តប៊ឺហ្គឺរទេ។"
"burger_4","I want to eat burger.","ខ្ញុំចង់ញ៉ាំប៊ឺហ្គឺរ។"
"burger_5","Can you cook burger for me?","តើអ្នកអាចចំអិនប៊ឺហ្គឺសម្រាប់ខ្ញុំបានទេ?"
"burger_6","Can we order burger?","តើយើងអាចបញ្ជាទិញប៊ឺហ្គឺបានទេ?"
"french-fries","French fries","ដំឡូងបំពងបារាំង"
"french-fries_2","I like french fries.","ខ្ញុំចូលចិត្តម្ហូបបំពងបារាំង។"
"french-fries_3","I don't like french fries.","ខ្ញុំមិនចូលចិត្តដំឡូងបំពងបារាំងទេ។"
"french-fries_4","I want to eat french fries.","ខ្ញុំចង់ញ៉ាំដំឡូងបំពងបារាំង។"
"french-fries_5","Can you cook french fries for me?","តើអ្នកអាចចំអិនដំឡូងបំពងអោយខ្ញុំបានទេ?"
"french-fries_6","Can we order french fries?","តើយើងអាចកុម្ម៉ង់ដំឡូងបំពងបានទេ?"
"spinach","Spinach","ស្ពៃខ្មៅ"
"spinach_2","I like spinach.","ខ្ញុំចូលចិត្តស្ពៃខ្មៅ។"
"spinach_3","I don't like spinach.","ខ្ញុំមិនចូលចិត្តស្ពៃខ្មៅទេ។"
"spinach_4","I want to eat spinach.","ខ្ញុំចង់ញ៉ាំត្រឡាច។"
"rice","Rice","ស្រូវ"
"rice_2","I like rice.","ខ្ញុំចូលចិត្តបាយ។"
"rice_3","I don't like rice.","ខ្ញុំមិនចូលចិត្តបាយទេ។"
"rice_4","I want to eat rice.","ខ្ញុំចង់ញ៉ាំបាយ។"
"rice_5","Can you cook rice for me?","តើអ្នកអាចចំអិនបាយសម្រាប់ខ្ញុំបានទេ?"
"bread","Bread","នំប៉័ង"
"bread_2","I like bread.","ខ្ញុំចូលចិត្តនំប៉័ង។"
"bread_3","I don't like bread.","ខ្ញុំមិនចូលចិត្តនំបុ័ងទេ។"
"bread_4","I want to eat bread.","ខ្ញុំចង់ញ៉ាំនំបុ័ង។"
"bread_5","Can you buy some bread?","តើអ្នកអាចទិញនំបុ័ងបានទេ?"
"pasta","Pasta","ប៉ាស្តា"
"pasta_2","I like pasta.","ខ្ញុំចូលចិត្តប៉ាស្តា។"
"pasta_3","I don't like pasta.","ខ្ញុំមិនចូលចិត្តប៉ាស្តាទេ។"
"pasta_4","I want to eat pasta.","ខ្ញុំចង់ញ៉ាំប៉ាស្តា។"
"pasta_5","Can you cook pasta for me?","តើអ្នកអាចចំអិនប៉ាស្តាសម្រាប់ខ្ញុំបានទេ?"
"sauce","Sauce","ទឹកជ្រលក់"
"sauce_2","I like sauce.","ខ្ញុំចូលចិត្តទឹកជ្រលក់។"
"sauce_3","I don't like sauce.","ខ្ញុំមិនចូលចិត្តទឹកជ្រលក់ទេ។"
"sauce_4","I want some sauce.","ខ្ញុំចង់បានទឹកជ្រលក់ខ្លះ។"
"sauce_5","Can I have ketchup?","តើខ្ញុំអាចមាន ketchup បានទេ?"
"sauce_6","Can I have mayonnaise?","តើខ្ញុំអាចមាន mayonnaise ទេ?"
"sauce_7","Can I have mustard?","តើខ្ញុំអាចមានស្ពៃខ្មៅទេ?"
"sauce_8","Can I have ranch sauce?","តើខ្ញុំអាចមានទឹកជ្រលក់ចិញ្ចឹមសត្វបានទេ?"
"kebab","Kebab","ខេបបា"
"kebab_2","I like kebab.","ខ្ញុំចូលចិត្ត kebab ។"
"kebab_3","I don't like kebab.","ខ្ញុំមិនចូលចិត្ត kebab ទេ។"
"kebab_4","I want to eat kebab.","ខ្ញុំចង់ញ៉ាំ kebab ។"
"kebab_5","Can you cook kebab for me?","តើអ្នកអាចចំអិនម្ហូប kebab សម្រាប់ខ្ញុំបានទេ?"
"kebab_6","Can we order kebab?","តើយើងអាចបញ្ជាទិញ kebab បានទេ?"
"numbers","Numbers","លេខ"
"one","One","មួយ"
"one_2","One comes before two.","មួយមកមុនពីរ។"
"one_3","One comes after zero.","មួយកើតឡើងបន្ទាប់ពីសូន្យ។"
"one_4","I want one.","ខ្ញុំ​ចង់បាន​មួយ។"
"two","Two","ពីរ"
"two_2","Two comes before three.","ពីរនាក់មកមុនបី។"
"two_3","Two comes after one.","ពីរកើតឡើងបន្ទាប់ពីមួយ។"
"two_4","I want two.","ខ្ញុំចង់បានពីរ។"
"three","Three","បី"
"three_2","Three comes before four.","បីមកមុនបួន។"
"three_3","Three comes after two.","បីកើតឡើងបន្ទាប់ពីពីរ។"
"three_4","I want three.","ខ្ញុំចង់បានបី។"
"four","Four","បួន"
"four_2","Four comes before five.","បួនមកមុនប្រាំ។"
"four_3","Four comes after three.","បួនមកបន្ទាប់ពីបី។"
"four_4","I want four.","ខ្ញុំចង់បានបួន។"
"five","Five","ប្រាំ"
"five_2","Five comes before six.","ប្រាំមកមុនប្រាំមួយ។"
"five_3","Five comes after four.","ប្រាំមកបន្ទាប់ពីបួន។"
"five_4","I want five.","ខ្ញុំចង់បានប្រាំ។"
"six","Six","ប្រាំមួយ"
"six_2","Six comes before seven.","ប្រាំមួយកើតឡើងមុនពេលប្រាំពីរ។"
"six_3","Six comes after five.","ប្រាំមួយកើតឡើងបន្ទាប់ពីប្រាំ។"
"six_4","I want fix.","ខ្ញុំចង់ជួសជុល។"
"seven","Seven","ប្រាំពីរ"
"seven_2","Seven comes before eight.","ប្រាំពីរមកមុនប្រាំបី។"
"seven_3","Seven comes after six.","ប្រាំពីរមកបន្ទាប់ពីប្រាំមួយ។"
"seven_4","I want seven.","ខ្ញុំចង់បានប្រាំពីរ។"
"eight","Eight","ប្រាំបី"
"eight_2","Eight comes before nine.","ប្រាំបីមកមុនប្រាំបួន។"
"eight_3","Eight comes after seven.","ប្រាំបីមកបន្ទាប់ពីប្រាំពីរ។"
"eight_4","I want eight.","ខ្ញុំចង់បានប្រាំបី។"
"nine","Nine","ប្រាំបួន"
"nine_2","Nine comes before ten.","ប្រាំបួនមកមុនដប់។"
"nine_3","Nine comes after eight.","ប្រាំបួនមកបន្ទាប់ពីប្រាំបី។"
"nine_4","I want nine.","ខ្ញុំចង់បានប្រាំបួន។"
"ten","Ten","ដប់"
"ten_2","Ten comes before eleven.","ដប់ចូលមកមុនដប់មួយ។"
"ten_3","Ten comes after nine.","ដប់កើតឡើងបន្ទាប់ពីប្រាំបួន។"
"ten_4","I want ten.","ខ្ញុំចង់បានដប់។"
"eleven","Eleven","ដប់មួយ"
"eleven_2","Eleven comes before thirteen.","ដប់មួយបានមកមុនពេលដប់បី។"
"eleven_3","Eleven comes after ten.","ដប់មួយកើតឡើងបន្ទាប់ពីដប់។"
"eleven_4","I want eleven.","ខ្ញុំចង់បានដប់មួយ។"
"twenty","Twenty","ម្ភៃ"
"twenty_2","I can count up to twenty.","ខ្ញុំអាចរាប់រហូតដល់ម្ភៃ។"
"thirty","Thirty","សាមសិប"
"thirty_2","I can count up to thirty.","ខ្ញុំអាចរាប់រហូតដល់សាមសិប។"
"forty","Forty","សែសិប"
"forty_2","I can count up to forty.","ខ្ញុំអាចរាប់រហូតដល់សែសិប។"
"fifty","Fifty","ហាសិប"
"fifty_2","I can count up to fifty.","ខ្ញុំអាចរាប់បានដល់ហាសិប។"
"hundred","Hundred","រាប់រយ"
"hundred_2","I can count up to hundred.","ខ្ញុំអាចរាប់រហូតដល់រយ។"
"thousand","Thousand","ពាន់"
"thousand_2","I can count up to thousand.","ខ្ញុំអាចរាប់បានរាប់ពាន់។"
"calculator","Calculator","ម៉ាស៊ីនគិតលេខ"
"calculator_2","I want to use a calculator.","ខ្ញុំចង់ប្រើម៉ាស៊ីនគិតលេខ។"
"calculator_3","Can you teach me how to use a calculator?","តើអ្នកអាចបង្រៀនខ្ញុំពីរបៀបប្រើម៉ាស៊ីនគិតលេខបានទេ?"
"calculator_4","Can I barrow your calculator?","តើខ្ញុំអាចរារាំងម៉ាស៊ីនគិតលេខរបស់អ្នកបានទេ?"
"people","People","ប្រជាជន"
"mother","Mother","ម្តាយ"
"mother_2","Mommy!","ម៉ាក់!"
"mother_3","I love my mother.","ខ្ញុំស្រឡាញ់ម្តាយរបស់ខ្ញុំ។"
"mother_4","I love you mom.","ខ្ញុំ​ស្រឡាញ់​ម៉ាក់។"
"mother_5","I miss my mom.","ខ្ញុំនឹកម៉ាក់របស់ខ្ញុំ។"
"mother_6","Thank you for taking care of me.","អរគុណដែលបានមើលថែខ្ញុំ។"
"mother_7","She is my mom.","នាងគឺជាម្តាយរបស់ខ្ញុំ។"
"mother_8","Can you help me find my mother?","តើអ្នកអាចជួយខ្ញុំរកម្ដាយរបស់ខ្ញុំបានទេ?"
"father","Father","ឪពុក"
"father_2","Daddy!","ប៉ា!"
"father_3","I love my father.","ខ្ញុំស្រឡាញ់ឪពុកខ្ញុំ។"
"father_4","I love you dad.","ខ្ញុំស្រឡាញ់អ្នកឪពុក។"
"father_5","I miss my dad.","ខ្ញុំនឹកប៉ារបស់ខ្ញុំ។"
"father_6","Thank you for taking care of me.","អរគុណដែលបានមើលថែខ្ញុំ។"
"father_7","He is my dad.","គាត់គឺជាឪពុករបស់ខ្ញុំ។"
"father_8","Can you help me find my father?","តើអ្នកអាចជួយខ្ញុំរកឪពុកខ្ញុំបានទេ?"
"parents","Parents","ឪពុកម្តាយ"
"parents_2","I love my parents.","ខ្ញុំស្រឡាញ់ឪពុកម្តាយរបស់ខ្ញុំ។"
"parents_3","I love my parents.","ខ្ញុំស្រឡាញ់ឪពុកម្តាយរបស់ខ្ញុំ។"
"parents_4","I miss my parents.","ខ្ញុំនឹកឪពុកម្តាយរបស់ខ្ញុំ។"
"parents_5","They are my parents.","ពួកគេជាឪពុកម្តាយរបស់ខ្ញុំ។"
"parents_6","My parents are taking care of me.","ឪពុកម្តាយរបស់ខ្ញុំកំពុងមើលថែខ្ញុំ។"
"parents_8","Can you help me find my parents?","តើអ្នកអាចជួយខ្ញុំរកឪពុកម្តាយរបស់ខ្ញុំបានទេ?"
"grandparents","Grandparents","ជីដូន​ជីតា"
"grandparents_2","I love my grandparents.","ខ្ញុំស្រឡាញ់ជីដូនជីតារបស់ខ្ញុំ។"
"grandparents_3","I love you grandparents.","ខ្ញុំស្រឡាញ់អ្នកជីដូនជីតា។"
"grandparents_4","I miss my grandparents.","ខ្ញុំនឹកជីដូនជីតារបស់ខ្ញុំ។"
"grandparents_5","They are my grandparents.","ពួកគេជាជីដូនជីតារបស់ខ្ញុំ។"
"grandparents_6","My grandparents are taking care of me.","ជីដូនជីតារបស់ខ្ញុំកំពុងមើលថែខ្ញុំ។"
"grandparents_8","Can you help me find my grandparents?","តើអ្នកអាចជួយខ្ញុំរកជីដូនជីតារបស់ខ្ញុំបានទេ?"
"brother","Brother","បងប្រុស"
"brother_2","I love my brother.","ខ្ញុំស្រឡាញ់បងប្រុសរបស់ខ្ញុំ។"
"brother_3","I love you brother.","ខ្ញុំ​ស្រឡាញ់​អ្នក​បង​ប្អូន​ប្រុស។"
"brother_4","I miss my brother.","ខ្ញុំនឹកបង។"
"brother_5","He is my brother.","គាត់​គឺជា​បងប្រុស​របស់ខ្ញុំ។"
"brother_6","My brother is taking care of me.","បងប្រុសរបស់ខ្ញុំកំពុងមើលថែខ្ញុំ។"
"brother_8","Can you help me find my brother?","តើអ្នកអាចជួយខ្ញុំរកបងប្រុសរបស់ខ្ញុំបានទេ?"
"sister","Sister","បងស្រី"
"sister_2","I love my sister.","ខ្ញុំស្រឡាញ់បងស្រីរបស់ខ្ញុំ។"
"sister_3","I love you sister.","ខ្ញុំស្រឡាញ់អ្នកបងស្រី។"
"sister_4","I miss my sister.","ខ្ញុំនឹកប្អូនស្រីរបស់ខ្ញុំ។"
"sister_5","She is my sister.","នាងគឺជាបងស្រីរបស់ខ្ញុំ។"
"sister_6","My sister is taking care of me.","បងស្រីខ្ញុំកំពុងមើលថែខ្ញុំ។"
"sister_8","Can you help me find my sister?","តើអ្នកអាចជួយខ្ញុំរកឃើញប្អូនស្រីរបស់ខ្ញុំបានទេ?"
"uncle","Uncle","ពូ"
"uncle_2","I love my uncle.","ខ្ញុំស្រឡាញ់ពូ។"
"uncle_3","I love you uncle.","ខ្ញុំស្រឡាញ់អ្នកពូ។"
"uncle_4","I miss my uncle.","ខ្ញុំនឹកពូរបស់ខ្ញុំ។"
"uncle_5","He is my uncle.","គាត់គឺជាពូរបស់ខ្ញុំ។"
"uncle_8","Can you help me find my uncle?","តើអ្នកអាចជួយខ្ញុំរកពូរបស់ខ្ញុំបានទេ?"
"aunt","Aunt","មីង"
"aunt_2","I love my aunt.","ខ្ញុំស្រឡាញ់មីងរបស់ខ្ញុំ។"
"aunt_3","I love you aunt.","ខ្ញុំស្រឡាញ់អ្នកមីង។"
"aunt_4","I miss my aunt.","ខ្ញុំនឹកមីងរបស់ខ្ញុំ។"
"aunt_5","She is my aunt.","នាងគឺជាមីងរបស់ខ្ញុំ។"
"aunt_8","Can you help me find my aunt?","តើអ្នកអាចជួយខ្ញុំរកមីងរបស់ខ្ញុំបានទេ?"
"teacher","Teacher","គ្រូ"
"teacher_2","I love my teacher.","ខ្ញុំស្រឡាញ់គ្រូរបស់ខ្ញុំ។"
"teacher_3","I love you teacher.","ខ្ញុំស្រឡាញ់អ្នកគ្រូ។"
"teacher_4","I don't like my teacher.","ខ្ញុំមិនចូលចិត្តគ្រូរបស់ខ្ញុំទេ។"
"teacher_5","I miss my teacher.","ខ្ញុំនឹកគ្រូរបស់ខ្ញុំ។"
"teacher_6","Thank you for the lesson.","សូមអរគុណចំពោះមេរៀន។"
"therapist","Therapist","អ្នកព្យាបាលរោគ"
"therapist_2","I love my therapist.","ខ្ញុំស្រឡាញ់អ្នកព្យាបាលរបស់ខ្ញុំ។"
"therapist_3","I love you therapist.","ខ្ញុំស្រឡាញ់អ្នកព្យាបាលរោគ។"
"therapist_4","I don't like my therapist.","ខ្ញុំមិនចូលចិត្តអ្នកព្យាបាលរោគរបស់ខ្ញុំទេ។"
"therapist_5","I miss my therapist.","ខ្ញុំនឹកអ្នកព្យាបាលរបស់ខ្ញុំ។"
"therapist_6","Thank you for the session.","សូមអរគុណសម្រាប់សម័យប្រជុំនេះ។"
"doctor","Doctor","វេជ្ជបណ្ឌិត"
"doctor_2","I love my doctor.","ខ្ញុំស្រឡាញ់គ្រូពេទ្យណាស់។"
"doctor_3","I love you doctor.","ខ្ញុំស្រឡាញ់អ្នកគ្រូពេទ្យ។"
"doctor_4","I don't like my doctor.","ខ្ញុំមិនចូលចិត្តវេជ្ជបណ្ឌិតរបស់ខ្ញុំទេ។"
"doctor_5","I miss my doctor.","ខ្ញុំនឹកគ្រូពេទ្យរបស់ខ្ញុំ។"
"doctor_6","Thank you for healing me.","សូមអរគុណចំពោះការព្យាបាលខ្ញុំ។"
"friends","Friends","មិត្តភក្តិ"
"friends_2","I love my friends.","ខ្ញុំស្រឡាញ់មិត្តភក្តិរបស់ខ្ញុំ។"
"friends_3","Do you want to be my friend?","តើ​អ្នក​ចង់​ក្លាយ​ជា​មិត្ត​របស់​ខ្ញុំ?"
"friends_4","I don't like my friends.","ខ្ញុំមិនចូលចិត្តមិត្តភក្តិរបស់ខ្ញុំទេ។"
"friends_5","I miss my friends.","ខ្ញុំនឹកមិត្តភក្តិរបស់ខ្ញុំ។"
"friends_6","They are my friends.","ពួកគេជាមិត្តរបស់ខ្ញុំ។"
"friends_7","Thank you for playing with me.","អរគុណដែលបានលេងជាមួយខ្ញុំ។"
"cousins","Cousins","បងប្អូនជីដូនមួយ"
"cousins_2","I love my cousins.","ខ្ញុំស្រឡាញ់បងប្អូនជីដូនមួយរបស់ខ្ញុំ។"
"cousins_3","I don't have cousins.","ខ្ញុំមិនមានបងប្អូនជីដូនមួយទេ។"
"cousins_4","I miss my cousins.","ខ្ញុំនឹកបងប្អូនជីដូនមួយខ្ញុំ។"
"cousins_5","They are my cousins.","ពួកគេជាបងប្អូនជីដូនមួយរបស់ខ្ញុំ។"
"grandmother","Grandmother","លោកយាយ"
"grandmother_2","I love my grandmother.","ខ្ញុំស្រឡាញ់ជីដូនរបស់ខ្ញុំ។"
"grandmother_3","I love you grandma.","ខ្ញុំស្រឡាញ់លោកយាយ។"
"grandmother_4","I miss my grandma.","ខ្ញុំនឹកយាយខ្ញុំ។"
"grandmother_5","She is my grandma.","នាងគឺជាយាយរបស់ខ្ញុំ។"
"grandfather","Grandfather","ជីតា"
"grandfather_2","I love my grandfather.","ខ្ញុំស្រឡាញ់ជីតារបស់ខ្ញុំ។"
"grandfather_3","I love you grandpa.","ខ្ញុំស្រឡាញ់អ្នកជីតា។"
"grandfather_4","I miss my grandpa.","ខ្ញុំនឹកជីតារបស់ខ្ញុំ។"
"grandfather_5","He is my grandpa.","គាត់គឺជាជីតារបស់ខ្ញុំ។"
"stepfather","Stepfather","ឪពុកចុង"
"stepfather_2","I love my stepfather.","ខ្ញុំស្រឡាញ់ឪពុកចុងរបស់ខ្ញុំ។"
"stepfather_3","He is my stepfather.","គាត់ជាឪពុកចុងរបស់ខ្ញុំ។"
"stepfather_4","I miss my stepfather.","ខ្ញុំនឹកឪពុកចុងរបស់ខ្ញុំ។"
"stepfather_5","He is my stepfather.","គាត់ជាឪពុកចុងរបស់ខ្ញុំ។"
"stepmother","Stepmother","ម្តាយចុង"
"stepmother_2","I love my stepmother.","ខ្ញុំស្រឡាញ់ម្តាយចុងរបស់ខ្ញុំ។"
"stepmother_3","She is my stepmother.","នាងគឺជាម្តាយចុងរបស់ខ្ញុំ។"
"stepmother_4","I miss my stepmother.","ខ្ញុំនឹកម្តាយចុងរបស់ខ្ញុំ។"
"stepmother_5","She is my stepmother.","នាងគឺជាម្តាយចុងរបស់ខ្ញុំ។"
"stepsister","Stepsister","បងស្រី​ចុង"
"stepsister_2","I love my stepsister.","ខ្ញុំស្រឡាញ់ឪពុកចុងរបស់ខ្ញុំ។"
"stepsister_3","She is my stepsister.","នាងគឺជាឪពុកចុងរបស់ខ្ញុំ។"
"stepsister_4","I miss my stepsister.","ខ្ញុំនឹកឪពុកចុងរបស់ខ្ញុំ។"
"stepsister_5","She is my stepsister.","នាងគឺជាឪពុកចុងរបស់ខ្ញុំ។"
"stepbrother","Stepbrother","ប្អូនប្រុស​ចុង"
"stepbrother_2","I love my stepbrother.","ខ្ញុំស្រឡាញ់កូនចុងរបស់ខ្ញុំ។"
"stepbrother_3","He is my stepbrother.","គាត់គឺជាឪពុកចុងរបស់ខ្ញុំ។"
"stepbrother_4","I miss my stepbrother.","ខ្ញុំនឹកកូនចុងរបស់ខ្ញុំ។"
"stepbrother_5","He is my stepbrother.","គាត់គឺជាឪពុកចុងរបស់ខ្ញុំ។"
"half-brother","Half brother","បងប្រុសពាក់កណ្តាល"
"half-brother_2","I love my half brother.","ខ្ញុំស្រឡាញ់បងប្អូនពាក់កណ្តាលរបស់ខ្ញុំ។"
"half-brother_3","He is my half brother.","គាត់ជាបងប្អូនប្រុសពាក់កណ្តាលរបស់ខ្ញុំ។"
"half-brother_4","I miss my half brother.","ខ្ញុំនឹកបងប្អូនពាក់កណ្តាលរបស់ខ្ញុំ។"
"half-brother_5","He is my half brother.","គាត់ជាបងប្អូនប្រុសពាក់កណ្តាលរបស់ខ្ញុំ។"
"half-sister","Half sister","បងប្អូន​ស្រី​ដែល​មាន​ឪពុក​ឬ​ម្ដាយ​ទីទៃ"
"half-sister_2","I love my half sister.","ខ្ញុំស្រឡាញ់បងស្រីពាក់កណ្តាលរបស់ខ្ញុំ។"
"half-sister_3","She is my half sister.","នាងគឺជាបងស្រីពាក់កណ្តាលរបស់ខ្ញុំ។"
"half-sister_4","I miss my half sister.","ខ្ញុំនឹកបងស្រីពាក់កណ្តាលរបស់ខ្ញុំ។"
"half-sister_5","She is my half sister.","នាងគឺជាបងស្រីពាក់កណ្តាលរបស់ខ្ញុំ។"
"quarantine","Quarantine","ច​ត្តា​ឡី​ស័ក"
"protective-mask","Protective mask","របាំងការពារ"
"stay-home","Stay home","នៅផ្ទះ"
"toilet-paper","Toilet paper","ក្រដាស​បង្គន់"
"sprayer","Sprayer","ម៉ាស៊ីនបាញ់ថ្នាំ"
"disinfectant","Disinfectant","មាប់មគ"
"thermometer","Thermometer","ទែម៉ូម៉ែត្រ"
"coughing","Coughing","ក្អក"
"medical-assistance","Medical assistance","ជំនួយវេជ្ជសាស្រ្ត"
"hand-sanitizer","Hand sanitizer","ទឹក​លាងដៃ​សម្លាប់​មេរោគ"
"gloves","Gloves","ស្រោមដៃ"
"social-distancing","Social distancing","ការ​រក្សា​គម្លាត​ឱ្យ​នៅ​ឆ្ងាយ​ពី​គ្នា"
"mouth-mask","Mouth mask","របាំងមាត់"
"pandemic","Pandemic","ការ​រាតត្បាត​សកល"
"working-at-home","Working at home","ធ្វើការនៅផ្ទះ"
"wet-wipes","Wet wipes","ជូតសើម"
"first-aid-kit","First aid kit","ឧបករណ៍សង្គ្រោះបឋម"
"fitness","Fitness","សម្បទា"
"e-learning","E-learning","ការសិក្សាតាមអេឡិកត្រូនិក"
"virus","Virus","វីរុស"
"cleaning","Cleaning","ការសំអាត"
"school","School","សាលា"
"desk","Desk","តុ"
"desk_2","Can I use this desk?","តើខ្ញុំអាចប្រើតុនេះបានទេ?"
"desk_3","Which desk is mine?","តុមួយណាជារបស់ខ្ញុំ?"
"desk_4","I spilled on my desk.","ខ្ញុំកំពប់លើតុខ្ញុំ។"
"desk_5","Don't scratch your desk.","កុំកោសកន្លែងរបស់អ្នក។"
"chair","Chair","កៅអី"
"chair_2","Can I sit with you?","តើខ្ញុំអាចអង្គុយជាមួយអ្នកបានទេ?"
"chair_3","Which chair is mine?","តើកៅអីមួយណាជារបស់ខ្ញុំ?"
"chair_4","Is this chair taken?","តើប្រធាននេះត្រូវបានគេយកទេ?"
"chair_5","I spilled on my chair.","ខ្ញុំស្រក់លើកៅអីខ្ញុំ។"
"book","Book","សៀវភៅ"
"book_2","Textbook","សៀវភៅសិក្សា"
"book_3","Workbook","សៀវភៅការងារ"
"book_4","Reading a book.","អាន​សៀវភៅ។"
"book_5","Can I borrow your book?","តើខ្ញុំអាចខ្ចីសៀវភៅរបស់អ្នកបានទេ?"
"book_6","Which page are we at?","តើយើងនៅទំព័រណា?"
"book_7","Flip the page.","ត្រឡប់ទំព័រ។"
"book_8","I lost my book.","ខ្ញុំបានបាត់បង់សៀវភៅ។"
"notebook","Notebook","សៀវភៅកត់ត្រា"
"notebook_2","Taking notes.","កត់ចំណាំ។"
"notebook_3","I'm taking notes.","ខ្ញុំកំពុងកត់ចំណាំ។"
"notebook_4","I lost my notebook.","ខ្ញុំបានបាត់បង់សៀវភៅកត់ត្រា។"
"backpack","Backpack","សាកាដូ"
"backpack_2","Carrying my backpack.","ដឹកឥវ៉ាន់របស់ខ្ញុំ។"
"backpack_3","Putting my books in my backpack.","ដាក់សៀវភៅរបស់ខ្ញុំនៅក្នុងកាបូបស្ពាយរបស់ខ្ញុំ។"
"backpack_4","I need a new backpack.","ខ្ញុំត្រូវការកាបូបស្ពាយថ្មី។"
"backpack_5","Thank you for carrying my backpack.","សូមអរគុណដែលបានយកកាបូបស្ពាយរបស់ខ្ញុំ។"
"backpack_6","I lost my backpack.","ខ្ញុំបាត់បង់កាបូបស្ពាយ។"
"backpack_7","My backpack is heavy.","កាបូបស្ពាយរបស់ខ្ញុំធ្ងន់។"
"blackboard","Blackboard","ក្តារខៀន"
"blackboard_2","Look at the blackboard.","សូមក្រឡេកមើលក្តារខៀន។"
"blackboard_3","Cleaning the blackboard.","ការសម្អាតក្តារខៀន។"
"blackboard_4","Solving the problem on the blackboard.","ដោះស្រាយបញ្ហានៅលើក្តារខៀន។"
"blackboard_5","Taking note on the blackboard.","កត់ចំណាំនៅលើក្តារខៀន។"
"blackboard_6","Give me a chalk.","ឱ្យខ្ញុំដីសមួយ។"
"teacher_7","I don't like this topic.","ខ្ញុំមិនចូលចិត្តប្រធានបទនេះទេ។"
"teacher_8","Thank you for the lesson.","សូមអរគុណចំពោះមេរៀន។"
"school-bus","School bus","ឡាន​សាលា"
"school-bus_2","School bus is coming.","ឡានក្រុងសាលារៀនមកដល់ហើយ។"
"school-bus_3","Can I sit next to you?","តើខ្ញុំអាចអង្គុយក្បែរអ្នកបានទេ?"
"school-bus_4","Thank you bus driver!","សូមអរគុណអ្នកបើកបរឡានក្រុង!"
"school-bus_5","School bus was late.","ឡានក្រុងសាលាយឺត។"
"pencil","Pencil","ខ្មៅដៃ"
"pencil_2","I'm writing.","ខ្ញុំកំពុងសរសេរ។"
"pencil_3","I'm learning to write.","ខ្ញុំកំពុងរៀនសរសេរ។"
"pencil_4","I need a new pencil.","ខ្ញុំត្រូវការខ្មៅដៃថ្មី។"
"pencil_5","Can I borrow your pencil?","តើខ្ញុំអាចខ្ចីខ្មៅដៃរបស់អ្នកបានទេ?"
"pencil_6","I lost my pencil.","ខ្ញុំបានបាត់បង់ខ្មៅដៃរបស់ខ្ញុំ។"
"eraser","Eraser","ជ័រលុប"
"eraser_2","I'm erasing.","ខ្ញុំកំពុងលុបចោល។"
"eraser_3","I need a new eraser.","ខ្ញុំត្រូវការជ័រលុបថ្មី។"
"eraser_4","Can I borrow your eraser?","តើខ្ញុំអាចខ្ចីជ័រលុបរបស់អ្នកបានទេ?"
"eraser_5","I lost my eraser.","ខ្ញុំបានបាត់ជ័រលុប។"
"ruler","Ruler","អ្នកគ្រប់គ្រង"
"ruler_2","I'm measuring.","ខ្ញុំកំពុងវាស់។"
"ruler_3","I need a new ruler.","ខ្ញុំត្រូវការអ្នកគ្រប់គ្រងថ្មី។"
"ruler_4","Can I borrow your ruler?","តើខ្ញុំអាចខ្ចីចៅហ្វាយរបស់អ្នកបានទេ?"
"ruler_5","I lost my ruler.","ខ្ញុំបានបាត់បង់អ្នកគ្រប់គ្រងរបស់ខ្ញុំ។"
"sharpener","Sharpener","Sharpener"
"sharpener_2","I'm sharpening my pencil.","ខ្ញុំកំពុងគូសខ្មៅដៃរបស់ខ្ញុំ។"
"sharpener_3","I need a new sharpener.","ខ្ញុំត្រូវការអ្នកដុសខាត់ថ្មី។"
"sharpener_4","Can I borrow your sharpener?","តើខ្ញុំអាចខ្ចីសំភារះរបស់អ្នកបានទេ?"
"sharpener_5","I lost my sharpener.","ខ្ញុំបានបាត់បង់អ្នកមុតស្រួចរបស់ខ្ញុំ។"
"mathematics","Mathematics","គណិតវិទ្យា"
"mathematics_2","I like mathematics.","ខ្ញុំចូលចិត្តគណិតវិទ្យា។"
"mathematics_3","I want to study mathematics.","ខ្ញុំចង់សិក្សាគណិតវិទ្យា។"
"mathematics_4","I don't like mathematics.","ខ្ញុំមិនចូលចិត្តគណិតវិទ្យាទេ។"
"mathematics_5","When is mathematics class?","តើថ្នាក់គណិតវិទ្យានៅពេលណា?"
"mathematics_6","Can you help me with my mathematics homework?","តើអ្នកអាចជួយខ្ញុំជាមួយលំហាត់គណិតវិទ្យារបស់ខ្ញុំបានទេ?"
"literature","Literature","អក្សរសាស្ត្រ"
"literature_2","I like literature.","ខ្ញុំចូលចិត្តអក្សរសាស្ត្រ។"
"literature_3","I want to study literature.","ខ្ញុំចង់សិក្សាអក្សរសាស្ត្រ។"
"literature_4","I don't like literature.","ខ្ញុំមិនចូលចិត្តអក្សរសាស្រ្តទេ។"
"literature_5","When is literature class?","តើថ្នាក់អក្សរសាស្ត្រនៅពេលណា?"
"literature_6","Can you help me with my literature homework?","តើអ្នកអាចជួយខ្ញុំក្នុងការងារអក្សរសិល្ប៍របស់ខ្ញុំបានទេ?"
"science","Science","វិទ្យាសាស្ត្រ"
"science_2","I like science.","ខ្ញុំចូលចិត្តវិទ្យាសាស្ត្រ។"
"science_3","I want to study science.","ខ្ញុំចង់សិក្សាវិទ្យាសាស្ត្រ។"
"science_4","I don't like science.","ខ្ញុំមិនចូលចិត្តវិទ្យាសាស្ត្រទេ។"
"science_5","When is science class?","តើថ្នាក់វិទ្យាសាស្ត្រនៅពេលណា?"
"science_6","Can you help me with my science homework?","តើអ្នកអាចជួយខ្ញុំជាមួយនឹងការងារវិទ្យាសាស្ត្ររបស់ខ្ញុំបានទេ?"
"art-class","Art class","ថ្នាក់​សិល្បៈ"
"art-class_2","I like art class.","ខ្ញុំចូលចិត្តថ្នាក់សិល្បៈ។"
"art-class_3","I want to practice art skills.","ខ្ញុំចង់អនុវត្តជំនាញសិល្បៈ។"
"art-class_4","I don't like art class.","ខ្ញុំមិនចូលចិត្តថ្នាក់សិល្បៈទេ។"
"art-class_5","When is art class?","តើថ្នាក់សិល្បៈនៅពេលណា?"
"art-class_6","Can you help me with my art class homework?","តើអ្នកអាចជួយខ្ញុំជាមួយនឹងការងារសិល្បៈថ្នាក់របស់ខ្ញុំបានទេ?"
"music-class","Music class","ថ្នាក់តន្ត្រី"
"music-class_2","I like music class.","ខ្ញុំចូលចិត្តថ្នាក់តន្រ្តី។"
"music-class_3","I want to practice music skills.","ខ្ញុំចង់អនុវត្តជំនាញតន្រ្តី។"
"music-class_4","I don't like music class.","ខ្ញុំមិនចូលចិត្តថ្នាក់តន្ត្រីទេ។"
"music-class_5","When is music class?","តើថ្នាក់តន្ត្រីនៅពេលណា?"
"music-class_6","Can you help me with my music class homework?","តើអ្នកអាចជួយខ្ញុំជាមួយកិច្ចការសាលាតន្ត្រីរបស់ខ្ញុំបានទេ?"
"geography","Geography","ភូមិសាស្ត្រ"
"geography_2","I like geography.","ខ្ញុំចូលចិត្តភូមិសាស្ត្រ។"
"geography_3","I want to study geography.","ខ្ញុំចង់សិក្សាភូមិសាស្ត្រ។"
"geography_4","I don't like geography.","ខ្ញុំមិនចូលចិត្តភូមិសាស្ត្រទេ។"
"geography_5","When is geography?","តើភូមិសាស្ត្រនៅពេលណា?"
"geography_6","Can you help me with my geography homework?","តើអ្នកអាចជួយខ្ញុំក្នុងការងារភូមិសាស្ត្ររបស់ខ្ញុំបានទេ?"
"telescope","Telescope","តេឡេស្កុប"
"telescope_2","I'm using the telescope.","ខ្ញុំកំពុងប្រើកែវយឹត។"
"telescope_3","I want to use the telescope.","ខ្ញុំចង់ប្រើកែវយឹត។"
"telescope_4","I want to look at the stars.","ខ្ញុំចង់មើលផ្កាយ។"
"glue","Glue","កាវ"
"glue_2","I'm using glue.","ខ្ញុំកំពុងប្រើកាវ។"
"glue_3","I need a new glue.","ខ្ញុំត្រូវការកាវបិទថ្មី។"
"glue_4","Can I borrow your glue?","តើខ្ញុំអាចខ្ចីកាវរបស់អ្នកបានទេ?"
"glue_5","I lost my glue.","ខ្ញុំបាត់បង់កាវបិទ។"
"shapes","Shapes","រាង"
"circle","Circle","រង្វង់"
"circle_2","This is circle shaped.","នេះជារាងរង្វង់។"
"circle_3","Can you teach me how to draw a circle?","តើអ្នកអាចបង្រៀនខ្ញុំពីរបៀបគូររង្វង់បានទេ?"
"triangle","Triangle","ត្រីកោណ"
"triangle_2","This is triangle shaped.","នេះគឺជារាងត្រីកោណ។"
"triangle_3","Can you teach me how to draw a triangle?","តើអ្នកអាចបង្រៀនខ្ញុំពីរបៀបគូរត្រីកោណបានទេ?"
"square","Square","ការ៉េ"
"square_2","This is square shaped.","នេះគឺជារាងការ៉េ។"
"square_3","Can you teach me how to draw a square?","តើអ្នកអាចបង្រៀនខ្ញុំពីរបៀបគូរការ៉េបានទេ?"
"rectangle","Rectangle","ចតុកោណ"
"rectangle_2","This is rectangle shaped.","នេះគឺជារាងចតុកោណ។"
"rectangle_3","Can you teach me how to draw a rectangle?","តើអ្នកអាចបង្រៀនខ្ញុំពីរបៀបគូរចតុកោណបានទេ?"
"star","Star","ផ្កាយ"
"star_2","This is star shaped.","នេះគឺជារូបផ្កាយ។"
"star_3","Can you teach me how to draw a star?","តើអ្នកអាចបង្រៀនខ្ញុំពីរបៀបគូរផ្កាយបានទេ?"
"pentagon","Pentagon","មន្ទីរបញ្ចកោណ"
"pentagon_2","This is pentagon shaped.","នេះមានរាងដូច pentagon ។"
"pentagon_3","Can you teach me how to draw a pentagon?","តើអ្នកអាចបង្រៀនខ្ញុំពីរបៀបគូរស្តុងហ្គោលបានទេ?"
"hexagon","Hexagon","ឆកោន"
"hexagon_2","This is hexagon shaped.","នេះគឺជារាងឆកោន។"
"hexagon_3","Can you teach me how to draw a hexagon?","តើអ្នកអាចបង្រៀនខ្ញុំពីរបៀបគូរឆកោនទេ?"
"cross","Cross","ឈើឆ្កាង"
"cross_2","This is cross shaped.","នេះគឺជារាងឈើឆ្កាង។"
"cross_3","Can you teach me how to draw a cross?","តើអ្នកអាចបង្រៀនខ្ញុំពីរបៀបគូរឈើឆ្កាងបានទេ?"
"ellipse","Ellipse","ពងក្រពើ"
"ellipse_2","This is ellipse shaped.","នេះគឺជារាងពងក្រពើ។"
"ellipse_3","Can you teach me how to draw a ellipse?","តើអ្នកអាចបង្រៀនខ្ញុំពីរបៀបគូរពងក្រពើបានទេ?"
"arrow","Arrow","ព្រួញ"
"arrow_2","This is arrow shaped.","នេះគឺជារាងព្រួញ។"
"arrow_3","Can you teach me how to draw a arrow?","តើអ្នកអាចបង្រៀនខ្ញុំពីរបៀបគូរព្រួញបានទេ?"
"crescent","Crescent","អឌ្ឍចន្ទ"
"crescent_2","This is crescent shaped.","នេះគឺជារាងអឌ្ឍចន្ទ។"
"crescent_3","Can you teach me how to draw a crescent?","តើអ្នកអាចបង្រៀនខ្ញុំពីរបៀបគូរអឌ្ឍចន្ទបានទេ?"
"heart","Heart","បេះដូង"
"heart_2","This is heart shaped.","នេះគឺជារាងបេះដូង។"
"heart_3","Can you teach me how to draw a heart?","តើអ្នកអាចបង្រៀនខ្ញុំពីរបៀបគូរបេះដូងបានទេ?"
"rhombus","Rhombus","Rhombus"
"rhombus_2","This is rhombus shaped.","នេះគឺជារាង rhombus ។"
"rhombus_3","Can you teach me how to draw a rhombus?","តើអ្នកអាចបង្រៀនខ្ញុំពីរបៀបគូររូបចម្លាក់រាងពងក្រពើបានទេ?"
"ring","Ring","រោទិ៍"
"ring_2","This is ring shaped.","នេះគឺជាចិញ្ចៀនរាង។"
"ring_3","Can you teach me how to draw a ring?","តើអ្នកអាចបង្រៀនខ្ញុំពីរបៀបគូរចិញ្ចៀនបានទេ?"
"semicircle","Semicircle","ពាក់កណ្តាលរង្វង់"
"semicircle_2","This is semicircle shaped.","នេះគឺជារាងពាក់កណ្តាលរង្វង់។"
"semicircle_3","Can you teach me how to draw a semicircle?","តើអ្នកអាចបង្រៀនខ្ញុំពីរបៀបគូររង្វង់ពាក់កណ្តាលរង្វង់បានទេ?"
"trapezoid","Trapezoid","ត្រពាំង"
"trapezoid_2","This is trapezoid shaped.","នេះគឺជារាងត្របក។"
"trapezoid_3","Can you teach me how to draw a trapezoid?","តើអ្នកអាចបង្រៀនខ្ញុំពីរបៀបគូរត្រាប់តាមទេ?"
"cube","Cube","គូប"
"cube_2","This is cube shaped.","នេះគឺជារាងគូប។"
"cube_3","Can you teach me how to draw a cube?","តើអ្នកអាចបង្រៀនខ្ញុំពីរបៀបគូរគូបបានទេ?"
"cylinder","Cylinder","ស៊ីឡាំង"
"cylinder_2","This is cylinder shaped.","នេះគឺជារាងស៊ីឡាំង។"
"cylinder_3","Can you teach me how to draw a cylinder?","តើអ្នកអាចបង្រៀនខ្ញុំពីរបៀបគូរស៊ីឡាំងបានទេ?"