"activities","Activities","aktiviteter"
"walking","Walking","walking"
"walking_2","I like walking","Jeg liker å gå"
"walking_3","I don't like walking","Jeg liker ikke å gå"
"walking_4","Do you want to walk together?","Vil du gå sammen?"
"running","Running","Løping"
"running_2","I like running.","Jeg liker å løpe."
"running_3","I don't like running.","Jeg liker ikke å løpe."
"running_4","Do you want to go running?","Vil du løpe?"
"talking","Talking","snakke"
"talking_2","I like talking.","Jeg liker å snakke."
"talking_3","I don't like talking.","Jeg liker ikke å snakke."
"talking_4","Do you want to talk with me?","Ønsker du å snakke med meg?"
"reading","Reading","Lesning"
"reading_2","I like reading.","Jeg liker å lese."
"reading_3","I don't like reading.","Jeg liker ikke å lese."
"reading_4","Do you want to read together?","Vil du lese sammen?"
"football","Football","Fotball"
"football_2","I like playing football.","Jeg liker å spille fotball."
"football_3","I don't like playing football.","Jeg liker ikke å spille fotball."
"football_4","Do you want to play football?","Vil du spille fotball?"
"basketball","Basketball","basketball"
"basketball_2","I like playing basketball.","Jeg liker å spille basketball."
"basketball_3","I don't like playing basketball.","Jeg liker ikke å spille basketball."
"basketball_4","Do you want to play basketball?","Vil du spille basketball?"
"swimming","Swimming","svømming"
"swimming_2","I like swimming.","Jeg liker å svømme."
"swimming_3","I don't like swimming.","Jeg liker ikke å svømme."
"swimming_4","Do you want to go to swimming?","Vil du gå på svømming?"
"painting","Painting","Maleri"
"painting_2","I like painting.","Jeg liker å male."
"painting_3","I don't like painting.","Jeg liker ikke å male."
"painting_4","Do you want to paint together?","Vil du male sammen?"
"drawing","Drawing","Tegning"
"drawing_2","I like drawing.","Jeg liker å tegne."
"drawing_3","I don't like drawing.","Jeg liker ikke å tegne."
"drawing_4","Do you want to draw together?","Vil du tegne sammen?"
"cycling","Cycling","Sykling"
"cycling_2","I like cycling.","Jeg liker å sykle."
"cycling_3","I don't like cycling.","Jeg liker ikke å sykle."
"cycling_4","Do you want to go cycling?","Vil du sykle?"
"skating","Skating","skating"
"skating_2","I like skating.","Jeg liker å gå på skøyter."
"skating_3","I don't like skating.","Jeg liker ikke skøyter."
"skating_4","Do you want to go skating?","Vil du gå på skøyter?"
"sightseeing","Sightseeing","Sightseeing"
"sightseeing_2","I like sightseeing.","Jeg liker sightseeing."
"sightseeing_3","I don't like sightseeing.","Jeg liker ikke sightseeing."
"sightseeing_4","Do you want to go for sightseeing?","Vil du dra på sightseeing?"
"video-games","Video games","Videospill"
"video-games_2","I like playing video games.","Jeg liker å spille videospill."
"video-games_3","I don't like playing video games.","Jeg liker ikke å spille videospill."
"video-games_4","Do you want to play games?","Vil du spille spill?"
"tidying","Tidying","rydder rommet"
"tidying_2","I like tidying my room.","Jeg liker å rydde rommet mitt."
"tidying_3","I don't like tidying my room.","Jeg liker ikke å rydde rommet mitt."
"tidying_4","Can you help me tidy my room?","Kan du hjelpe meg med å rydde rommet mitt?"
"toys","Toys","Leker"
"toys_2","I like toys.","Jeg liker leker."
"toys_3","I don't like toys.","Jeg liker ikke leker."
"toys_4","Do you want to play with my toys?","Vil du leke med lekene mine?"
"puzzle","Puzzle","Puslespill"
"puzzle_2","I like solving puzzle.","Jeg liker å løse gåter."
"puzzle_3","I don't like solving puzzle.","Jeg liker ikke å løse gåter."
"puzzle_4","Do you want to solve puzzles with me?","Vil du løse gåter med meg?"
"comics","Comics","Tegneserier"
"comics_2","I like reading comics.","Jeg liker å lese tegneserier."
"comics_3","I don't like reading comics.","Jeg liker ikke å lese tegneserier."
"comics_4","Do you want to read comics?","Vil du lese tegneserier?"
"chess","Chess","Sjakk"
"chess_2","I like playing chess.","Jeg liker å spille sjakk."
"chess_3","I don't like playing chess.","Jeg liker ikke å spille sjakk."
"chess_4","Do you want to play chess with me?","Vil du spille sjakk med meg?"
"using-leeloo","Using Leeloo","Bruker Leeloo"
"using-leeloo_2","I like using leeloo.","Jeg liker å bruke leeloo."
"using-leeloo_3","I don't like using leeloo.","Jeg liker ikke å bruke leeloo."
"using-leeloo_4","Can you change card packs on leeloo?","Kan du bytte kortpakker på leeloo?"
"texting","Texting","Tekster"
"texting_2","I like texting.","Jeg liker sms."
"texting_3","I don't like texting.","Jeg liker ikke tekst."
"knitting","Knitting","strikking"
"knitting_2","I like knitting.","Jeg liker å strikke."
"knitting_3","I don't like knitting.","Jeg liker ikke å strikke."
"knitting_4","I want to learn how to knit.","Jeg vil lære å strikke."
"bowling","Bowling","Bowling"
"bowling_2","I like bowling.","Jeg liker bowling."
"bowling_3","I don't like bowling.","Jeg liker ikke bowling."
"bowling_4","Do you want to play bowling with me?","Vil du spille bowling med meg?"
"watching-tv","Watching TV","Ser på TV"
"watching-tv_2","I like watching tv.","Jeg liker å se på TV."
"watching-tv_3","I don't like watching tv.","Jeg liker ikke å se på tv."
"watching-tv_4","Do you want to watch tv?","Vil du se på tv?"
"fishing","Fishing","fiske"
"fishing_2","I like fishing.","Jeg liker å fiske."
"fishing_3","I don't like fishing.","Jeg liker ikke å fiske."
"fishing_4","Do you want to go to fishing?","Ønsker du å fiske?"
"exercising","Exercising","trene"
"exercising_2","I like exercising.","Jeg liker å trene."
"exercising_3","I don't like exercising.","Jeg liker ikke å trene."
"exercising_4","Do you want to exercise with me?","Vil du trene sammen med meg?"
"tennis","Tennis","Tennis"
"tennis_2","I like playing tennis.","Jeg liker å spille tennis."
"tennis_3","I don't like playing tennis.","Jeg liker ikke å spille tennis."
"tennis_4","Do you want to play tennis with me?","Vil du spille tennis med meg?"
"animals","Animals","dyr"
"cat","Cat","Katt"
"cat_2","I like cats.","Jeg liker katter."
"cat_3","I saw a cat.","Jeg så en katt."
"cat_4","What noise does a cat make?","Hvilken støy lager en katt?"
"cat_5","Can we get a cat as pet?","Kan vi få en katt som kjæledyr?"
"dog","Dog","Hund"
"dog_2","I like dog.","Jeg liker hund."
"dog_3","I saw a dog.","Jeg så en hund."
"dog_4","What noise does a dog make?","Hvilken støy lager en hund?"
"dog_5","Can we get a dog as pet?","Kan vi få en hund som kjæledyr?"
"fish","Fish","Fisk"
"fish_2","I like fish.","Jeg liker fisk."
"fish_3","I saw a fish.","Jeg så en fisk."
"fish_4","What noise does a fish make?","Hvilken støy lager en fisk?"
"fish_5","Can we get a fish as pet?","Kan vi få en fisk som kjæledyr?"
"rabbit","Rabbit","Kanin"
"rabbit_2","I like rabbits.","Jeg liker kaniner."
"rabbit_3","I saw a rabbit.","Jeg så en kanin."
"rabbit_4","What noise does a rabbit make?","Hvilken støy lager en kanin?"
"rabbit_5","Can we get a rabbit as pet?","Kan vi få en kanin som kjæledyr?"
"butterfly","Butterfly","Sommerfugl"
"butterfly_2","I like butterflies.","Jeg liker sommerfugler."
"butterfly_3","I saw a butterfly.","Jeg så en sommerfugl."
"butterfly_4","What noise does a butterfly make?","Hvilken støy lager en sommerfugl?"
"kangaroo","Kangaroo","Kenguru"
"kangaroo_2","I like kangaroos.","Jeg liker kenguruer."
"kangaroo_3","I saw a kangaroo.","Jeg så en kenguru."
"kangaroo_4","What noise does a kangaroo make?","Hvilken støy lager en kenguru?"
"turtle","Turtle","Skilpadde"
"turtle_2","I like turtles.","Jeg liker skilpadder."
"turtle_3","I saw a turtle.","Jeg så en skilpadde."
"turtle_4","What noise does a turtle make?","Hvilken støy lager en skilpadde?"
"giraffe","Giraffe","Sjiraff"
"giraffe_2","I like giraffes.","Jeg liker sjiraffer."
"giraffe_3","I saw a giraffe.","Jeg så en sjiraff."
"giraffe_4","What noise does a giraffe make?","Hvilken støy lager en sjiraff?"
"frog","Frog","Frosk"
"frog_2","I like frogs.","Jeg liker frosker."
"frog_3","I saw a frog.","Jeg så en frosk."
"frog_4","What noise does a frog make?","Hvilken støy lager en frosk?"
"swan","Swan","Swan"
"swan_2","I like swans.","Jeg liker svaner."
"swan_3","I saw a swan.","Jeg så en svane."
"swan_4","What noise does a swan make?","Hvilken støy lager en svane?"
"spider","Spider","Edderkopp"
"spider_2","I like spiders.","Jeg liker edderkopper."
"spider_3","I saw a spider.","Jeg så en edderkopp."
"spider_4","What noise does a spider make?","Hvilken støy lager en edderkopp?"
"cow","Cow","Ku"
"cow_2","I like cows.","Jeg liker kuer."
"cow_3","I saw a cow.","Jeg så en ku."
"cow_4","What noise does a cow make?","Hvilken støy lager en ku?"
"duck","Duck","And"
"duck_2","I like ducks.","Jeg liker ender."
"duck_3","I saw a duck.","Jeg så en and."
"duck_4","What noise does a duck make?","Hvilken støy lager en and?"
"horse","Horse","Hest"
"horse_2","I like horses.","Jeg liker hester."
"horse_3","I saw a horse.","Jeg så en hest."
"horse_4","What noise does a horse make?","Hvilken støy lager en hest?"
"chicken","Chicken","Kylling"
"chicken_2","I like chickens.","Jeg liker kyllinger."
"chicken_3","I saw a chicken.","Jeg så en kylling."
"chicken_4","What noise does a chicken make?","Hvilken støy lager en kylling?"
"bee","Bee","Bie"
"bee_2","I like bees.","Jeg liker bier."
"bee_3","I saw a bee.","Jeg så en bie."
"bee_4","What noise does a bee make?","Hvilken støy lager en bie?"
"pig","Pig","Gris"
"pig_2","I like pigs.","Jeg liker griser."
"pig_3","I saw a pig.","Jeg så en gris."
"pig_4","What noise does a pig make?","Hvilken støy lager en gris?"
"dove","Dove","Due"
"dove_2","I like doves.","Jeg liker duer."
"dove_3","I saw a dove.","Jeg så en due."
"dove_4","What noise does a dove make?","Hvilken støy lager en due?"
"crab","Crab","Krabbe"
"crab_2","I like crabs.","Jeg liker krabber."
"crab_3","I saw a crab.","Jeg så en krabbe."
"crab_4","What noise does a crab make?","Hvilken støy lager en krabbe?"
"penguin","Penguin","Pingvin"
"penguin_2","I like penguins.","Jeg liker pingviner."
"penguin_3","I saw a penguin.","Jeg så en pingvin."
"penguin_4","What noise does a penguin make?","Hvilken støy lager en pingvin?"
"elephant","Elephant","Elefant"
"elephant_2","I like elephants.","Jeg liker elefanter."
"elephant_3","I saw an elephant.","Jeg så en elefant."
"elephant_4","What noise does an elephant make?","Hvilken støy lager en elefant?"
"zebra","Zebra","Sebra"
"zebra_2","I like zebras.","Jeg liker sebraer."
"zebra_3","I saw a zebra.","Jeg så en sebra."
"zebra_4","What noise does a zebra make?","Hvilken støy lager en sebra?"
"panda","Panda","Panda"
"panda_2","I like pandas.","Jeg liker pandaer."
"panda_3","I saw a panda.","Jeg så en panda."
"panda_4","What noise does a panda make?","Hvilken støy lager en panda?"
"monkey","Monkey","Ape"
"monkey_2","I like monkeys.","Jeg liker aper."
"monkey_3","I saw a monkey.","Jeg så en ape."
"monkey_4","What noise does a monkey make?","Hvilken støy lager en ape?"
"camel","Camel","Kamel"
"camel_2","I like camels.","Jeg liker kameler."
"camel_3","I saw a camel.","Jeg så en kamel."
"camel_4","What noise does a camel make?","Hvilken støy lager en kamel?"
"mouse","Mouse","Mus"
"mouse_2","I like mice.","Jeg liker mus."
"mouse_3","I saw a mouse.","Jeg så en mus."
"mouse_4","What noise does a mouse make?","Hvilken støy lager en mus?"
"tiger","Tiger","Tiger"
"tiger_2","I like tigers.","Jeg liker tigre."
"tiger_3","I saw a tiger.","Jeg så en tiger."
"tiger_4","What noise does a tiger make?","Hvilken støy lager en tiger?"
"jellyfish","Jellyfish","Manet"
"jellyfish_2","I like jellyfishes.","Jeg liker maneter."
"jellyfish_3","I saw a jellyfish.","Jeg så en manet."
"jellyfish_4","What noise does a jellyfish make?","Hvilken støy lager en manet?"
"crocodile","Crocodile","Krokodille"
"crocodile_2","I like crocodiles.","Jeg liker krokodiller."
"crocodile_3","I saw a crocodile.","Jeg så en krokodille."
"crocodile_4","What noise does a crocodile make?","Hvilken støy lager en krokodille?"
"koala","Koala","Koala"
"koala_2","I like koalas.","Jeg liker koalaer."
"koala_3","I saw a koala.","Jeg så en koala."
"koala_4","What noise does a koala make?","Hvilken støy lager en koala?"
"ostrich","Ostrich","Struts"
"ostrich_2","I like ostriches.","Jeg liker strutser."
"ostrich_3","I saw an ostrich.","Jeg så en struts."
"ostrich_4","What noise does an ostrich make?","Hvilken støy lager en struts?"
"racoon","Racoon","Racoon"
"racoon_2","I like racoons.","Jeg liker racoons."
"racoon_3","I saw a racoon.","Jeg så en racoon."
"racoon_4","What noise does a racoon make?","Hvilken støy lager en racoon?"
"bat","Bat","Flaggermus"
"bat_2","I like bats.","Jeg liker flaggermus."
"bat_3","I saw a bat.","Jeg så en flaggermus."
"bat_4","What noise does a bat make?","Hvilken støy lager en flaggermus?"
"eagle","Eagle","Ørn"
"eagle_2","I like eagles.","Jeg liker ørn."
"eagle_3","I saw an eagle.","Jeg så en ørn."
"eagle_4","What noise does an eagle make?","Hvilken støy lager en ørn?"
"hippopotamus","Hippopotamus","Flodhest"
"hippopotamus_2","I like hippopotamus.","Jeg liker flodhest."
"hippopotamus_3","I saw a hippopotamus.","Jeg så en flodhest."
"hippopotamus_4","What noise does a hippopotamus make?","Hvilken støy lager en flodhest?"
"seal","Seal","Tetning"
"seal_2","I like seals.","Jeg liker sel."
"seal_3","I saw a seal.","Jeg så en sel."
"seal_4","What noise does a seal make?","Hvilken støy lager en tetning?"
"walrus","Walrus","Hvalross"
"walrus_2","I like walruses.","Jeg liker hvalross."
"walrus_3","I saw a walrus.","Jeg så en hvalross."
"walrus_4","What noise does a walrus make?","Hvilken støy lager en hvalross?"
"seahorse","Seahorse","Seahorse"
"seahorse_2","I like seahorses.","Jeg liker sjøhester."
"seahorse_3","I saw a seahorse.","Jeg så en sjøhest."
"seahorse_4","What noise does a seahorse make?","Hvilken støy lager en sjøhest?"
"bull","Bull","Okse"
"bull_2","I like bulls.","Jeg liker okser."
"bull_3","I saw a bull.","Jeg så en okse."
"bull_4","What noise does a bull make?","Hvilken støy lager en okse?"
"pelican","Pelican","Pelikan"
"pelican_2","I like pelicans.","Jeg liker pelikaner."
"pelican_3","I saw a pelican.","Jeg så en pelikan."
"pelican_4","What noise does a pelican make?","Hvilken støy lager en pelikan?"
"beaver","Beaver","Bever"
"beaver_2","I like beavers.","Jeg liker bever."
"beaver_3","I saw a beaver.","Jeg så en bever."
"beaver_4","What noise does a beaver make?","Hvilken støy lager en bever?"
"goldfish","Goldfish","Gullfisk"
"goldfish_2","I like goldfishes.","Jeg liker gullfisk."
"goldfish_3","I saw a goldfish.","Jeg så en gullfisk."
"goldfish_4","What noise does a goldfish make?","Hvilken støy lager en gullfisk?"
"goldfish_5","Can we get a goldfish as pet?","Kan vi få en gullfisk som kjæledyr?"
"rhinoceros","Rhinoceros","Neshorn"
"rhinoceros_2","I like rhinoceros.","Jeg liker neshorn."
"rhinoceros_3","I saw a rhinoceros.","Jeg så en neshorn."
"rhinoceros_4","What noise does a rhinoceros make?","Hvilken støy lager en neshorn?"
"snake","Snake","Slange"
"snake_2","I like snakes.","Jeg liker slanger."
"snake_3","I saw a snake.","Jeg så en slange."
"snake_4","What noise does a snake make?","Hvilken støy lager en slange?"
"lion","Lion","Løve"
"lion_2","I like lions.","Jeg liker løver."
"lion_3","I saw a lion.","Jeg så en løve."
"lion_4","What noise does a lion make?","Hvilken støy lager en løve?"
"squid","Squid","Akkar"
"squid_2","I like squids.","Jeg liker blekksprut."
"squid_3","I saw a squid.","Jeg så en blekksprut."
"squid_4","What noise does a squid make?","Hvilken støy lager en blekksprut?"
"whale","Whale","Hval"
"whale_2","I like whales.","Jeg liker hvaler."
"whale_3","I saw a whale.","Jeg så en hval."
"whale_4","What noise does a whale make?","Hvilken støy lager en hval?"
"beetle","Beetle","Beetle"
"beetle_2","I like beetles.","Jeg liker biller."
"beetle_3","I saw a beetle.","Jeg så en bille."
"beetle_4","What noise does a beetle make?","Hvilken støy lager en bille?"
"dolphin","Dolphin","delfin"
"dolphin_2","I like dolphins.","Jeg liker delfiner."
"dolphin_3","I saw a dolphin.","Jeg så en delfin."
"dolphin_4","What noise does a dolphin make?","Hvilken støy lager en delfin?"
"starfish","Starfish","Sjøstjerne"
"starfish_2","I like starfishes.","Jeg liker sjøstjerner."
"starfish_3","I saw a starfish.","Jeg så en sjøstjerne."
"starfish_4","What noise does a starfish make?","Hvilken støy lager en sjøstjerne?"
"parakeet","Parakeet","parakeet"
"parakeet_2","I like parakeets.","Jeg liker parakitter."
"parakeet_3","I saw a parakeet.","Jeg så en parakitt."
"parakeet_4","What noise does a parakeet make?","Hvilken støy lager en parakitt?"
"owl","Owl","Ugle"
"owl_2","I like owls.","Jeg liker ugler."
"owl_3","I saw an owl.","Jeg så en ugle."
"owl_4","What noise does an owl make?","Hvilken støy lager en ugle?"
"sheep","Sheep","Sau"
"sheep_2","I like sheeps.","Jeg liker sauer."
"sheep_3","I saw a sheep.","Jeg så en sau."
"sheep_4","What noise does a sheep make?","Hvilken støy lager en sau?"
"clothes","Clothes","klær"
"pants","Pants","Bukser"
"pants_2","My pants are dirty.","Buksene mine er skitne."
"pants_3","Can you help me wear my pants?","Kan du hjelpe meg å bruke buksene mine?"
"shirt","Shirt","Skjorte"
"shirt_2","My shirt is dirty.","Skjorta mi er skitten."
"shirt_3","Can you help me wear my shirt?","Kan du hjelpe meg å bruke skjorta?"
"skirt","Skirt","Skjørt"
"skirt_2","My skirt is dirty.","Skjørtet mitt er skittent."
"skirt_3","Can you help me wear my skirt?","Kan du hjelpe meg å bruke skjørtet mitt?"
"panty","Panty","panty"
"panty_2","My underwear is dirty.","Undertøyet mitt er skittent."
"panty_3","Can you help me wear my panty?","Kan du hjelpe meg å bruke trusen?"
"jacket","Jacket","Jakke"
"jacket_2","My jacket is dirty.","Jakken min er skitten."
"jacket_3","Can you help me wear my jacket?","Kan du hjelpe meg å bruke jakken min?"
"tie","Tie","Slips"
"tie_2","I like wearing tie.","Jeg liker å ha slips."
"tie_3","Can you help me tie my tie?","Kan du hjelpe meg med å knytte slips?"
"baseball-cap","Baseball cap","Baseballcapen"
"baseball-cap_2","I like wearing baseball cap.","Jeg liker å bruke baseballcap."
"baseball-cap_3","Which baseball cap should I wear?","Hvilken baseballcap skal jeg ha på meg?"
"dress","Dress","Kjole"
"dress_2","My dress is dirty.","Kjolen min er skitten."
"dress_3","Can you help me wear my dress?","Kan du hjelpe meg å bruke kjolen min?"
"shoes","Shoes","sko"
"shoes_2","My shoes are dirty.","Skoene mine er skitne."
"shoes_3","Can you help me wear my shoes?","Kan du hjelpe meg å bruke skoene mine?"
"boots","Boots","Støvler"
"boots_2","My boots are dirty.","Støvlene mine er skitne."
"boots_3","Can you help me wear my boots?","Kan du hjelpe meg å bruke støvlene mine?"
"sneakers","Sneakers","joggesko"
"sneakers_2","I want to wear my sneakers.","Jeg vil bruke joggeskoene mine."
"sneakers_3","Can you help me wear my sneakers?","Kan du hjelpe meg å bruke joggeskoene mine?"
"slippers","Slippers","tøfler"
"slippers_2","I want to wear my slippers.","Jeg vil bruke tøflene mine."
"slippers_3","Can you help me wear my slippers?","Kan du hjelpe meg å bruke tøflene mine?"
"belt","Belt","Belte"
"belt_2","I like wearing belt.","Jeg liker å bruke belte."
"belt_3","Can you help me wear my belt?","Kan du hjelpe meg å bære beltet?"
"socks","Socks","Sokker"
"socks_2","My socks are dirty.","Sokkene mine er skitne."
"socks_3","Can you help me wear my socks?","Kan du hjelpe meg å bruke sokkene mine?"
"swimsuit","Swimsuit","Badedrakt"
"swimsuit_2","I want to wear my swimsuit.","Jeg vil bruke badedrakten min."
"swimsuit_3","Can you help me wear my swimsuit?","Kan du hjelpe meg å bruke badedrakten min?"
"sweater","Sweater","Genser"
"sweater_2","My sweater is dirty.","Genseren min er skitten."
"sweater_3","Can you help me wear my sweater?","Kan du hjelpe meg å bruke genseren min?"
"scarf","Scarf","Skjerf"
"scarf_2","I like wearing scarf.","Jeg liker å ha på meg skjerf."
"scarf_3","Can you help me wear my scarf?","Kan du hjelpe meg å bruke skjerfet mitt?"
"denim-shorts","Denim shorts","Dongerishorts"
"denim-shorts_2","My denim shorts are dirty.","Denim shortsene mine er skitne."
"denim-shorts_3","Can you help me wear my denim shorts?","Kan du hjelpe meg med å bruke denimshortsen?"
"hoodies","Hoodies","gensere"
"hoodies_2","I like wearing hoodies.","Jeg liker å ha hettegensere."
"hoodies_3","Can you help me wear my hoodie?","Kan du hjelpe meg å bruke hettegenser?"
"swimming-shorts","Swimming shorts","Svømmeshorts"
"swimming-shorts_2","My swimming shorts are dirty.","Svømmeshortsen min er skitten."
"swimming-shorts_3","Can you help me wear my swimming shorts?","Kan du hjelpe meg å bruke svømmehortsene mine?"
"bow-tie","Bow tie","Sløyfe"
"bow-tie_2","I like wearing bow tie.","Jeg liker å ha på meg slips."
"bow-tie_3","Can you help me wear my bow tie?","Kan du hjelpe meg med slips?"
"leather-jacket","Leather jacket","Skinnjakke"
"leather-jacket_2","I like wearing leather jacket.","Jeg liker å bruke skinnjakke."
"leather-jacket_3","Can you help me wear my leather jacket?","Kan du hjelpe meg å bruke skinnjakken min?"
"bathrobe","Bathrobe","Badekåpe"
"bathrobe_2","I like wearing bathrobe.","Jeg liker å bruke badekåpe."
"bathrobe_3","Can you help me wear my bathrobe?","Kan du hjelpe meg å bruke badekåpen min?"
"jumpsuit","Jumpsuit","jumpsuit"
"jumpsuit_2","I like wearing jumpsuit.","Jeg liker å ha på meg jumpsuit."
"jumpsuit_3","Can you help me wear my jumpsuit?","Kan du hjelpe meg å bruke jumpsuiten min?"
"fedora-hat","Fedora hat","Fedora hatt"
"fedora-hat_2","I like wearing fedora hat.","Jeg liker å ha på meg fedorahatt."
"fedora-hat_3","Can you help me wear my fedora hat?","Kan du hjelpe meg å bruke fedorihatten min?"
"t-shirt","T-shirt","T skjorte"
"t-shirt_2","I like wearing t-shirt.","Jeg liker å bruke t-skjorte."
"t-shirt_3","Can you help me wear my t-shirt?","Kan du hjelpe meg å bruke t-skjorten?"
"sleeveless","Sleeveless","uten ermer"
"sleeveless_2","I like wearing sleeveless.","Jeg liker å bruke ermeløs."
"sleeveless_3","Can you help me wear my sleeveless?","Kan du hjelpe meg å bruke ermene mine?"
"boxers","Boxers","boksere"
"boxers_2","I like wearing boxers.","Jeg liker å ha på meg boksere."
"boxers_3","Can you help me wear my boxers?","Kan du hjelpe meg å bruke boksere?"
"vest","Vest","Vest"
"vest_2","I like wearing vest.","Jeg liker å ha på meg vest."
"vest_3","Can you help me wear my vest?","Kan du hjelpe meg å bruke vesten?"
"pamela-hat","Pamela hat","Pamela hatt"
"pamela-hat_2","I like wearing pamela hat.","Jeg liker å ha pamela hatt."
"pamela-hat_3","Can you help me wear my pamela hat?","Kan du hjelpe meg å bruke pamela-hatten min?"
"high-heels","High heels","Høyeheler"
"high-heels_2","I like wearing high heels.","Jeg liker å ha høye hæler."
"high-heels_3","Can you help me wear my high heels?","Kan du hjelpe meg med høye hæler?"
"overalls","Overalls","Kjeledress"
"overalls_2","I like wearing overalls.","Jeg liker å ha kjeledress."
"overalls_3","Can you help me wear my overalls?","Kan du hjelpe meg å bruke kjeledressen?"
"kimono","Kimono","Kimono"
"kimono_2","I like wearing kimono.","Jeg liker å ha på meg kimono."
"kimono_3","Can you help me wear my kimono?","Kan du hjelpe meg å bruke kimono?"
"raincoat","Raincoat","Regnjakke"
"raincoat_2","I like wearing raincoat.","Jeg liker å ha på meg regnfrakk."
"raincoat_3","Can you help me wear my raincoat?","Kan du hjelpe meg å ha på meg regnfrakken?"
"bandana","Bandana","hodetørkle"
"bandana_2","I like wearing bandana.","Jeg liker å ha på meg bandana."
"bandana_3","Can you help me wear my bandana?","Kan du hjelpe meg å bruke bandana mi?"
"beret","Beret","Beret"
"beret_2","I like wearing beret.","Jeg liker å bruke basker."
"beret_3","Can you help me wear my beret?","Kan du hjelpe meg å bruke baret?"
"knit-hat","Knit hat","Strikk lue"
"knit-hat_2","I like wearing knit hat.","Jeg liker å bruke strikket lue."
"knit-hat_3","Can you help me wear my knit hat?","Kan du hjelpe meg å bruke den strikkede hatten?"
"suspenders","Suspenders","Susp"
"suspenders_2","I like wearing suspenders.","Jeg liker å ha bukseseler."
"suspenders_3","Can you help me wear my suspenders?","Kan du hjelpe meg å bære bukseseler?"
"mitten","Mitten","Vott"
"mitten_2","I like wearing mitten.","Jeg liker å bruke votte."
"mitten_3","Can you help me wear my mitten?","Kan du hjelpe meg å bruke votten min?"
"suit","Suit","Dress"
"suit_2","I like wearing suit.","Jeg liker å ha på meg dress."
"suit_3","Can you help me wear my suit?","Kan du hjelpe meg å bruke dressen min?"
"coat","Coat","Frakk"
"coat_2","I like wearing coat.","Jeg liker å bruke frakk."
"coat_3","Can you help me wear my coat?","Kan du hjelpe meg å bruke pelsen?"
"trench-coat","Trench coat","Frakk"
"trench-coat_2","I like wearing trench coat.","Jeg liker å ha på grøntfrakk."
"trench-coat_3","Can you help me wear my trench coat?","Kan du hjelpe meg å bruke grøftekjolen?"
"colors","Colors","Farger"
"crayons","Crayons","Fargestifter"
"crayons_2","I like crayons.","Jeg liker fargestifter."
"crayons_3","Can you give me crayons?","Kan du gi meg fargestifter?"
"crayons_4","I want to draw using my crayons.","Jeg vil tegne ved hjelp av fargestiftene mine."
"red","Red","rød"
"red_2","It is red.","Den er rød."
"red_3","My favorite color is red.","Favorittfargen min er rød."
"red_4","Can you give me red paint?","Kan du gi meg rødmaling?"
"blue","Blue","Blå"
"blue_2","It is blue.","Det er blått."
"blue_3","My favorite color is blue.","Favorittfargen min er blå."
"blue_4","Can you give me blue paint?","Kan du gi meg blå maling?"
"orange","Orange","oransje"
"orange_2","It is orange color.","Det er oransje farge."
"orange_3","My favorite color is orange.","Min favorittfarge er oransje."
"orange_4","Can you give me orange paint?","Kan du gi meg oransje maling?"
"green","Green","Grønn"
"green_2","It is green.","Den er grønn."
"green_3","My favorite color is green.","Min favorittfarge er grønn."
"green_4","Can you give me green paint?","Kan du gi meg grønn maling?"
"yellow","Yellow","Gul"
"yellow_2","It is yellow.","Den er gul."
"yellow_3","My favorite color is yellow.","Min favorittfarge er gul."
"yellow_4","Can you give me yellow paint?","Kan du gi meg gul maling?"
"purple","Purple","Purple"
"purple_2","It is purple.","Den er lilla."
"purple_3","My favorite color is purple.","Favorittfargen min er lilla."
"purple_4","Can you give me purple paint?","Kan du gi meg lilla maling?"
"pink","Pink","Rosa"
"pink_2","It is pink.","Den er rosa."
"pink_3","My favorite color is pink.","Min favorittfarge er rosa."
"pink_4","Can you give me pink paint?","Kan du gi meg rosa maling?"
"brown","Brown","brun"
"brown_2","It is brown.","Den er brun."
"brown_3","My favorite color is brown.","Min favorittfarge er brun."
"brown_4","Can you give me brown paint?","Kan du gi meg brun maling?"
"black","Black","Svart"
"black_2","It is black.","Den er sort."
"black_3","My favorite color is black.","Min favorittfarge er svart."
"black_4","Can you give me black paint?","Kan du gi meg svartmaling?"
"white","White","Hvit"
"white_2","It is white.","Det er hvitt."
"white_3","My favorite color is white.","Min favorittfarge er hvit."
"white_4","Can you give me white paint?","Kan du gi meg hvitmaling?"
"gray","Gray","Grå"
"gray_2","It is gray.","Den er grå."
"gray_3","My favorite color is gray.","Min favorittfarge er grå."
"gray_4","Can you give me gray paint?","Kan du gi meg grå maling?"
"transparent","Transparent","Gjennomsiktig"
"transparent_2","It is transparent.","Den er gjennomsiktig."
"transparent_3","I can see behind transparent color.","Jeg kan se bak gjennomsiktig farge."
"transparent_4","Can you help me erase?","Kan du hjelpe meg med å slette?"
"cyan","Cyan","cyan"
"cyan_2","It is cyan.","Det er cyan."
"cyan_3","My favorite color is cyan.","Min favorittfarge er cyan."
"cyan_4","Can you give me cyan paint?","Kan du gi meg cyanmaling?"
"violet","Violet","Violet"
"violet_2","It is violet.","Det er fiolett."
"violet_3","My favorite color is violet.","Min favorittfarge er fiolett."
"violet_4","Can you give me violet paint?","Kan du gi meg fiolett maling?"
"turquoise","Turquoise","turkis"
"turquoise_2","It is turquoise.","Det er turkis."
"turquoise_3","My favorite color is turquoise.","Min favorittfarge er turkis."
"turquoise_4","Can you give me turquoise paint?","Kan du gi meg turkis maling?"
"lime","Lime","lime"
"lime_2","It is lime.","Det er kalk."
"lime_3","My favorite color is lime.","Min favorittfarge er kalk."
"lime_4","Can you give me lime paint?","Kan du gi meg kalkmaling?"
"plum","Plum","Plomme"
"plum_2","It is plum.","Det er plomme."
"plum_3","My favorite color is plum.","Min favorittfarge er plomme."
"plum_4","Can you give me plum paint?","Kan du gi meg plommelakk?"
"tan","Tan","Tan"
"tan_2","It is tan color.","Det er solbrune farger."
"tan_3","My favorite color is tan color.","Min favorittfarge er solbrune farger."
"tan_4","Can you give me tan color paint?","Kan du gi meg brunfarge maling?"
"avocado","Avocado","avokado"
"avocado_2","It is avocado color.","Det er avokadofarge."
"avocado_3","My favorite color is avocado color.","Min favorittfarge er avokadofarge."
"avocado_4","Can you give me avocado color paint?","Kan du gi meg avokadofarge maling?"
"barbie-pink","Barbie pink","Barbie rosa"
"barbie-pink_2","It is barbie pink color.","Det er barbie rosa farge."
"barbie-pink_3","My favorite color is barbie pink.","Min favorittfarge er barbie rosa."
"barbie-pink_4","Can you give me barbie pink paint?","Kan du gi meg barbie rosa maling?"
"blizzard-blue","Blizzard blue","Snøstorm blå"
"blizzard-blue_2","It is blizzard blue color.","Det er snøstormblå farge."
"blizzard-blue_3","My favorite color is blizzard blue color.","Min favorittfarge er snøstormblå farge."
"blizzard-blue_4","Can you give me blizzard blue paint?","Kan du gi meg snøstormblå maling?"
"conversation","Conversation","Samtale"
"me","Me","Meg"
"me_2","My name is {name}","Jeg heter {name}"
"me_3","I'm {name}","Jeg er {name}"
"me_4","Do you know my name?","Vet du navnet mitt?"
"me_5","What is your name?","Hva heter du?"
"me_6","Nice to meet you!","Hyggelig å møte deg!"
"me_7","Do you like me?","Liker du meg?"
"me_8","Can we be friends?","Kan vi være venner?"
"me_9","I'm using assistive communication app.","Jeg bruker hjelpeapparat for kommunikasjon."
"me_10","Who are you?","Hvem er du?"
"hello","Hello","Hallo"
"hello_2","Hello.","Hallo."
"hello_3","Hi.","Hei."
"hello_4","Greetings.","Hilsener."
"hello_5","How are you?","Hvordan har du det?"
"hello_6","Nice to meet you!","Hyggelig å møte deg!"
"help","Help","Hjelp"
"help_2","Help me.","Hjelp meg."
"help_3","Can you help me?","Kan du hjelpe meg?"
"help_4","I need help","jeg trenger hjelp"
"help_5","Do you need help?","Trenger du hjelp?"
"yes","Yes","Ja"
"yes_2","Yes.","Ja."
"yes_3","Yes please.","Ja takk."
"yes_4","Alright.","Ok."
"yes_5","Agreed.","Avtalt."
"yes_6","I want to.","Jeg vil."
"yes_7","I would like to.","Jeg vil."
"no","No","Nei"
"no_2","No.","Nei."
"no_3","Nope.","Nei."
"no_4","Never.","Aldri."
"no_5","I don't want to.","Jeg vil ikke."
"no_6","I don't like it.","Jeg liker det ikke."
"no_7","You don't like it?","Liker du ikke det?"
"no_8","Why you don't like it?","Hvorfor liker du ikke det?"
"toilet","Toilet","Toalett"
"toilet_2","I need to go to the toilet.","Jeg må på toalettet."
"toilet_3","I need to pee.","Jeg må tisse."
"toilet_4","I need to poop.","Jeg trenger å bæsje."
"toilet_5","Can you help me go to the toilet?","Kan du hjelpe meg med å gå på toalettet?"
"toilet_6","Can you help me clean?","Kan du hjelpe meg med å rydde?"
"toilet_7","I peed myself.","Jeg tisset meg selv."
"toilet_8","I pooped myself.","Jeg spratt meg."
"what","What","Hva"
"what_2","What is that?","Hva er det?"
"what_3","What does it mean?","Hva betyr det?"
"what_4","What do you mean?","Hva mener du?"
"what_5","Can you explain it?","Kan du forklare det?"
"what_6","Can you repeat what you said?","Kan du gjenta det du sa?"
"what_7","I don't understand.","Jeg forstår ikke."
"sleep","Sleep","Sove"
"sleep_2","I want to sleep.","Jeg vil sove."
"sleep_3","I don't want to sleep.","Jeg vil ikke sove."
"sleep_4","I'm tired.","Jeg er trøtt."
"sleep_5","Are you tired?","Er du sliten?"
"sleep_6","When am I going to sleep?","Når skal jeg sove?"
"sleep_7","I want to take a nap.","Jeg vil ta en lur."
"bath","Bath","Bad"
"bath_2","I want to take a bath.","Jeg vil ta et bad."
"bath_3","I like taking a bath.","Jeg liker å ta et bad."
"bath_4","I want to wash my hands.","Jeg vil vaske hendene."
"bath_5","I want to take a shower.","Jeg vil ta meg en dusj."
"bath_6","I want to clean myself.","Jeg vil rense meg selv."
"bath_7","Can you help me take a bath?","Kan du hjelpe meg å ta et bad?"
"bath_8","I don't want to take a bath.","Jeg vil ikke ta et bad."
"listen","Listen","Lytte"
"listen_2","Listen to me.","Hør på meg."
"listen_3","Can you listen to me?","Kan du høre på meg?"
"listen_4","Listen to music.","Høre på musikk."
"listen_5","Listening to my parents.","Lytter til foreldrene mine."
"listen_6","Listen to what my application is saying!","Hør hva søknaden min sier!"
"morning","Morning","Morgen"
"morning_2","Good morning.","God morgen."
"morning_3","I like mornings.","Jeg liker morgener."
"morning_4","In the morning.","Om morgenen."
"morning_5","Morning time.","Morgen tid."
"morning_6","Is it morning?","Er det morgen?"
"night","Night","Natt"
"night_2","Good night!","God natt!"
"night_3","I like nights.","Jeg liker netter."
"night_4","At night.","Om natten."
"night_5","Night time.","Natt."
"night_6","Is it night?","Er det natt?"
"look","Look","Se"
"look_2","Look at me.","Se på meg."
"look_3","Look at this.","Se på dette."
"look_4","Are you looking?","Ser du etter?"
"look_5","Look at my drawing.","Se på tegningen min."
"look_6","How do I look?","Hvordan ser jeg ut?"
"look_7","Look what I did.","Se hva jeg gjorde."
"look_8","Let's look at that.","La oss se på det."
"speak","Speak","Snakke"
"speak_2","I'm learning how to speak.","Jeg lærer å snakke."
"speak_3","I want to speak.","Jeg vil snakke."
"speak_4","Can I speak with you?","Kan jeg snakke med deg?"
"speak_5","I like speaking.","Jeg liker å snakke."
"speak_6","I'm using assistive communication app.","Jeg bruker hjelpeapparat for kommunikasjon."
"play","Play","Spille"
"play_2","I love playing.","Jeg elsker å spille."
"play_3","Can you play with me?","Kan du leke med meg?"
"play_4","I want to play with you!","Jeg vil spille med deg!"
"play_5","I want to play with my friends.","Jeg vil leke med vennene mine."
"play_6","I don't want to play with you.","Jeg vil ikke leke med deg."
"outside","Outside","Utenfor"
"outside_2","I love going outside.","Jeg elsker å gå utenfor."
"outside_3","I want to go outside.","Jeg vil ut."
"outside_4","Is it cold outside?","Er det kaldt ute?"
"outside_5","I don't like outside.","Jeg liker ikke ute."
"outside_6","Can I go outside?","Kan jeg gå utenfor?"
"home","Home","Hjem"
"home_2","I love my home.","Jeg elsker hjemmet mitt."
"home_3","I want to go home.","Jeg vil hjem."
"home_4","Where is your home?","Hvor bor du?"
"home_5","Home sweet home.","Hjem kjære hjem."
"home_6","I'm in the house.","Jeg er i huset."
"home_7","I'm not in the house.","Jeg er ikke i huset."
"hurt","Hurt","Skade"
"hurt_2","I'm hurt.","Jeg er såret."
"hurt_3","Are you hurt?","Er du såret?"
"hurt_4","Did I hurt you?","Skadet jeg deg?"
"hurt_5","I didn't mean to hurt you!","Jeg mente ikke å skade deg!"
"hurt_6","Is it going to hurt?","Kommer det til å gjøre vondt?"
"hurt_7","I have a headache.","Jeg har hodepine."
"hurt_8","I have a stomach ache.","Jeg har vondt i magen."
"hurt_9","My genitals hurt.","Kjønnsorganene mine gjorde vondt."
"hurt_10","My foot hurts.","Foten min gjør vondt."
"feelings","Feelings","følelser"
"happy","Happy","Lykkelig"
"happy_2","I'm happy.","Jeg er glad."
"happy_3","I feel happy.","Jeg føler meg lykkelig."
"happy_4","Do you feel happy?","Føler du deg lykkelig?"
"happy_5","I want to feel happy.","Jeg vil føle meg lykkelig."
"happy_6","You are making me happy.","Du gjør meg lykkelig."
"sad","Sad","lei seg"
"sad_2","I'm sad.","Jeg er trist."
"sad_3","I feel sad.","Jeg føler meg trist."
"sad_4","Do you feel sad?","Føler du deg trist?"
"sad_5","I don't want to feel sad.","Jeg vil ikke være trist."
"sad_6","You are making me sad.","Du gjør meg trist."
"exhausted","Exhausted","Utslitt"
"exhausted_2","I'm exhausted.","Jeg er utslitt."
"exhausted_3","I feel exhausted.","Jeg føler meg utslitt."
"exhausted_4","Do you feel exhausted?","Føler du deg utslitt?"
"exhausted_5","I don't want to be exhausted.","Jeg vil ikke være utslitt."
"relaxed","Relaxed","Avslappet"
"relaxed_2","I'm relaxed.","Jeg er avslappet."
"relaxed_3","I feel relaxed.","Jeg føler meg avslappet."
"relaxed_4","Do you feel relaxed?","Føler du deg avslappet?"
"relaxed_5","I want to feel relaxed.","Jeg vil føle meg avslappet."
"in-love","In love","Forelsket"
"in-love_2","I'm in love.","Jeg er forelsket."
"in-love_3","I feel in love.","Jeg føler meg forelsket."
"in-love_4","Are you in love?","Er du forelsket?"
"in-love_5","I want to fall in love.","Jeg vil bli forelsket."
"in-love_6","Do you love me?","Elsker du meg?"
"stressed","Stressed","stresset"
"stressed_2","I'm stressed.","Jeg er stresset."
"stressed_3","I feel stressed.","Jeg føler meg stresset."
"stressed_4","Do you feel stressed?","Føler du deg stresset?"
"stressed_5","I don't want to feel stressed.","Jeg vil ikke føle meg stresset."
"thankful","Thankful","Takknemlig"
"thankful_2","I'm thankful.","Jeg er takknemlig."
"thankful_3","I feel thankful.","Jeg føler meg takknemlig."
"thankful_4","Do you feel thankful?","Føler du deg takknemlig?"
"thankful_5","I want to feel thankful.","Jeg vil føle meg takknemlig."
"confused","Confused","forvirret"
"confused_2","I'm confused.","Jeg er forvirret."
"confused_3","I feel confused.","Jeg føler meg forvirret."
"confused_4","Do you feel confused?","Føler du deg forvirret?"
"confused_5","You are confusing me.","Du forvirrer meg."
"joyful","Joyful","Joyful"
"joyful_2","I'm joyful.","Jeg er glad."
"joyful_3","I feel joyful.","Jeg føler meg glad."
"joyful_4","Do you feel joyful?","Føler du deg glad?"
"joyful_5","I want to feel joyful.","Jeg vil føle meg glad."
"angry","Angry","Sint"
"angry_2","I'm angry.","Jeg er sint."
"angry_3","I feel angry.","Jeg føler meg sint."
"angry_4","Do you feel angry?","Føler du deg sint?"
"angry_5","I'm angry at you.","Jeg er sint på deg."
"angry_6","You are making me angry.","Du gjør meg sint."
"smart","Smart","Smart"
"smart_2","I'm smart.","Jeg er smart."
"smart_3","I feel smart.","Jeg føler meg smart."
"smart_4","Do you feel smart?","Føler du deg smart?"
"smart_5","Am I smart?","Er jeg smart?"
"smart_6","You are smart!","Du er smart!"
"afraid","Afraid","Redd"
"afraid_2","I'm afraid.","Jeg er redd."
"afraid_3","I feel afraid.","Jeg føler meg redd."
"afraid_4","Do you feel afraid?","Føler du deg redd?"
"afraid_5","I don't want to feel afraid.","Jeg vil ikke være redd."
"afraid_6","You are scaring me.","Du skremmer meg."
"ashamed","Ashamed","skamfull"
"ashamed_2","I'm ashamed.","Jeg skammer meg."
"ashamed_3","I feel ashamed.","Jeg skammer meg."
"ashamed_4","Do you feel ashamed?","Føler du deg skamfull?"
"ashamed_5","I don't want to feel ashamed.","Jeg vil ikke skamme meg."
"shocked","Shocked","sjokkert"
"shocked_2","I'm shocked.","Jeg er sjokkert."
"shocked_3","I feel shocked.","Jeg føler meg sjokkert."
"shocked_4","Do you feel shocked?","Føler du deg sjokkert?"
"shocked_5","You shocked me.","Du sjokkerte meg."
"sick","Sick","Syk"
"sick_2","I'm sick.","Jeg er syk."
"sick_3","I feel sick.","Jeg føler meg syk."
"sick_4","Do you feel sick?","Føler du deg syk?"
"sick_5","I don't want to be sick.","Jeg vil ikke være syk."
"sick_6","I'm sick of the food.","Jeg er lei av maten."
"frustrated","Frustrated","frustrert"
"frustrated_2","I'm frustrated.","Jeg er frustrert."
"frustrated_3","I feel frustrated.","Jeg føler meg frustrert."
"frustrated_4","Do you feel frustrated?","Føler du deg frustrert?"
"frustrated_5","I don't want to feel frustrated.","Jeg vil ikke føle meg frustrert."
"excited","Excited","Spent"
"excited_2","I'm excited.","Jeg er spent."
"excited_3","I feel excited.","Jeg føler meg spent."
"excited_4","Do you feel excited?","Føler du deg spent?"
"excited_5","I don't want to feel excited.","Jeg vil ikke føle meg spent."
"nauseated","Nauseated","kvalm"
"nauseated_2","I'm nauseated.","Jeg er kvalm."
"nauseated_3","I feel nauseated.","Jeg føler meg kvalm."
"nauseated_4","Do you feel nauseated?","Føler du deg kvalm?"
"nauseated_5","I don't want to feel nauseated.","Jeg vil ikke føle meg kvalm."
"agitated","Agitated","agitated"
"agitated_2","I'm agitated.","Jeg er opprørt."
"agitated_3","I feel agitated.","Jeg føler meg agitert."
"agitated_4","Do you feel agitated?","Føler du deg agitert?"
"agitated_5","I don't want to feel agitated.","Jeg vil ikke føle meg agitert."
"food","Food","Mat"
"hungry","Hungry","Sulten"
"hungry_2","I'm hungry.","Jeg er sulten."
"hungry_3","Are you hungry?","Er du sulten?"
"hungry_4","Can you make me food?","Kan du lage meg mat?"
"hungry_5","What is for dinner?","Hva er det til middag?"
"thirsty","Thirsty","Tørst"
"thirsty_2","I'm thirsty.","Jeg er tørst."
"thirsty_3","Can I have some water?","Kan jeg få litt vann?"
"thirsty_4","Can I have a glass of water?","Kan jeg få et glass vann?"
"thirsty_5","I want something to drink.","Jeg vil ha noe å drikke."
"cutlery","Cutlery","bestikk"
"cutlery_2","I need cutlery.","Jeg trenger bestikk."
"cutlery_3","Help me use cutlery.","Hjelp meg å bruke bestikk."
"cutlery_4","I need a fork.","Jeg trenger en gaffel."
"cutlery_5","I need a spoon.","Jeg trenger en skje."
"cutlery_6","I need chopsticks.","Jeg trenger spisepinner."
"cutlery_7","I need a knife.","Jeg trenger en kniv."
"cutlery_8","I need a napkin.","Jeg trenger serviett."
"apple","Apple","eple"
"apple_2","I like apple.","Jeg liker eple."
"apple_3","I don't like apple.","Jeg liker ikke eple."
"apple_4","I want to eat an apple.","Jeg vil spise et eple."
"carrot","Carrot","Gulrot"
"carrot_2","I like carrot.","Jeg liker gulrot."
"carrot_3","I don't like carrot.","Jeg liker ikke gulrot."
"carrot_4","I want to eat a carrot.","Jeg vil spise en gulrot."
"beans","Beans","bønner"
"beans_2","I like beans.","Jeg liker bønner."
"beans_3","I don't like beans.","Jeg liker ikke bønner."
"beans_4","I want to eat beans.","Jeg vil spise bønner."
"chicken_5","I want fried chicken.","Jeg vil ha stekt kylling."
"chicken_6","I want boiled chicken.","Jeg vil ha kokt kylling."
"chocolate","Chocolate","Sjokolade"
"chocolate_2","I like chocolate.","Jeg liker sjokolade."
"chocolate_3","I don't like chocolate.","Jeg liker ikke sjokolade."
"chocolate_4","I want to eat chocolate.","Jeg vil spise sjokolade."
"chocolate_5","I want dark chocolate.","Jeg vil ha mørk sjokolade."
"chocolate_6","I want white chocolate.","Jeg vil ha hvit sjokolade."
"milk","Milk","Melk"
"milk_2","I like milk.","Jeg liker melk."
"milk_3","I don't like milk.","Jeg liker ikke melk."
"milk_4","I want to drink milk.","Jeg vil drikke melk."
"milk_5","Can I have a glass of milk?","Kan jeg ta et glass melk?"
"sandwich","Sandwich","Smørbrød"
"sandwich_2","I like sandwich.","Jeg liker sandwich."
"sandwich_3","I don't like sandwich.","Jeg liker ikke sandwich."
"sandwich_4","I want to eat a sandwich.","Jeg vil spise en sandwich."
"sandwich_5","Can you make me a sandwich?","Kan du lage meg en sandwich?"
"steak","Steak","biff"
"steak_2","I like steak.","Jeg liker biff."
"steak_3","I don't like steak.","Jeg liker ikke biff."
"steak_4","I want to eat steak.","Jeg vil spise biff."
"steak_5","Can you cook steak for me?","Kan du lage biff til meg?"
"banana","Banana","Banan"
"banana_2","I like banana.","Jeg liker banan."
"banana_3","I don't like banana.","Jeg liker ikke banan."
"banana_4","I want to eat a banana.","Jeg vil spise en banan."
"pie","Pie","Pai"
"pie_2","I like pie.","Jeg liker pai."
"pie_3","I don't like pie.","Jeg liker ikke kake."
"pie_4","I want to eat pie.","Jeg vil spise kake."
"pie_5","Can you bake a pie for me?","Kan du bake en kake til meg?"
"egg","Egg","Egg"
"egg_2","I like egg.","Jeg liker egg."
"egg_3","I don't like egg.","Jeg liker ikke egg."
"egg_4","I want to eat egg.","Jeg vil spise egg."
"egg_5","I want fried eggs.","Jeg vil ha stekte egg."
"egg_6","I want boiled eggs.","Jeg vil ha kokte egg."
"noodles","Noodles","nudler"
"noodles_2","I like noodles.","Jeg liker nudler."
"noodles_3","I don't like noodles.","Jeg liker ikke nudler."
"noodles_4","I want to eat noodles.","Jeg vil spise nudler."
"noodles_5","Can you cook noodles for me?","Kan du lage nudler til meg?"
"salt","Salt","Salt"
"salt_2","I want salt.","Jeg vil ha salt."
"salt_3","Can you pass me the salt?","Kan du sende meg saltet?"
"salt_4","Food is too salty.","Maten er for salt."
"salt_5","My food needs some salt.","Maten min trenger litt salt."
"spices","Spices","krydder"
"spices_2","I like spicy food.","Jeg liker krydret mat."
"spices_3","I don't like spicy food.","Jeg liker ikke krydret mat."
"spices_4","I want paprika.","Jeg vil ha paprika."
"spices_5","I want black pepper.","Jeg vil ha svart pepper."
"pizza","Pizza","pizza"
"pizza_2","I like pizza.","Jeg liker pizza."
"pizza_3","I don't like pizza.","Jeg liker ikke pizza."
"pizza_4","I want to eat pizza.","Jeg vil spise pizza."
"pizza_5","Can you cook pizza for me?","Kan du lage pizza til meg?"
"pizza_6","Can we order pizza?","Kan vi bestille pizza?"
"cheese","Cheese","Ost"
"cheese_2","I like cheese.","Jeg liker ost."
"cheese_3","I don't like cheese.","Jeg liker ikke ost."
"cheese_4","I want to eat cheese.","Jeg vil spise ost."
"ice-cream","Ice cream","Iskrem"
"ice-cream_2","I like ice cream.","Jeg liker iskrem."
"ice-cream_3","I don't like ice cream.","Jeg liker ikke is."
"ice-cream_4","I want to eat ice cream.","Jeg vil spise is."
"ice-cream_5","Can you buy ice cream for me?","Kan du kjøpe is til meg?"
"tea","Tea","Te"
"tea_2","I like tea.","Jeg liker te."
"tea_3","I don't like tea.","Jeg liker ikke te."
"tea_4","I want to drink tea.","Jeg vil drikke te."
"tea_5","Can you make tea for me?","Kan du lage te til meg?"
"coffee","Coffee","Kaffe"
"coffee_2","I like coffee.","Jeg liker kaffe."
"coffee_3","I don't like coffee.","Jeg liker ikke kaffe."
"coffee_4","I want to drink coffee.","Jeg vil drikke kaffe."
"coffee_5","Can you make coffee for me?","Kan du lage kaffe til meg?"
"tomato","Tomato","Tomat"
"tomato_2","I like tomato.","Jeg liker tomat."
"tomato_3","I don't like tomato.","Jeg liker ikke tomat."
"tomato_4","I want to eat tomato.","Jeg vil spise tomat."
"cereal","Cereal","Korn"
"cereal_2","I like cereal.","Jeg liker frokostblandinger."
"cereal_3","I don't like cereal.","Jeg liker ikke frokostblandinger."
"cereal_4","I want to eat cereal.","Jeg vil spise kornblanding."
"cereal_5","Can you make my cereal?","Kan du lage frokostblandingen min?"
"burger","Burger","burger"
"burger_2","I like burger.","Jeg liker burger."
"burger_3","I don't like burger.","Jeg liker ikke burger."
"burger_4","I want to eat burger.","Jeg vil spise burger."
"burger_5","Can you cook burger for me?","Kan du lage burger til meg?"
"burger_6","Can we order burger?","Kan vi bestille burger?"
"french-fries","French fries","pommes frites"
"french-fries_2","I like french fries.","Jeg liker pommes frites."
"french-fries_3","I don't like french fries.","Jeg liker ikke pommes frites."
"french-fries_4","I want to eat french fries.","Jeg vil spise pommes frites."
"french-fries_5","Can you cook french fries for me?","Kan du lage pommes frites til meg?"
"french-fries_6","Can we order french fries?","Kan vi bestille pommes frites?"
"spinach","Spinach","Spinat"
"spinach_2","I like spinach.","Jeg liker spinat."
"spinach_3","I don't like spinach.","Jeg liker ikke spinat."
"spinach_4","I want to eat spinach.","Jeg vil spise spinat."
"rice","Rice","Ris"
"rice_2","I like rice.","Jeg liker ris."
"rice_3","I don't like rice.","Jeg liker ikke ris."
"rice_4","I want to eat rice.","Jeg vil spise ris."
"rice_5","Can you cook rice for me?","Kan du lage ris til meg?"
"bread","Bread","Brød"
"bread_2","I like bread.","Jeg liker brød."
"bread_3","I don't like bread.","Jeg liker ikke brød."
"bread_4","I want to eat bread.","Jeg vil spise brød."
"bread_5","Can you buy some bread?","Kan du kjøpe litt brød?"
"pasta","Pasta","pasta"
"pasta_2","I like pasta.","Jeg liker pasta."
"pasta_3","I don't like pasta.","Jeg liker ikke pasta."
"pasta_4","I want to eat pasta.","Jeg vil spise pasta."
"pasta_5","Can you cook pasta for me?","Kan du lage pasta til meg?"
"sauce","Sauce","Saus"
"sauce_2","I like sauce.","Jeg liker saus."
"sauce_3","I don't like sauce.","Jeg liker ikke saus."
"sauce_4","I want some sauce.","Jeg vil ha litt saus."
"sauce_5","Can I have ketchup?","Kan jeg ha ketchup?"
"sauce_6","Can I have mayonnaise?","Kan jeg ha majones?"
"sauce_7","Can I have mustard?","Kan jeg få sennep?"
"sauce_8","Can I have ranch sauce?","Kan jeg ha ranch saus?"
"kebab","Kebab","kebab"
"kebab_2","I like kebab.","Jeg liker kebab."
"kebab_3","I don't like kebab.","Jeg liker ikke kebab."
"kebab_4","I want to eat kebab.","Jeg vil spise kebab."
"kebab_5","Can you cook kebab for me?","Kan du lage kebab til meg?"
"kebab_6","Can we order kebab?","Kan vi bestille kebab?"
"numbers","Numbers","tall"
"one","One","En"
"one_2","One comes before two.","En kommer før to."
"one_3","One comes after zero.","Den ene kommer etter null."
"one_4","I want one.","Jeg vil ha en."
"two","Two","To"
"two_2","Two comes before three.","To kommer før tre."
"two_3","Two comes after one.","To kommer etter en."
"two_4","I want two.","Jeg vil ha to."
"three","Three","Tre"
"three_2","Three comes before four.","Tre kommer før fire."
"three_3","Three comes after two.","Tre kommer etter to."
"three_4","I want three.","Jeg vil ha tre."
"four","Four","fire"
"four_2","Four comes before five.","Fire kommer før fem."
"four_3","Four comes after three.","Fire kommer etter tre."
"four_4","I want four.","Jeg vil ha fire."
"five","Five","Fem"
"five_2","Five comes before six.","Fem kommer før seks."
"five_3","Five comes after four.","Fem kommer etter fire."
"five_4","I want five.","Jeg vil ha fem."
"six","Six","Seks"
"six_2","Six comes before seven.","Seks kommer før syv."
"six_3","Six comes after five.","Seks kommer etter fem."
"six_4","I want fix.","Jeg vil fikse."
"seven","Seven","sju"
"seven_2","Seven comes before eight.","Sju kommer før åtte."
"seven_3","Seven comes after six.","Sju kommer etter seks."
"seven_4","I want seven.","Jeg vil ha syv."
"eight","Eight","Åtte"
"eight_2","Eight comes before nine.","Åtte kommer før ni."
"eight_3","Eight comes after seven.","Åtte kommer etter syv."
"eight_4","I want eight.","Jeg vil ha åtte."
"nine","Nine","Ni"
"nine_2","Nine comes before ten.","Ni kommer før ti."
"nine_3","Nine comes after eight.","Ni kommer etter åtte."
"nine_4","I want nine.","Jeg vil ha ni."
"ten","Ten","Ti"
"ten_2","Ten comes before eleven.","Ti kommer før elleve."
"ten_3","Ten comes after nine.","Ti kommer etter ni."
"ten_4","I want ten.","Jeg vil ha ti."
"eleven","Eleven","Elleve"
"eleven_2","Eleven comes before thirteen.","Elleve kommer før tretten."
"eleven_3","Eleven comes after ten.","Elleve kommer etter ti."
"eleven_4","I want eleven.","Jeg vil ha elleve."
"twenty","Twenty","tjue"
"twenty_2","I can count up to twenty.","Jeg kan telle opptil tjue."
"thirty","Thirty","Tretti"
"thirty_2","I can count up to thirty.","Jeg kan telle opptil tretti."
"forty","Forty","Førti"
"forty_2","I can count up to forty.","Jeg kan telle opptil førti."
"fifty","Fifty","Femti"
"fifty_2","I can count up to fifty.","Jeg kan telle opp til femti."
"hundred","Hundred","Hundre"
"hundred_2","I can count up to hundred.","Jeg kan telle opp til hundre."
"thousand","Thousand","Tusen"
"thousand_2","I can count up to thousand.","Jeg kan telle opptil tusen."
"calculator","Calculator","Kalkulator"
"calculator_2","I want to use a calculator.","Jeg vil bruke en kalkulator."
"calculator_3","Can you teach me how to use a calculator?","Kan du lære meg hvordan du bruker en kalkulator?"
"calculator_4","Can I barrow your calculator?","Kan jeg tømme kalkulatoren din?"
"people","People","Mennesker"
"mother","Mother","Mor"
"mother_2","Mommy!","Mamma!"
"mother_3","I love my mother.","Jeg elsker moren min."
"mother_4","I love you mom.","Jeg elsker deg mamma."
"mother_5","I miss my mom.","Jeg savner min mor."
"mother_6","Thank you for taking care of me.","Takk for at du tok vare på meg."
"mother_7","She is my mom.","Hun er min mor."
"mother_8","Can you help me find my mother?","Kan du hjelpe meg med å finne min mor?"
"father","Father","Far"
"father_2","Daddy!","Pappa!"
"father_3","I love my father.","Jeg elsker faren min."
"father_4","I love you dad.","Jeg elsker deg pappa."
"father_5","I miss my dad.","Jeg savner faren min."
"father_6","Thank you for taking care of me.","Takk for at du tok vare på meg."
"father_7","He is my dad.","Han er faren min."
"father_8","Can you help me find my father?","Kan du hjelpe meg med å finne min far?"
"parents","Parents","Foreldre"
"parents_2","I love my parents.","Jeg elsker foreldrene mine."
"parents_3","I love my parents.","Jeg elsker foreldrene mine."
"parents_4","I miss my parents.","Jeg savner foreldrene mine."
"parents_5","They are my parents.","De er foreldrene mine."
"parents_6","My parents are taking care of me.","Foreldrene mine tar vare på meg."
"parents_8","Can you help me find my parents?","Kan du hjelpe meg med å finne foreldrene mine?"
"grandparents","Grandparents","besteforeldre"
"grandparents_2","I love my grandparents.","Jeg elsker besteforeldrene mine."
"grandparents_3","I love you grandparents.","Jeg elsker deg besteforeldre."
"grandparents_4","I miss my grandparents.","Jeg savner besteforeldrene mine."
"grandparents_5","They are my grandparents.","De er besteforeldrene mine."
"grandparents_6","My grandparents are taking care of me.","Besteforeldrene mine tar vare på meg."
"grandparents_8","Can you help me find my grandparents?","Kan du hjelpe meg med å finne besteforeldrene mine?"
"brother","Brother","Bror"
"brother_2","I love my brother.","Jeg elsker broren min."
"brother_3","I love you brother.","Jeg elsker deg bror."
"brother_4","I miss my brother.","Jeg savner broren min."
"brother_5","He is my brother.","Han er min bror."
"brother_6","My brother is taking care of me.","Broren min tar vare på meg."
"brother_8","Can you help me find my brother?","Kan du hjelpe meg med å finne broren min?"
"sister","Sister","Søster"
"sister_2","I love my sister.","Jeg elsker søsteren min."
"sister_3","I love you sister.","Jeg elsker din søster."
"sister_4","I miss my sister.","Jeg savner søsteren min."
"sister_5","She is my sister.","Hun er min søster."
"sister_6","My sister is taking care of me.","Søsteren min tar vare på meg."
"sister_8","Can you help me find my sister?","Kan du hjelpe meg med å finne søsteren min?"
"uncle","Uncle","Onkel"
"uncle_2","I love my uncle.","Jeg elsker onkelen min."
"uncle_3","I love you uncle.","Jeg elsker deg onkel."
"uncle_4","I miss my uncle.","Jeg savner onkelen min."
"uncle_5","He is my uncle.","Han er onkelen min."
"uncle_8","Can you help me find my uncle?","Kan du hjelpe meg med å finne onkelen min?"
"aunt","Aunt","Tante"
"aunt_2","I love my aunt.","Jeg elsker tanten min."
"aunt_3","I love you aunt.","Jeg elsker deg tante."
"aunt_4","I miss my aunt.","Jeg savner tanten min."
"aunt_5","She is my aunt.","Hun er tanta mi."
"aunt_8","Can you help me find my aunt?","Kan du hjelpe meg med å finne tanten min?"
"teacher","Teacher","Lærer"
"teacher_2","I love my teacher.","Jeg elsker læreren min."
"teacher_3","I love you teacher.","Jeg elsker læreren din."
"teacher_4","I don't like my teacher.","Jeg liker ikke læreren min."
"teacher_5","I miss my teacher.","Jeg savner læreren min."
"teacher_6","Thank you for the lesson.","Takk for leksjonen."
"therapist","Therapist","terapeut"
"therapist_2","I love my therapist.","Jeg elsker terapeuten min."
"therapist_3","I love you therapist.","Jeg elsker deg terapeut."
"therapist_4","I don't like my therapist.","Jeg liker ikke terapeuten min."
"therapist_5","I miss my therapist.","Jeg savner terapeuten min."
"therapist_6","Thank you for the session.","Takk for økten."
"doctor","Doctor","Doktor"
"doctor_2","I love my doctor.","Jeg elsker legen min."
"doctor_3","I love you doctor.","Jeg elsker deg lege."
"doctor_4","I don't like my doctor.","Jeg liker ikke legen min."
"doctor_5","I miss my doctor.","Jeg savner legen min."
"doctor_6","Thank you for healing me.","Takk for at du helbredet meg."
"friends","Friends","venner"
"friends_2","I love my friends.","Jeg elsker mine venner."
"friends_3","Do you want to be my friend?","Vil du være vennen min?"
"friends_4","I don't like my friends.","Jeg liker ikke vennene mine."
"friends_5","I miss my friends.","Jeg savner vennene mine."
"friends_6","They are my friends.","De er vennene mine."
"friends_7","Thank you for playing with me.","Takk for at du spilte med meg."
"cousins","Cousins","Cousins"
"cousins_2","I love my cousins.","Jeg elsker søskenbarna mine."
"cousins_3","I don't have cousins.","Jeg har ikke søskenbarn."
"cousins_4","I miss my cousins.","Jeg savner søskenbarna mine."
"cousins_5","They are my cousins.","De er søskenbarna mine."
"grandmother","Grandmother","Mormor"
"grandmother_2","I love my grandmother.","Jeg elsker bestemoren min."
"grandmother_3","I love you grandma.","Jeg er glad i deg bestemor."
"grandmother_4","I miss my grandma.","Jeg savner bestemoren min."
"grandmother_5","She is my grandma.","Hun er bestemor."
"grandfather","Grandfather","Farfar"
"grandfather_2","I love my grandfather.","Jeg elsker bestefaren min."
"grandfather_3","I love you grandpa.","Jeg elsker deg bestefar."
"grandfather_4","I miss my grandpa.","Jeg savner bestefaren min."
"grandfather_5","He is my grandpa.","Han er bestefaren min."
"stepfather","Stepfather","Stefar"
"stepfather_2","I love my stepfather.","Jeg elsker stefaren min."
"stepfather_3","He is my stepfather.","Han er stefaren min."
"stepfather_4","I miss my stepfather.","Jeg savner stefaren min."
"stepfather_5","He is my stepfather.","Han er stefaren min."
"stepmother","Stepmother","Stemor"
"stepmother_2","I love my stepmother.","Jeg elsker stemoren min."
"stepmother_3","She is my stepmother.","Hun er stemoren min."
"stepmother_4","I miss my stepmother.","Jeg savner stemoren min."
"stepmother_5","She is my stepmother.","Hun er stemoren min."
"stepsister","Stepsister","Stesøster"
"stepsister_2","I love my stepsister.","Jeg elsker stesøsteren min."
"stepsister_3","She is my stepsister.","Hun er stesøsteren min."
"stepsister_4","I miss my stepsister.","Jeg savner stesøsteren min."
"stepsister_5","She is my stepsister.","Hun er stesøsteren min."
"stepbrother","Stepbrother","Halvbror"
"stepbrother_2","I love my stepbrother.","Jeg elsker stefaren min."
"stepbrother_3","He is my stepbrother.","Han er min stedbror."
"stepbrother_4","I miss my stepbrother.","Jeg savner stefaren min."
"stepbrother_5","He is my stepbrother.","Han er min stedbror."
"half-brother","Half brother","Halvbror"
"half-brother_2","I love my half brother.","Jeg elsker halvbroren min."
"half-brother_3","He is my half brother.","Han er halvbroren min."
"half-brother_4","I miss my half brother.","Jeg savner halvbroren min."
"half-brother_5","He is my half brother.","Han er halvbroren min."
"half-sister","Half sister","Halvsøster"
"half-sister_2","I love my half sister.","Jeg elsker halvsøsteren min."
"half-sister_3","She is my half sister.","Hun er halvsøsteren min."
"half-sister_4","I miss my half sister.","Jeg savner halvsøsteren min."
"half-sister_5","She is my half sister.","Hun er halvsøsteren min."
"quarantine","Quarantine","Karantene"
"protective-mask","Protective mask","Beskyttelsesmaske"
"stay-home","Stay home","Bli hjemme"
"toilet-paper","Toilet paper","Toalettpapir"
"sprayer","Sprayer","Sprøyter"
"disinfectant","Disinfectant","desinfiserende"
"thermometer","Thermometer","Termometer"
"coughing","Coughing","hoste"
"medical-assistance","Medical assistance","Medisinsk assistanse"
"hand-sanitizer","Hand sanitizer","Hånddesinfeksjonsmiddel"
"gloves","Gloves","hansker"
"social-distancing","Social distancing","Sosial distansering"
"mouth-mask","Mouth mask","Munnmaske"
"pandemic","Pandemic","Pandemi"
"working-at-home","Working at home","Jobber hjemme"
"wet-wipes","Wet wipes","Våtservietter"
"first-aid-kit","First aid kit","Førstehjelpsskrin"
"fitness","Fitness","Fitness"
"e-learning","E-learning","E-læring"
"virus","Virus","Virus"
"cleaning","Cleaning","Rengjøring"
"school","School","Skole"
"desk","Desk","Skrivebord"
"desk_2","Can I use this desk?","Kan jeg bruke dette skrivebordet?"
"desk_3","Which desk is mine?","Hvilket skrivebord er mitt?"
"desk_4","I spilled on my desk.","Jeg sølte på pulten min."
"desk_5","Don't scratch your desk.","Ikke klør på skrivebordet."
"chair","Chair","Stol"
"chair_2","Can I sit with you?","Kan jeg sitte med deg?"
"chair_3","Which chair is mine?","Hvilken stol er min?"
"chair_4","Is this chair taken?","Er denne stolen tatt?"
"chair_5","I spilled on my chair.","Jeg sølte på stolen min."
"book","Book","Bok"
"book_2","Textbook","Lærebok"
"book_3","Workbook","arbeidsbok"
"book_4","Reading a book.","Lese en bok."
"book_5","Can I borrow your book?","Kan jeg låne boken din?"
"book_6","Which page are we at?","Hvilken side er vi på?"
"book_7","Flip the page.","Bla på siden."
"book_8","I lost my book.","Jeg mistet boken min."
"notebook","Notebook","Notisbok"
"notebook_2","Taking notes.","Tar notater."
"notebook_3","I'm taking notes.","Jeg notater."
"notebook_4","I lost my notebook.","Jeg mistet notatboka mi."
"backpack","Backpack","Ryggsekk"
"backpack_2","Carrying my backpack.","Bærer ryggsekken."
"backpack_3","Putting my books in my backpack.","Putt bøkene mine i ryggsekken."
"backpack_4","I need a new backpack.","Jeg trenger en ny ryggsekk."
"backpack_5","Thank you for carrying my backpack.","Takk for at du bærer ryggsekken."
"backpack_6","I lost my backpack.","Jeg mistet ryggsekken."
"backpack_7","My backpack is heavy.","Ryggsekken min er tung."
"blackboard","Blackboard","Tavle"
"blackboard_2","Look at the blackboard.","Se på tavlen."
"blackboard_3","Cleaning the blackboard.","Rengjør tavlen."
"blackboard_4","Solving the problem on the blackboard.","Å løse problemet på tavlen."
"blackboard_5","Taking note on the blackboard.","Noterer seg på tavlen."
"blackboard_6","Give me a chalk.","Gi meg kritt."
"teacher_7","I don't like this topic.","Jeg liker ikke dette emnet."
"teacher_8","Thank you for the lesson.","Takk for leksjonen."
"school-bus","School bus","Skolebuss"
"school-bus_2","School bus is coming.","Skolebuss kommer."
"school-bus_3","Can I sit next to you?","Kan jeg sitte ved siden av deg?"
"school-bus_4","Thank you bus driver!","Takk bussjåfør!"
"school-bus_5","School bus was late.","Skolebussen var sent ute."
"pencil","Pencil","Blyant"
"pencil_2","I'm writing.","Jeg skriver."
"pencil_3","I'm learning to write.","Jeg lærer å skrive."
"pencil_4","I need a new pencil.","Jeg trenger en ny blyant."
"pencil_5","Can I borrow your pencil?","Kan jeg låne blyanten din?"
"pencil_6","I lost my pencil.","Jeg mistet blyanten."
"eraser","Eraser","Viskelær"
"eraser_2","I'm erasing.","Jeg sletter."
"eraser_3","I need a new eraser.","Jeg trenger et nytt viskelær."
"eraser_4","Can I borrow your eraser?","Kan jeg låne viskelæret ditt?"
"eraser_5","I lost my eraser.","Jeg mistet viskelæret mitt."
"ruler","Ruler","Hersker"
"ruler_2","I'm measuring.","Jeg måler."
"ruler_3","I need a new ruler.","Jeg trenger en ny linjal."
"ruler_4","Can I borrow your ruler?","Kan jeg låne linjalen din?"
"ruler_5","I lost my ruler.","Jeg mistet herskeren min."
"sharpener","Sharpener","Sharpener"
"sharpener_2","I'm sharpening my pencil.","Jeg skjerper blyanten."
"sharpener_3","I need a new sharpener.","Jeg trenger en ny sliper."
"sharpener_4","Can I borrow your sharpener?","Kan jeg låne sliperen din?"
"sharpener_5","I lost my sharpener.","Jeg mistet sliperen min."
"mathematics","Mathematics","Matematikk"
"mathematics_2","I like mathematics.","Jeg liker matematikk."
"mathematics_3","I want to study mathematics.","Jeg vil studere matematikk."
"mathematics_4","I don't like mathematics.","Jeg liker ikke matematikk."
"mathematics_5","When is mathematics class?","Når er matematikklasse?"
"mathematics_6","Can you help me with my mathematics homework?","Kan du hjelpe meg med leksene mine i matematikk?"
"literature","Literature","Litteratur"
"literature_2","I like literature.","Jeg liker litteratur."
"literature_3","I want to study literature.","Jeg vil studere litteratur."
"literature_4","I don't like literature.","Jeg liker ikke litteratur."
"literature_5","When is literature class?","Når er litteraturklasse?"
"literature_6","Can you help me with my literature homework?","Kan du hjelpe meg med leksene i litteraturen?"
"science","Science","Vitenskap"
"science_2","I like science.","Jeg liker vitenskap."
"science_3","I want to study science.","Jeg vil studere naturfag."
"science_4","I don't like science.","Jeg liker ikke vitenskap."
"science_5","When is science class?","Når er naturfagsklasse?"
"science_6","Can you help me with my science homework?","Kan du hjelpe meg med hjemmeleksene mine?"
"art-class","Art class","Kunst klasse"
"art-class_2","I like art class.","Jeg liker kunstklasse."
"art-class_3","I want to practice art skills.","Jeg vil øve på kunstferdigheter."
"art-class_4","I don't like art class.","Jeg liker ikke kunstklasse."
"art-class_5","When is art class?","Når er kunstklasse?"
"art-class_6","Can you help me with my art class homework?","Kan du hjelpe meg med leksene mine i kunstklassen?"
"music-class","Music class","Musikklasse"
"music-class_2","I like music class.","Jeg liker musikklasse."
"music-class_3","I want to practice music skills.","Jeg vil øve på musikkferdigheter."
"music-class_4","I don't like music class.","Jeg liker ikke musikklasse."
"music-class_5","When is music class?","Når er musikklasse?"
"music-class_6","Can you help me with my music class homework?","Kan du hjelpe meg med leksene til musikkklassen?"
"geography","Geography","Geografi"
"geography_2","I like geography.","Jeg liker geografi."
"geography_3","I want to study geography.","Jeg vil studere geografi."
"geography_4","I don't like geography.","Jeg liker ikke geografi."
"geography_5","When is geography?","Når er geografi?"
"geography_6","Can you help me with my geography homework?","Kan du hjelpe meg med hjemmeleksen til geografi?"
"telescope","Telescope","Teleskop"
"telescope_2","I'm using the telescope.","Jeg bruker teleskopet."
"telescope_3","I want to use the telescope.","Jeg vil bruke teleskopet."
"telescope_4","I want to look at the stars.","Jeg vil se på stjernene."
"glue","Glue","Lim"
"glue_2","I'm using glue.","Jeg bruker lim."
"glue_3","I need a new glue.","Jeg trenger et nytt lim."
"glue_4","Can I borrow your glue?","Kan jeg låne limet ditt?"
"glue_5","I lost my glue.","Jeg mistet limet."
"shapes","Shapes","figurer"
"circle","Circle","Sirkel"
"circle_2","This is circle shaped.","Dette er sirkelformet."
"circle_3","Can you teach me how to draw a circle?","Kan du lære meg å tegne en sirkel?"
"triangle","Triangle","Triangel"
"triangle_2","This is triangle shaped.","Dette er trekantformet."
"triangle_3","Can you teach me how to draw a triangle?","Kan du lære meg hvordan du tegner en trekant?"
"square","Square","Torget"
"square_2","This is square shaped.","Dette er firkantet."
"square_3","Can you teach me how to draw a square?","Kan du lære meg å tegne en firkant?"
"rectangle","Rectangle","Rektangel"
"rectangle_2","This is rectangle shaped.","Dette er rektangelformet."
"rectangle_3","Can you teach me how to draw a rectangle?","Kan du lære meg å tegne et rektangel?"
"star","Star","Stjerne"
"star_2","This is star shaped.","Dette er stjerneformet."
"star_3","Can you teach me how to draw a star?","Kan du lære meg å tegne en stjerne?"
"pentagon","Pentagon","Pentagon"
"pentagon_2","This is pentagon shaped.","Dette er femkantet."
"pentagon_3","Can you teach me how to draw a pentagon?","Kan du lære meg å tegne en femkant?"
"hexagon","Hexagon","Hexagon"
"hexagon_2","This is hexagon shaped.","Dette er sekskantformet."
"hexagon_3","Can you teach me how to draw a hexagon?","Kan du lære meg å tegne en sekskant?"
"cross","Cross","Kryss"
"cross_2","This is cross shaped.","Dette er kryssformet."
"cross_3","Can you teach me how to draw a cross?","Kan du lære meg å tegne et kors?"
"ellipse","Ellipse","ellipse"
"ellipse_2","This is ellipse shaped.","Dette er ellipseformet."
"ellipse_3","Can you teach me how to draw a ellipse?","Kan du lære meg hvordan du tegner en ellipse?"
"arrow","Arrow","Pil"
"arrow_2","This is arrow shaped.","Dette er pilformet."
"arrow_3","Can you teach me how to draw a arrow?","Kan du lære meg å tegne en pil?"
"crescent","Crescent","Halvmåne"
"crescent_2","This is crescent shaped.","Dette er halvmåneformet."
"crescent_3","Can you teach me how to draw a crescent?","Kan du lære meg hvordan du tegner en halvmåne?"
"heart","Heart","Hjerte"
"heart_2","This is heart shaped.","Dette er hjerteformet."
"heart_3","Can you teach me how to draw a heart?","Kan du lære meg å tegne et hjerte?"
"rhombus","Rhombus","Rhombus"
"rhombus_2","This is rhombus shaped.","Dette er rombeformet."
"rhombus_3","Can you teach me how to draw a rhombus?","Kan du lære meg hvordan du tegner en romb?"
"ring","Ring","Ringe"
"ring_2","This is ring shaped.","Dette er ringformet."
"ring_3","Can you teach me how to draw a ring?","Kan du lære meg å tegne en ring?"
"semicircle","Semicircle","Halvsirkel"
"semicircle_2","This is semicircle shaped.","Dette er halvcirkelformet."
"semicircle_3","Can you teach me how to draw a semicircle?","Kan du lære meg hvordan du tegner en halvcirkel?"
"trapezoid","Trapezoid","trapes"
"trapezoid_2","This is trapezoid shaped.","Dette er trapesformet."
"trapezoid_3","Can you teach me how to draw a trapezoid?","Kan du lære meg hvordan du tegner en trapesform?"
"cube","Cube","Cube"
"cube_2","This is cube shaped.","Dette er kubformet."
"cube_3","Can you teach me how to draw a cube?","Kan du lære meg å tegne en kube?"
"cylinder","Cylinder","Sylinder"
"cylinder_2","This is cylinder shaped.","Dette er sylinderformet."
"cylinder_3","Can you teach me how to draw a cylinder?","Kan du lære meg å tegne en sylinder?"