"activities","Activities","गतिविधिहरू"
"walking","Walking","हिड्दै"
"walking_2","I like walking","मलाई हिंड्न मन पर्छ"
"walking_3","I don't like walking","मलाई हिंड्न मन परेन"
"walking_4","Do you want to walk together?","के तपाई सँगै हिड्न चाहानुहुन्छ?"
"running","Running","चालु छ"
"running_2","I like running.","मलाई दौडिन मन पर्छ।"
"running_3","I don't like running.","मलाई भाग्न मन पर्दैन।"
"running_4","Do you want to go running?","के तपाई भाग्न चाहानुहुन्छ?"
"talking","Talking","कुरा गर्दै"
"talking_2","I like talking.","मलाई बोल्न मन पर्छ।"
"talking_3","I don't like talking.","मलाई कुरा गर्न मन पर्दैन।"
"talking_4","Do you want to talk with me?","के तपाईं म संग कुरा गर्न चाहानुहुन्छ?"
"reading","Reading","पढ्दै"
"reading_2","I like reading.","मलाई पढ्न मन पर्छ।"
"reading_3","I don't like reading.","मलाई पढ्न मन पर्दैन।"
"reading_4","Do you want to read together?","के तपाई सँगै पढ्न चाहानुहुन्छ?"
"football","Football","फुटबल"
"football_2","I like playing football.","मलाई फुटबल खेल्न मन पर्छ।"
"football_3","I don't like playing football.","मलाई फुटबल खेल्न मनपर्दैन।"
"football_4","Do you want to play football?","के तपाइँ फुटबल खेल्न चाहानुहुन्छ?"
"basketball","Basketball","बास्केटबल"
"basketball_2","I like playing basketball.","मलाई बास्केटबल खेल्न मन पर्छ।"
"basketball_3","I don't like playing basketball.","मलाई बास्केटबल मनपर्दैन।"
"basketball_4","Do you want to play basketball?","के तपाई बास्केटबल खेल्न चाहानुहुन्छ?"
"swimming","Swimming","पौंडी"
"swimming_2","I like swimming.","मलाई पौडी खेल्न मन पर्छ।"
"swimming_3","I don't like swimming.","मलाई पौडी खेल्न मन पर्दैन।"
"swimming_4","Do you want to go to swimming?","के तपाइँ पौडी खेल्न जान चाहानुहुन्छ?"
"painting","Painting","चित्रकारी"
"painting_2","I like painting.","मलाई चित्रकला मन पर्छ"
"painting_3","I don't like painting.","मलाई चित्रकला मन पर्दैन।"
"painting_4","Do you want to paint together?","के तपाई सँगै रंग्न चाहानुहुन्छ?"
"drawing","Drawing","रेखाचित्र"
"drawing_2","I like drawing.","मलाई चित्रकला मन पर्छ।"
"drawing_3","I don't like drawing.","मलाई चित्रकलाइ मन पर्दैन।"
"drawing_4","Do you want to draw together?","के तपाईं सँगै चित्रित गर्न चाहानुहुन्छ?"
"cycling","Cycling","साइक्लि"
"cycling_2","I like cycling.","मलाई साइकल चलाउन मन पर्छ।"
"cycling_3","I don't like cycling.","मलाई साइकल चलाउन मन पराउँदैन।"
"cycling_4","Do you want to go cycling?","के तपाई साइकल चलाउन चाहानुहुन्छ?"
"skating","Skating","स्केटिंग"
"skating_2","I like skating.","मलाई स्केटिंग मन पर्छ।"
"skating_3","I don't like skating.","मलाई स्केटिंग मन पर्दैन।"
"skating_4","Do you want to go skating?","के तपाइँ स्केटि go जान चाहानुहुन्छ?"
"sightseeing","Sightseeing","भ्रमण"
"sightseeing_2","I like sightseeing.","मलाई घुम्न मन पर्छ।"
"sightseeing_3","I don't like sightseeing.","मलाई घुम्न मन परेन।"
"sightseeing_4","Do you want to go for sightseeing?","के तपाई भ्रमण गर्न जान चाहानुहुन्छ?"
"video-games","Video games","भिडियो खेलहरू"
"video-games_2","I like playing video games.","मलाई भिडियो गेमहरू मनपर्दछ।"
"video-games_3","I don't like playing video games.","मलाई भिडियो गेमहरू मनपर्दैन।"
"video-games_4","Do you want to play games?","के तपाइँ खेलहरू खेल्न चाहनुहुन्छ?"
"tidying","Tidying","सावधानी"
"tidying_2","I like tidying my room.","म मेरो कोठा सफा गर्न मनपराउँछु।"
"tidying_3","I don't like tidying my room.","मलाई मेरो कोठा सफा गर्न मनपर्दैन।"
"tidying_4","Can you help me tidy my room?","के तिमी मेरो कोठा सफा गर्न मद्दत गर्न सक्छौ?"
"toys","Toys","खेलौना"
"toys_2","I like toys.","मलाई खेलौना मन पर्छ।"
"toys_3","I don't like toys.","मलाई खेलौना मन पर्दैन।"
"toys_4","Do you want to play with my toys?","के तपाइँ मेरो खेलौनाहरूसँग खेल्न चाहनुहुन्छ?"
"puzzle","Puzzle","पजल"
"puzzle_2","I like solving puzzle.","मलाई पज्जल सुल्झाउन मन पर्छ।"
"puzzle_3","I don't like solving puzzle.","मलाई पज्जल सुल्झाउनु मनपर्दैन।"
"puzzle_4","Do you want to solve puzzles with me?","के तपाईं मसँग पजलहरू समाधान गर्न चाहनुहुन्छ?"
"comics","Comics","हास्य"
"comics_2","I like reading comics.","मलाई कमिक्स पढ्न मन पर्छ।"
"comics_3","I don't like reading comics.","मलाई कमिक्स पढ्न मन पर्दैन।"
"comics_4","Do you want to read comics?","के तपाई कमिकहरू पढ्न चाहानुहुन्छ?"
"chess","Chess","चेस"
"chess_2","I like playing chess.","मलाई चेस खेल्न मन पर्छ।"
"chess_3","I don't like playing chess.","मलाई चेस खेल्ने मन पर्दैन।"
"chess_4","Do you want to play chess with me?","के तिमी मसँग चेस खेल्न चाहन्छौ?"
"using-leeloo","Using Leeloo","Leeloo प्रयोग गर्दै"
"using-leeloo_2","I like using leeloo.","मलाई लेल्लो प्रयोग गर्न मन पर्छ।"
"using-leeloo_3","I don't like using leeloo.","मलाई लेल्लो प्रयोग गर्न मन पर्दैन।"
"using-leeloo_4","Can you change card packs on leeloo?","के तपाई लेलोमा कार्ड प्याकहरू परिवर्तन गर्न सक्नुहुन्छ?"
"texting","Texting","टेक्स्ट गर्दै"
"texting_2","I like texting.","मलाई टेक्स्टिंग मन पर्छ।"
"texting_3","I don't like texting.","मलाई टेक्स्टिंग मन पर्दैन।"
"knitting","Knitting","बुनाई"
"knitting_2","I like knitting.","मलाई बुनाई मन पर्छ।"
"knitting_3","I don't like knitting.","मलाई बुनाई मनपर्दैन।"
"knitting_4","I want to learn how to knit.","म कसरी बुन्ने भन्ने सिक्न चाहन्छु।"
"bowling","Bowling","बलिling"
"bowling_2","I like bowling.","मलाई बलिling मन पर्छ।"
"bowling_3","I don't like bowling.","मलाई बलिling मन पराउँदैन।"
"bowling_4","Do you want to play bowling with me?","के तपाईं मसँग बलिling खेल्न चाहनुहुन्छ?"
"watching-tv","Watching TV","टिभी हेर्दै"
"watching-tv_2","I like watching tv.","मलाई टिभी हेर्न मन पर्छ।"
"watching-tv_3","I don't like watching tv.","मलाई टिभी हेर्न मन पर्दैन।"
"watching-tv_4","Do you want to watch tv?","के तपाई टिभी हेर्न चाहानुहुन्छ?"
"fishing","Fishing","माछा मार्नु"
"fishing_2","I like fishing.","मलाई माछा पक्रन मन पर्छ।"
"fishing_3","I don't like fishing.","मलाई माछा मार्नु मनपर्दैन।"
"fishing_4","Do you want to go to fishing?","के तपाईं माछा मार्न जान चाहानुहुन्छ?"
"exercising","Exercising","व्यायाम गर्दै"
"exercising_2","I like exercising.","मलाई व्यायाम मन पर्छ।"
"exercising_3","I don't like exercising.","मलाई व्यायाम मन पर्दैन।"
"exercising_4","Do you want to exercise with me?","के तिमी मसँग व्यायाम गर्न चाहन्छौ?"
"tennis","Tennis","टेनिस"
"tennis_2","I like playing tennis.","मलाई टेनिस खेल्न मन पर्छ।"
"tennis_3","I don't like playing tennis.","मलाई टेनिस मनपर्दैन।"
"tennis_4","Do you want to play tennis with me?","के तिमी मसँग टेनिस खेल्न चाहन्छौ?"
"animals","Animals","जनावरहरू"
"cat","Cat","बिरालो"
"cat_2","I like cats.","मलाई बिरालो मन पर्छ।"
"cat_3","I saw a cat.","मैले बिरालो देखे"
"cat_4","What noise does a cat make?","बिरालोले के आवाज गर्छ?"
"cat_5","Can we get a cat as pet?","के हामी घरपालुवा जनावरको रूपमा बिरालो पाउन सक्छौ?"
"dog","Dog","कुकुर"
"dog_2","I like dog.","मलाई कुकुर मन पर्छ।"
"dog_3","I saw a dog.","मैले एउटा कुकुर देखे"
"dog_4","What noise does a dog make?","कुकुरले के गर्छ?"
"dog_5","Can we get a dog as pet?","के हामी घरपालुवा जनावरको रूपमा कुकुर पाउन सक्छौ?"
"fish","Fish","माछा"
"fish_2","I like fish.","मलाई माछा मन पर्छ।"
"fish_3","I saw a fish.","मैले माछा देखें"
"fish_4","What noise does a fish make?","माछाले के आवाज निकाल्छ?"
"fish_5","Can we get a fish as pet?","के हामी घरपालुवा जनावरको रूपमा माछा पाउँछौं?"
"rabbit","Rabbit","खरायो"
"rabbit_2","I like rabbits.","मलाई खरायो मन पर्छ।"
"rabbit_3","I saw a rabbit.","मैले एउटा खरायो देखे।"
"rabbit_4","What noise does a rabbit make?","खरायोले के गर्छ?"
"rabbit_5","Can we get a rabbit as pet?","के हामी घरपालुवा जनावरको रूपमा खरायो पाउन सक्छौं?"
"butterfly","Butterfly","तितली"
"butterfly_2","I like butterflies.","मलाई पुतली मन पर्छ।"
"butterfly_3","I saw a butterfly.","मैले पुतली देखें।"
"butterfly_4","What noise does a butterfly make?","पुतलीले कस्तो आवाज निकाल्छ?"
"kangaroo","Kangaroo","Kangaroo"
"kangaroo_2","I like kangaroos.","मलाई कंगारु मन पर्छ।"
"kangaroo_3","I saw a kangaroo.","मैले कang्गारू देखे"
"kangaroo_4","What noise does a kangaroo make?","कang्गारूले कस्तो आवाज निकाल्छ?"
"turtle","Turtle","कछुवा"
"turtle_2","I like turtles.","मलाई कछुवा मन पर्छ।"
"turtle_3","I saw a turtle.","मैले कछुवा देखे।"
"turtle_4","What noise does a turtle make?","कछुवाले के गर्छ?"
"giraffe","Giraffe","जिराफ"
"giraffe_2","I like giraffes.","मलाई जिराफ मन पर्छ।"
"giraffe_3","I saw a giraffe.","मैले जिराफ देखे"
"giraffe_4","What noise does a giraffe make?","जिराफले कस्तो आवाज निकाल्छ?"
"frog","Frog","भ्यागुतो"
"frog_2","I like frogs.","मलाई भ्यागुता मन पर्छ।"
"frog_3","I saw a frog.","मैले भ्यागुता देखेको छु।"
"frog_4","What noise does a frog make?","भ्यागुतोले के गर्छ?"
"swan","Swan","हंस"
"swan_2","I like swans.","मलाई हंस मन पर्छ।"
"swan_3","I saw a swan.","मैले हंस देख्यो।"
"swan_4","What noise does a swan make?","हंसले के गर्छ?"
"spider","Spider","माकुरो"
"spider_2","I like spiders.","मलाई माकुरो मन पर्छ।"
"spider_3","I saw a spider.","मैले एउटा माकुरो देखे।"
"spider_4","What noise does a spider make?","माकुरोले कस्तो आवाज निकाल्छ?"
"cow","Cow","गाई"
"cow_2","I like cows.","मलाई गाई मन पर्छ।"
"cow_3","I saw a cow.","मैले एउटा गाई देखें।"
"cow_4","What noise does a cow make?","गाईले कस्तो आवाज निकाल्छ?"
"duck","Duck","Duck"
"duck_2","I like ducks.","मलाई हाँस्न मन पर्छ"
"duck_3","I saw a duck.","मैले हावामा हेर्दा"
"duck_4","What noise does a duck make?","बतखले कस्तो आवाज निकाल्छ?"
"horse","Horse","घोडा"
"horse_2","I like horses.","मलाई घोडा मन पर्छ।"
"horse_3","I saw a horse.","मैले एउटा घोडा देखें।"
"horse_4","What noise does a horse make?","घोडाले के गर्छ?"
"chicken","Chicken","कुखुरा"
"chicken_2","I like chickens.","मलाई कुखुरा मन पर्छ।"
"chicken_3","I saw a chicken.","मैले कुखुरा देखे"
"chicken_4","What noise does a chicken make?","कुखुराले के गर्छ?"
"bee","Bee","मौरी"
"bee_2","I like bees.","मलाई मौरी लाग्छ।"
"bee_3","I saw a bee.","मैले एउटा मौरी देखें।"
"bee_4","What noise does a bee make?","माहुरीले कस्तो आवाज निकाल्छ?"
"pig","Pig","सुँगुर"
"pig_2","I like pigs.","मलाई सुँगुरहरू मन पर्छ।"
"pig_3","I saw a pig.","मैले एउटा सुँगुर देखें।"
"pig_4","What noise does a pig make?","सुँगुरले कस्तो आवाज निकाल्छ?"
"dove","Dove","डोभ"
"dove_2","I like doves.","मलाई परेवाहरू मन पर्छ।"
"dove_3","I saw a dove.","मैले ढुकुर देखे"
"dove_4","What noise does a dove make?","ढुकुरले के गर्छ?"
"crab","Crab","क्र्याब"
"crab_2","I like crabs.","मलाई केराहरु मन पर्छ।"
"crab_3","I saw a crab.","मैले एउटा क्र्याक देखे"
"crab_4","What noise does a crab make?","एउटा केकडाले के गर्छ?"
"penguin","Penguin","Penguin"
"penguin_2","I like penguins.","मलाई पेन्गुइन मन पर्छ।"
"penguin_3","I saw a penguin.","मैले एउटा पेन्गुइन देखे।"
"penguin_4","What noise does a penguin make?","पेन्गुइनले के गर्छ?"
"elephant","Elephant","हात्ती"
"elephant_2","I like elephants.","मलाई हात्ती मन पर्छ।"
"elephant_3","I saw an elephant.","मैले हात्ती देखे।"
"elephant_4","What noise does an elephant make?","हात्तीले के गर्छ?"
"zebra","Zebra","जेब्रा"
"zebra_2","I like zebras.","मलाई जेब्राज मन पर्छ।"
"zebra_3","I saw a zebra.","मैले एउटा जेब्रा देखे"
"zebra_4","What noise does a zebra make?","जेब्राले कस्तो आवाज निकाल्छ?"
"panda","Panda","पाण्डा"
"panda_2","I like pandas.","मलाई पाण्डा मन पर्छ।"
"panda_3","I saw a panda.","मैले पाण्डा देखे।"
"panda_4","What noise does a panda make?","पान्डाले के गर्छ?"
"monkey","Monkey","बाँदर"
"monkey_2","I like monkeys.","मलाई बाँदरहरू मन पर्छ।"
"monkey_3","I saw a monkey.","मैले एउटा बाँदर देखे।"
"monkey_4","What noise does a monkey make?","बाँदरले के आवाज गर्छ?"
"camel","Camel","ऊँट"
"camel_2","I like camels.","मलाई ऊँट मन पर्छ।"
"camel_3","I saw a camel.","मैले ऊँट देखे।"
"camel_4","What noise does a camel make?","ऊँटले के गर्छ?"
"mouse","Mouse","माउस"
"mouse_2","I like mice.","मलाई चूहों मन पर्छ।"
"mouse_3","I saw a mouse.","मैले एउटा माउस देखे।"
"mouse_4","What noise does a mouse make?","माउसले के आवाज गर्छ?"
"tiger","Tiger","टाइगर"
"tiger_2","I like tigers.","मलाई बाघ मन पर्छ।"
"tiger_3","I saw a tiger.","मैले एउटा बाघ देखेको थिएँ।"
"tiger_4","What noise does a tiger make?","बाघले के गर्छ?"
"jellyfish","Jellyfish","Jellyfish"
"jellyfish_2","I like jellyfishes.","मलाई जेली फिश मन पर्छ।"
"jellyfish_3","I saw a jellyfish.","मैले एक जेली फिश देखे।"
"jellyfish_4","What noise does a jellyfish make?","जेली फिशले के गर्छ?"
"crocodile","Crocodile","गोही"
"crocodile_2","I like crocodiles.","मलाई गोहीहरू मन पर्छ।"
"crocodile_3","I saw a crocodile.","मैले गोहीलाई देखे।"
"crocodile_4","What noise does a crocodile make?","गोहीले के आवाज निकाल्छ?"
"koala","Koala","कोआला"
"koala_2","I like koalas.","मलाई कोआलास मन पर्छ।"
"koala_3","I saw a koala.","मैले कोआला देखे।"
"koala_4","What noise does a koala make?","कोआलाले के गर्छ?"
"ostrich","Ostrich","अस्टीच"
"ostrich_2","I like ostriches.","मलाई शुतुरमुर्ग मन पर्छ।"
"ostrich_3","I saw an ostrich.","मैले शुतुरमुर्ग देखे"
"ostrich_4","What noise does an ostrich make?","शुतुरमुर्गले के गर्छ?"
"racoon","Racoon","राकुन"
"racoon_2","I like racoons.","मलाई राकोन्स मन पर्छ।"
"racoon_3","I saw a racoon.","मैले एक राकेट देखे।"
"racoon_4","What noise does a racoon make?","राकुनले के आवाज गर्छ?"
"bat","Bat","ब्याट"
"bat_2","I like bats.","मलाई ब्याट्स मन पर्छ।"
"bat_3","I saw a bat.","मैले बल्ल देखें।"
"bat_4","What noise does a bat make?","ब्याटले के गर्छ?"
"eagle","Eagle","ईगल"
"eagle_2","I like eagles.","मलाई चील मन पर्छ।"
"eagle_3","I saw an eagle.","मैले एउटा चील देखे।"
"eagle_4","What noise does an eagle make?","चीलले कस्तो आवाज निकाल्छ?"
"hippopotamus","Hippopotamus","हिप्पोपोटामस"
"hippopotamus_2","I like hippopotamus.","मलाई हिप्पोपोटामस मन पर्छ।"
"hippopotamus_3","I saw a hippopotamus.","मैले हिप्पोपोटामस देखेँ।"
"hippopotamus_4","What noise does a hippopotamus make?","हिप्पोपोटामसले कस्तो आवाज निकाल्छ?"
"seal","Seal","सिल"
"seal_2","I like seals.","मलाई सिलहरू मन पर्छ।"
"seal_3","I saw a seal.","मैले एउटा मोहर देखे।"
"seal_4","What noise does a seal make?","छापले के आवाज गर्छ?"
"walrus","Walrus","वालरस"
"walrus_2","I like walruses.","मलाई वालरस मन पर्छ।"
"walrus_3","I saw a walrus.","मैले एक वालरस देखे।"
"walrus_4","What noise does a walrus make?","वालरसले कस्तो आवाज निकाल्छ?"
"seahorse","Seahorse","सिहर्स"
"seahorse_2","I like seahorses.","मलाई समुद्री घोडा मन पर्छ।"
"seahorse_3","I saw a seahorse.","मैले समुद्री समुद्री किनार देखे।"
"seahorse_4","What noise does a seahorse make?","समुद्री घोडाले कस्तो हल्ला गर्छ?"
"bull","Bull","बैल"
"bull_2","I like bulls.","म गोरूहरू मन पराउँछु।"
"bull_3","I saw a bull.","मैले एउटा बैल देखें।"
"bull_4","What noise does a bull make?","साँढेले के गर्छ?"
"pelican","Pelican","पेलिकन"
"pelican_2","I like pelicans.","मलाई पेलिकन मन पर्छ।"
"pelican_3","I saw a pelican.","मैले एउटा पेलिकन देखे।"
"pelican_4","What noise does a pelican make?","पेलिकनले के आवाज निकाल्छ?"
"beaver","Beaver","बीभर"
"beaver_2","I like beavers.","मलाई बेवर्स मन पर्छ।"
"beaver_3","I saw a beaver.","मैले एक बभर देखें।"
"beaver_4","What noise does a beaver make?","बियरले कस्तो आवाज निकाल्छ?"
"goldfish","Goldfish","गोल्डफिश"
"goldfish_2","I like goldfishes.","मलाई सुनका माछा मन पर्छ।"
"goldfish_3","I saw a goldfish.","मैले सुनको माछा देखें।"
"goldfish_4","What noise does a goldfish make?","सुनहरीले के आवाज निकाल्छ?"
"goldfish_5","Can we get a goldfish as pet?","के हामी घरपालुवा जनावरको जस्तो सुनार पाउन सक्छौं?"
"rhinoceros","Rhinoceros","गैंडा"
"rhinoceros_2","I like rhinoceros.","मलाई गैंडा मनपर्छ।"
"rhinoceros_3","I saw a rhinoceros.","मैले एक गैंडा देखे।"
"rhinoceros_4","What noise does a rhinoceros make?","गैंडाले कस्तो आवाज निकाल्छ?"
"snake","Snake","साँप"
"snake_2","I like snakes.","मलाई सर्प मन पर्छ।"
"snake_3","I saw a snake.","मैले एउटा सर्प देखें।"
"snake_4","What noise does a snake make?","सर्पले के गर्छ?"
"lion","Lion","सिंह"
"lion_2","I like lions.","मलाई सिंहहरू मन पर्छ।"
"lion_3","I saw a lion.","मैले सिंह देखें।"
"lion_4","What noise does a lion make?","सिंहले कस्तो आवाज निकाल्छ?"
"squid","Squid","स्क्विड"
"squid_2","I like squids.","मलाई स्क्विड मन पर्छ।"
"squid_3","I saw a squid.","मैले एउटा स्क्विड देखे।"
"squid_4","What noise does a squid make?","एक स्क्विडले कस्तो आवाज गर्छ?"
"whale","Whale","व्हेल"
"whale_2","I like whales.","मलाई व्हेल मन पर्छ।"
"whale_3","I saw a whale.","मैले ह्वेललाई देखे"
"whale_4","What noise does a whale make?","व्हेलले कस्तो आवाज निकाल्छ?"
"beetle","Beetle","बीटल"
"beetle_2","I like beetles.","मलाई बीटलहरू मन पर्छ।"
"beetle_3","I saw a beetle.","मैले बीटल देखे।"
"beetle_4","What noise does a beetle make?","बीटलले के आवाज गर्छ?"
"dolphin","Dolphin","डल्फिन"
"dolphin_2","I like dolphins.","मलाई डल्फिन मन पर्छ।"
"dolphin_3","I saw a dolphin.","मैले एउटा डल्फिन देखे"
"dolphin_4","What noise does a dolphin make?","एक डल्फिनले के गर्छ?"
"starfish","Starfish","स्टारफिस"
"starfish_2","I like starfishes.","मलाई स्टारफिसहरू मन पर्छ।"
"starfish_3","I saw a starfish.","मैले एउटा स्टारफिस देखेको थिएँ।"
"starfish_4","What noise does a starfish make?","एक स्टारफिसले के गर्छ?"
"parakeet","Parakeet","प्याराकीट"
"parakeet_2","I like parakeets.","मलाई प्याराकीट मन पर्छ।"
"parakeet_3","I saw a parakeet.","मैले एउटा प्याराकीट देखें"
"parakeet_4","What noise does a parakeet make?","एक प्याराकीटले कस्तो आवाज गर्छ?"
"owl","Owl","उल्लू"
"owl_2","I like owls.","मलाई उल्लू मन पर्छ।"
"owl_3","I saw an owl.","मैले एउटा उल्लू देखें।"
"owl_4","What noise does an owl make?","उल्लूले के गर्छ?"
"sheep","Sheep","भेडा"
"sheep_2","I like sheeps.","मलाई भेडा मन पर्छ।"
"sheep_3","I saw a sheep.","मैले एउटा भेडा देखें।"
"sheep_4","What noise does a sheep make?","भेडाले कस्तो आवाज निकाल्छ?"
"clothes","Clothes","लुगा"
"pants","Pants","प्यान्ट्स"
"pants_2","My pants are dirty.","मेरो प्यान्ट गन्दा छ।"
"pants_3","Can you help me wear my pants?","के तपाई मलाई मेरो प्यान्ट लगाउन सहयोग गर्न सक्नुहुन्छ?"
"shirt","Shirt","शर्ट"
"shirt_2","My shirt is dirty.","मेरो शर्ट मैला छ।"
"shirt_3","Can you help me wear my shirt?","के तपाईले मेरो शर्ट लगाउन मद्दत गर्न सक्नुहुन्छ?"
"skirt","Skirt","स्कर्ट"
"skirt_2","My skirt is dirty.","मेरो स्कर्ट फोहोर छ।"
"skirt_3","Can you help me wear my skirt?","के तपाइँ मेरो स्कर्ट लगाउन मलाई मद्दत गर्न सक्नुहुन्छ?"
"panty","Panty","प्यान्टी"
"panty_2","My underwear is dirty.","मेरो अंडरवियर फोहोर छ।"
"panty_3","Can you help me wear my panty?","के तपाईले मलाई मेरो प्यान्टी लगाउन मद्दत गर्न सक्नुहुन्छ?"
"jacket","Jacket","ज्याकेट"
"jacket_2","My jacket is dirty.","मेरो ज्याकेट गन्दा छ।"
"jacket_3","Can you help me wear my jacket?","के तपाई मलाई मेरो ज्याकेट लगाउन सहयोग गर्न सक्नुहुन्छ?"
"tie","Tie","टाई"
"tie_2","I like wearing tie.","मलाई टाई लगाउन मन पर्छ।"
"tie_3","Can you help me tie my tie?","तपाईं मेरो टाई टाई मदत गर्न सक्नुहुन्छ?"
"baseball-cap","Baseball cap","बेस बल क्याप"
"baseball-cap_2","I like wearing baseball cap.","मलाई बेसबल टोपी लगाउन मन पर्छ।"
"baseball-cap_3","Which baseball cap should I wear?","मैले कुन बेसबल टोपी लगाउनु पर्छ?"
"dress","Dress","पोशाक"
"dress_2","My dress is dirty.","मेरो लुगा फोहोर छ।"
"dress_3","Can you help me wear my dress?","के तपाईले मलाई मेरो लुगा लगाउन सक्नुहुन्छ?"
"shoes","Shoes","जुत्ता"
"shoes_2","My shoes are dirty.","मेरो जुत्ता फोहोर छ।"
"shoes_3","Can you help me wear my shoes?","के तपाईं मलाई मेरो जुत्ता लगाउन सहयोग गर्न सक्नुहुन्छ?"
"boots","Boots","बुट"
"boots_2","My boots are dirty.","मेरो बुट मैला छन्।"
"boots_3","Can you help me wear my boots?","तपाईं मलाई मेरो बुट लगाउन मद्दत गर्न सक्नुहुन्छ?"
"sneakers","Sneakers","स्नीकर्स"
"sneakers_2","I want to wear my sneakers.","म मेरो जुत्ता लगाउन चाहन्छु।"
"sneakers_3","Can you help me wear my sneakers?","के तिमीले मेरो स्नीकर लगाउन मद्दत गर्न सक्छौ?"
"slippers","Slippers","चप्पल"
"slippers_2","I want to wear my slippers.","म मेरो चप्पल लगाउन चाहन्छु।"
"slippers_3","Can you help me wear my slippers?","के तपाईं मलाई मेरो चप्पल लगाउन सहयोग गर्न सक्नुहुन्छ?"
"belt","Belt","बेल्ट"
"belt_2","I like wearing belt.","मलाई बेल्ट लगाउन मन पर्छ।"
"belt_3","Can you help me wear my belt?","के तपाई मलाई मेरो बेल्ट लगाउन सहयोग गर्न सक्नुहुन्छ?"
"socks","Socks","मोजा"
"socks_2","My socks are dirty.","मेरो मोजा फोहोर छ।"
"socks_3","Can you help me wear my socks?","के तपाईंले मलाई मेरो जुत्ता लगाउन सहयोग गर्न सक्नुहुन्छ?"
"swimsuit","Swimsuit","स्विमसूट"
"swimsuit_2","I want to wear my swimsuit.","म मेरो swimsuit लगाउन चाहन्छु।"
"swimsuit_3","Can you help me wear my swimsuit?","के तपाई मलाई मेरो स्विमसूट लगाउन सहयोग गर्न सक्नुहुन्छ?"
"sweater","Sweater","स्वेटर"
"sweater_2","My sweater is dirty.","मेरो स्वेटर फोहोर छ।"
"sweater_3","Can you help me wear my sweater?","के तपाईले मलाई मेरो स्वेटर लगाउन मद्दत गर्न सक्नुहुन्छ?"
"scarf","Scarf","स्कार्फ"
"scarf_2","I like wearing scarf.","मलाई स्कार्फ लगाउन मन पर्छ।"
"scarf_3","Can you help me wear my scarf?","के तपाई मलाई मेरो स्कार्फ लगाउन सहयोग गर्न सक्नुहुन्छ?"
"denim-shorts","Denim shorts","डेनिम शॉर्ट्स"
"denim-shorts_2","My denim shorts are dirty.","मेरो डेनिम शॉर्ट्स गन्दा छन्।"
"denim-shorts_3","Can you help me wear my denim shorts?","के तपाईले मेरो डेनिम शर्ट लगाउन मद्दत गर्न सक्नुहुन्छ?"
"hoodies","Hoodies","Hoodies"
"hoodies_2","I like wearing hoodies.","मलाई hoodies लगाउन मन पर्छ।"
"hoodies_3","Can you help me wear my hoodie?","के तपाई मलाई मेरो हुडी लगाउन सहयोग गर्न सक्नुहुन्छ?"
"swimming-shorts","Swimming shorts","पौंडी खेलहरु"
"swimming-shorts_2","My swimming shorts are dirty.","मेरो पौंडी खेलौनाहरू फोहोर छन्।"
"swimming-shorts_3","Can you help me wear my swimming shorts?","के तपाईं मलाई मेरो पौंडी शर्ट लगाउन मद्दत गर्न सक्नुहुन्छ?"
"bow-tie","Bow tie","बो टाई"
"bow-tie_2","I like wearing bow tie.","मलाई धनुको टाई मनपर्छ।"
"bow-tie_3","Can you help me wear my bow tie?","के तपाईले मलाई मेरो बाँध लगाउन सक्नुहुन्छ?"
"leather-jacket","Leather jacket","छालाको ज्याकेट"
"leather-jacket_2","I like wearing leather jacket.","मलाई छालाको ज्याकेट लगाउन मन पर्छ।"
"leather-jacket_3","Can you help me wear my leather jacket?","के तपाईले मलाई मेरो छालाको ज्याकेट लगाउन मद्दत गर्न सक्नुहुन्छ?"
"bathrobe","Bathrobe","बाथरोब"
"bathrobe_2","I like wearing bathrobe.","मलाई नुहाउने लुगा मन पर्छ।"
"bathrobe_3","Can you help me wear my bathrobe?","तपाईं मेरो बाथरोब लगाउन मद्दत गर्न सक्नुहुन्छ?"
"jumpsuit","Jumpsuit","जम्पसुट"
"jumpsuit_2","I like wearing jumpsuit.","मलाई जम्पसुट लगाउन मन पर्छ।"
"jumpsuit_3","Can you help me wear my jumpsuit?","के तपाईं मेरो जम्पसूट लगाउन मद्दत गर्न सक्नुहुन्छ?"
"fedora-hat","Fedora hat","फेडोरा टोपी"
"fedora-hat_2","I like wearing fedora hat.","मलाई फेडोरा टोपी लगाउन मन पर्छ।"
"fedora-hat_3","Can you help me wear my fedora hat?","के तपाईले मलाई फेडोरा टोपी लगाउन मद्दत गर्न सक्नुहुन्छ?"
"t-shirt","T-shirt","टी-शर्ट"
"t-shirt_2","I like wearing t-shirt.","मलाई टीशर्ट लगाउन मन पर्छ।"
"t-shirt_3","Can you help me wear my t-shirt?","के तपाईले मलाई मेरो टीशर्ट लगाउन मद्दत गर्न सक्नुहुन्छ?"
"sleeveless","Sleeveless","बिना आभासी"
"sleeveless_2","I like wearing sleeveless.","मलाई स्लीवलेस लगाउन मन पर्छ।"
"sleeveless_3","Can you help me wear my sleeveless?","के तपाईले मलाई बिना आस्तीन लगाउन मद्दत गर्न सक्नुहुन्छ?"
"boxers","Boxers","मुक्केबाज"
"boxers_2","I like wearing boxers.","मलाई बक्सर लगाउन मन पर्छ।"
"boxers_3","Can you help me wear my boxers?","के तपाई मलाई मेरो बक्सर लगाउन मद्दत गर्न सक्नुहुन्छ?"
"vest","Vest","भेस्ट"
"vest_2","I like wearing vest.","मलाई भिंडी लगाउन मन पर्छ।"
"vest_3","Can you help me wear my vest?","के तपाइँ मलाई मेरो बनियस्ट लगाउन सहयोग गर्न सक्नुहुन्छ?"
"pamela-hat","Pamela hat","पामेला टोपी"
"pamela-hat_2","I like wearing pamela hat.","मलाई पामेला टोपी लगाउन मन पर्छ।"
"pamela-hat_3","Can you help me wear my pamela hat?","के तपाई मलाई मेरो पामेला टोपी लगाउन सहयोग गर्न सक्नुहुन्छ?"
"high-heels","High heels","हाई हिल्स"
"high-heels_2","I like wearing high heels.","मलाई हाइ हिल लगाएको मन पर्छ।"
"high-heels_3","Can you help me wear my high heels?","के तपाईं मलाई मेरो हाइ हिल लगाउन सहयोग गर्न सक्नुहुन्छ?"
"overalls","Overalls","समग्र"
"overalls_2","I like wearing overalls.","मलाई चौंडा लगाउन मन पर्छ।"
"overalls_3","Can you help me wear my overalls?","के तपाईंले मलाई मेरो चौगुडा लगाउन सहयोग गर्न सक्नुहुन्छ?"
"kimono","Kimono","किमोनो"
"kimono_2","I like wearing kimono.","मलाई किमोनो लगाउनु मन पर्छ।"
"kimono_3","Can you help me wear my kimono?","के तपाईले मलाई किमोनो लगाउन सक्नुहुन्छ?"
"raincoat","Raincoat","रेनकोट"
"raincoat_2","I like wearing raincoat.","मलाई रेनकोट लगाउन मन पर्छ।"
"raincoat_3","Can you help me wear my raincoat?","के तपाई मलाई मेरो रेनकोट लगाउन सहयोग गर्न सक्नुहुन्छ?"
"bandana","Bandana","बडाना"
"bandana_2","I like wearing bandana.","मलाई बन्दना लगाउन मन पर्छ।"
"bandana_3","Can you help me wear my bandana?","के तपाईले मलाई मेरो बन्दना लगाउन मद्दत गर्न सक्नुहुन्छ?"
"beret","Beret","बेरेट"
"beret_2","I like wearing beret.","मलाई बेरेट लगाउन मन पर्छ।"
"beret_3","Can you help me wear my beret?","के तपाई मलाई मेरो बेरेट लगाउन सहयोग गर्न सक्नुहुन्छ?"
"knit-hat","Knit hat","बुनाई टोपी"
"knit-hat_2","I like wearing knit hat.","मलाई बुनेको टोपी लगाउन मन पर्छ।"
"knit-hat_3","Can you help me wear my knit hat?","के तपाइँले मेरो बुनाको टोपी लगाउन मद्दत गर्न सक्नुहुन्छ?"
"suspenders","Suspenders","निलम्बकहरू"
"suspenders_2","I like wearing suspenders.","मलाई सस्पेन्डर लगाउन मन पर्छ।"
"suspenders_3","Can you help me wear my suspenders?","के तपाईं मलाई मेरो निलम्बक लगाउन मद्दत गर्न सक्नुहुन्छ?"
"mitten","Mitten","Mitten"
"mitten_2","I like wearing mitten.","मलाई मिट्टिन लगाएको मन पर्छ।"
"mitten_3","Can you help me wear my mitten?","के तपाईले मेरो कपडा लगाउन सक्नुहुन्छ?"
"suit","Suit","सूट"
"suit_2","I like wearing suit.","मलाई सूट लगाउन मन पर्छ।"
"suit_3","Can you help me wear my suit?","के तपाई मलाई मेरो सूट लगाउन सहयोग गर्न सक्नुहुन्छ?"
"coat","Coat","कोट"
"coat_2","I like wearing coat.","मलाई कोट लगाउन मन पर्छ।"
"coat_3","Can you help me wear my coat?","के तिमी मलाई मेरो कोट लगाउन सहयोग गर्न सक्छौ?"
"trench-coat","Trench coat","खाई कोट"
"trench-coat_2","I like wearing trench coat.","मलाई खाई कोट लगाउन मन पर्छ।"
"trench-coat_3","Can you help me wear my trench coat?","के तपाईले मेरो खाडो कोट लगाउन सहयोग गर्न सक्नुहुन्छ?"
"colors","Colors","र .्ग"
"crayons","Crayons","Crayons"
"crayons_2","I like crayons.","मलाई क्रेयन्स मन पर्छ।"
"crayons_3","Can you give me crayons?","तपाईं मलाई crayons दिन सक्नुहुन्छ?"
"crayons_4","I want to draw using my crayons.","म मेरा crayons को प्रयोग गरी चित्र बनाउन चाहन्छु।"
"red","Red","रातो"
"red_2","It is red.","यो रातो छ।"
"red_3","My favorite color is red.","मेरो मनपर्ने रंग रातो छ।"
"red_4","Can you give me red paint?","के तपाई मलाई रातो रंग दिन सक्नुहुन्छ?"
"blue","Blue","निलो"
"blue_2","It is blue.","यो निलो छ।"
"blue_3","My favorite color is blue.","मेरो मनपर्ने रंग निलो छ।"
"blue_4","Can you give me blue paint?","के तिमी मलाई निलो पेन्ट दिन सक्छौ?"
"orange","Orange","सुन्तला रंग"
"orange_2","It is orange color.","यो सुन्तला रंग हो।"
"orange_3","My favorite color is orange.","मेरो मनपर्ने रंग सुन्तला रंगको छ।"
"orange_4","Can you give me orange paint?","के तपाई मलाई सुन्तला रंग दिन सक्नुहुन्छ?"
"green","Green","हरियो"
"green_2","It is green.","यो हरियो छ।"
"green_3","My favorite color is green.","मेरो मनपर्ने रंग हरियो छ।"
"green_4","Can you give me green paint?","के तपाई मलाई हरियो पेन्ट दिन सक्नुहुन्छ?"
"yellow","Yellow","पहेंलो"
"yellow_2","It is yellow.","यो पहेंलो छ।"
"yellow_3","My favorite color is yellow.","मेरो मनपर्ने रंग पहेंलो छ।"
"yellow_4","Can you give me yellow paint?","के तिमी मलाई पहेलो रंग दिन सक्छौ?"
"purple","Purple","बैजनी"
"purple_2","It is purple.","यो बैजनी हो।"
"purple_3","My favorite color is purple.","मेरो मनपर्ने रंग बैजनी हो।"
"purple_4","Can you give me purple paint?","के तपाई मलाई बैजनी रंग लगाउन सक्नुहुन्छ?"
"pink","Pink","गुलाबी"
"pink_2","It is pink.","यो गुलाबी छ।"
"pink_3","My favorite color is pink.","मेरो मनपर्ने रंग गुलाबी छ।"
"pink_4","Can you give me pink paint?","के तपाई मलाई गुलाबी रंग दिन सक्नुहुन्छ?"
"brown","Brown","खैरो"
"brown_2","It is brown.","यो खैरो छ।"
"brown_3","My favorite color is brown.","मेरो मनपर्ने रंग खैरो छ।"
"brown_4","Can you give me brown paint?","के तपाई मलाई ब्राउन पेन्ट दिन सक्नुहुन्छ?"
"black","Black","कालो"
"black_2","It is black.","यो कालो छ।"
"black_3","My favorite color is black.","मेरो मनपर्ने रंग कालो छ।"
"black_4","Can you give me black paint?","के तपाई मलाई कालो रंग दिन सक्नुहुन्छ?"
"white","White","सेतो"
"white_2","It is white.","यो सेतो छ।"
"white_3","My favorite color is white.","मेरो मनपर्ने रंग सेतो छ।"
"white_4","Can you give me white paint?","के तिमी मलाई सेतो पेन्ट दिन सक्छौ?"
"gray","Gray","खैरो"
"gray_2","It is gray.","यो खैरो छ"
"gray_3","My favorite color is gray.","मेरो मनपर्ने रंग खरानी छ।"
"gray_4","Can you give me gray paint?","तपाईं मलाई खैरो र give्ग दिन सक्नुहुन्छ?"
"transparent","Transparent","पारदर्शी"
"transparent_2","It is transparent.","यो पारदर्शी छ।"
"transparent_3","I can see behind transparent color.","म पारदर्शी र behind पछाडि देख्न सक्छु।"
"transparent_4","Can you help me erase?","के तपाई मलाई मेट्न मद्दत गर्न सक्नुहुन्छ?"
"cyan","Cyan","सियान"
"cyan_2","It is cyan.","यो सियान हो।"
"cyan_3","My favorite color is cyan.","मेरो मनपर्ने रंग स्यान हो।"
"cyan_4","Can you give me cyan paint?","के तपाई मलाई स्यान पेन्ट दिन सक्नुहुन्छ?"
"violet","Violet","बैंगनी"
"violet_2","It is violet.","यो बैजनी हो।"
"violet_3","My favorite color is violet.","मेरो मनपर्ने रंग बैजनी हो।"
"violet_4","Can you give me violet paint?","के तपाई मलाई बैजनी पेन्ट दिन सक्नुहुन्छ?"
"turquoise","Turquoise","फ़िरोज़ाइ"
"turquoise_2","It is turquoise.","यो फ़िरोज़ा हो।"
"turquoise_3","My favorite color is turquoise.","मेरो मनपर्ने रंग फ़िरोज़ाई हो।"
"turquoise_4","Can you give me turquoise paint?","के तपाई मलाई फ़िरोज़ा पेंट दिन सक्नुहुन्छ?"
"lime","Lime","लाइम"
"lime_2","It is lime.","यो चुना छ।"
"lime_3","My favorite color is lime.","मेरो मनपर्ने रंग चुना छ।"
"lime_4","Can you give me lime paint?","के तपाई मलाई चुना रंग दिन सक्नुहुन्छ?"
"plum","Plum","आलुबखडा"
"plum_2","It is plum.","यो बेर छ।"
"plum_3","My favorite color is plum.","मेरो मनपर्ने रंग प्लम हो।"
"plum_4","Can you give me plum paint?","के तपाई मलाई बेर पेन्ट दिन सक्नुहुन्छ?"
"tan","Tan","ट्यान"
"tan_2","It is tan color.","यो ट्यान रंग हो।"
"tan_3","My favorite color is tan color.","मेरो मनपर्ने रंग ट्यान रंग हो।"
"tan_4","Can you give me tan color paint?","के तपाई मलाई ट्यान कलर पेन्ट दिन सक्नुहुन्छ?"
"avocado","Avocado","एभोकैडो"
"avocado_2","It is avocado color.","यो avocado रंग हो।"
"avocado_3","My favorite color is avocado color.","मेरो मनपर्ने रंग avocado रंग हो।"
"avocado_4","Can you give me avocado color paint?","तपाईं मलाई avocado रंग रंग दिन सक्नुहुन्छ?"
"barbie-pink","Barbie pink","बार्बी गुलाबी"
"barbie-pink_2","It is barbie pink color.","यो बार्बी गुलाबी रंग हो।"
"barbie-pink_3","My favorite color is barbie pink.","मेरो मनपर्ने रंग बार्बी गुलाबी हो।"
"barbie-pink_4","Can you give me barbie pink paint?","के तपाइँ मलाई बार्बी गुलाबी रंग दिन सक्नुहुन्छ?"
"blizzard-blue","Blizzard blue","हिमपात निलो"
"blizzard-blue_2","It is blizzard blue color.","यो हिमपात निलो रंग हो।"
"blizzard-blue_3","My favorite color is blizzard blue color.","मेरो मनपर्ने रंग blizzard निलो रंग हो।"
"blizzard-blue_4","Can you give me blizzard blue paint?","के तपाई मलाई हिमपहिरो निलो पेन्ट दिन सक्नुहुन्छ?"
"conversation","Conversation","कुराकानी"
"me","Me","म"
"me_2","My name is {name}","मेरो नाम {name is हो"
"me_3","I'm {name}","म {नाम}"
"me_4","Do you know my name?","के तपाईंलाई मेरो नाम थाहा छ?"
"me_5","What is your name?","तिम्रो नाम के हो?"
"me_6","Nice to meet you!","तपाईँलाई भेटेर खुशी लाग्यो!"
"me_7","Do you like me?","के तिमी मलाई मन पराउछौ?"
"me_8","Can we be friends?","के हामी साथी बन्न सक्छौं?"
"me_9","I'm using assistive communication app.","म सहयोगी संचार अनुप्रयोग प्रयोग गर्दैछु।"
"me_10","Who are you?","तिमी को हौ?"
"hello","Hello","नमस्कार"
"hello_2","Hello.","नमस्कार"
"hello_3","Hi.","नमस्ते।"
"hello_4","Greetings.","अभिवादन।"
"hello_5","How are you?","तिमीलाई कस्तो छ?"
"hello_6","Nice to meet you!","तपाईँलाई भेटेर खुशी लाग्यो!"
"help","Help","मद्दत"
"help_2","Help me.","मलाई सहयोग गर।"
"help_3","Can you help me?","के तपाईँ मलाई मद्दत गर्न सक्नुहुन्छ?"
"help_4","I need help","मलाई सहयोग चाहियो"
"help_5","Do you need help?","के तिमीलाई सहयोग चाहिन्छ?"
"yes","Yes","हो"
"yes_2","Yes.","हो।"
"yes_3","Yes please.","हो, कृपया"
"yes_4","Alright.","ठिकै छ।"
"yes_5","Agreed.","सहमत"
"yes_6","I want to.","म चाहन्छु।"
"yes_7","I would like to.","म चाहन्छु।"
"no","No","होइन"
"no_2","No.","होईन"
"no_3","Nope.","होईन।"
"no_4","Never.","कहिले पनि हुँदैन।"
"no_5","I don't want to.","म गर्न चाहन्न।"
"no_6","I don't like it.","मलाई यो मन पर्दैन।"
"no_7","You don't like it?","तिमीलाई यो मन पर्दैन?"
"no_8","Why you don't like it?","किन तपाईंलाई यो मनपर्दैन?"
"toilet","Toilet","शौचालय"
"toilet_2","I need to go to the toilet.","मलाई शौचालय जानु पर्छ।"
"toilet_3","I need to pee.","मलाई पेशाब गर्नु पर्छ।"
"toilet_4","I need to poop.","मलाई पप गर्नु पर्छ।"
"toilet_5","Can you help me go to the toilet?","के तपाई मलाई शौचालय जान सहयोग गर्न सक्नुहुन्छ?"
"toilet_6","Can you help me clean?","के तपाई मलाई सफा गर्न मद्दत गर्न सक्नुहुन्छ?"
"toilet_7","I peed myself.","मैले आफैलाई हेरें।"
"toilet_8","I pooped myself.","मैले आफूलाई पोप गरें।"
"what","What","के"
"what_2","What is that?","त्यो के हो?"
"what_3","What does it mean?","यसको मतलब के हो?"
"what_4","What do you mean?","तपाईको मतलब के हो?"
"what_5","Can you explain it?","के तपाई यसलाई व्याख्या गर्न सक्नुहुन्छ?"
"what_6","Can you repeat what you said?","के तपाईले भनेको कुरा दोहोर्याउन सक्नुहुन्छ?"
"what_7","I don't understand.","मैले बुझिन"
"sleep","Sleep","निन्द्रा"
"sleep_2","I want to sleep.","म सुत्न चाहन्छु।"
"sleep_3","I don't want to sleep.","म सुत्न चाहन्न।"
"sleep_4","I'm tired.","म थाकेको छु।"
"sleep_5","Are you tired?","के तिमि थकित छौ?"
"sleep_6","When am I going to sleep?","म कहिले सुत्न जान्छु?"
"sleep_7","I want to take a nap.","म झोला लिन चाहन्छु।"
"bath","Bath","नुहाउनु"
"bath_2","I want to take a bath.","म नुहाउन चाहन्छु"
"bath_3","I like taking a bath.","मलाई नुहाउन मन पर्छ।"
"bath_4","I want to wash my hands.","म मेरो हात धुने चाहान्छु।"
"bath_5","I want to take a shower.","म नुहाउन चाहन्छु।"
"bath_6","I want to clean myself.","म आफूलाई सफा गर्न चाहन्छु।"
"bath_7","Can you help me take a bath?","के तपाई मलाई नुहाउन सक्नुहुन्छ?"
"bath_8","I don't want to take a bath.","म नुहाउन चाहन्न।"
"listen","Listen","सुन्नुहोस्"
"listen_2","Listen to me.","मेरो कुरा सुन्नुहोस्।"
"listen_3","Can you listen to me?","के तिमी मलाई सुन्न सक्छौ?"
"listen_4","Listen to music.","संगीतलाई सुन।"
"listen_5","Listening to my parents.","मेरो अभिभावकको कुरा सुन्दै।"
"listen_6","Listen to what my application is saying!","मेरो अनुप्रयोग के भनिरहेछ सुन्नुहोस्!"
"morning","Morning","बिहान"
"morning_2","Good morning.","शुभ - प्रभात।"
"morning_3","I like mornings.","मलाई बिहान मन पर्छ।"
"morning_4","In the morning.","बिहानी पख।"
"morning_5","Morning time.","बिहानको समय।"
"morning_6","Is it morning?","बिहान छ?"
"night","Night","रात"
"night_2","Good night!","शुभ रात्री!"
"night_3","I like nights.","मलाई रातहरू मन पर्छ।"
"night_4","At night.","रातमा।"
"night_5","Night time.","रातको समय"
"night_6","Is it night?","के यो रात हो?"
"look","Look","हेर"
"look_2","Look at me.","मलाई हेर।"
"look_3","Look at this.","यसलाई हेर त।"
"look_4","Are you looking?","के तपाई हेर्दै हुनुहुन्छ?"
"look_5","Look at my drawing.","मेरो चित्र हेरौं।"
"look_6","How do I look?","म कस्ताे देखिइरहेकाे छु?"
"look_7","Look what I did.","हेर मैले के गरे।"
"look_8","Let's look at that.","यसलाई हेरौं।"
"speak","Speak","बोल्नुहोस्"
"speak_2","I'm learning how to speak.","म कसरी बोल्ने भनेर सिक्दै छु।"
"speak_3","I want to speak.","म बोल्न चाहन्छु।"
"speak_4","Can I speak with you?","म तिमीसंग कुरा गर्न सक्छु?"
"speak_5","I like speaking.","मलाई बोल्न मन पर्छ।"
"speak_6","I'm using assistive communication app.","म सहयोगी संचार अनुप्रयोग प्रयोग गर्दैछु।"
"play","Play","खेल्नु"
"play_2","I love playing.","मलाई खेल्न मन पर्छ।"
"play_3","Can you play with me?","के तिमी मसँग खेल्न सक्छौ?"
"play_4","I want to play with you!","म तिमीसँग खेल्न चाहन्छु!"
"play_5","I want to play with my friends.","म मेरा साथीहरूसँग खेल्न चाहन्छु।"
"play_6","I don't want to play with you.","म तिमीसँग खेल्न चाहन्न।"
"outside","Outside","बाहिर"
"outside_2","I love going outside.","मलाई बाहिर जान मन पर्छ।"
"outside_3","I want to go outside.","म बाहिर जान चाहन्छु।"
"outside_4","Is it cold outside?","के बाहिर चिसो छ?"
"outside_5","I don't like outside.","मलाई बाहिर मन पर्दैन।"
"outside_6","Can I go outside?","के म बाहिर जान सक्छु?"
"home","Home","घर"
"home_2","I love my home.","मलाई मेरो घर मन पर्छ।"
"home_3","I want to go home.","म घर जान चाहन्छु।"
"home_4","Where is your home?","तिम्रो घर कहाँ छ?"
"home_5","Home sweet home.","घर प्यारो घर।"
"home_6","I'm in the house.","म घरमा छु"
"home_7","I'm not in the house.","म घरमा छैन।"
"hurt","Hurt","चोट"
"hurt_2","I'm hurt.","म दुखित छु"
"hurt_3","Are you hurt?","तपाईलाई चोट पुगेको छ?"
"hurt_4","Did I hurt you?","के मैले तिमीलाई चोट पुर्‍यायो?"
"hurt_5","I didn't mean to hurt you!","मैले तिमीलाई चोट पुर्याउनु भनेको होइन।"
"hurt_6","Is it going to hurt?","के यसले चोट पुर्‍याइरहेको छ?"
"hurt_7","I have a headache.","मेरो टाउको ढुखेको छ।"
"hurt_8","I have a stomach ache.","मलाई पेट दुख्ने छ।"
"hurt_9","My genitals hurt.","मेरो जननांगमा चोट लाग्यो।"
"hurt_10","My foot hurts.","मेरो खुट्टा दुख्छ।"
"feelings","Feelings","भावनाहरु"
"happy","Happy","खुशी"
"happy_2","I'm happy.","म खुसी छु।"
"happy_3","I feel happy.","म खुसी छु"
"happy_4","Do you feel happy?","के तपाई खुशी हुनुहुन्छ?"
"happy_5","I want to feel happy.","म खुशी महसुस गर्न चाहन्छु।"
"happy_6","You are making me happy.","तपाईंले मलाई खुशी पार्दै हुनुहुन्छ।"
"sad","Sad","दुखः"
"sad_2","I'm sad.","म दुखि छु; मलाई पिर परेको छ।"
"sad_3","I feel sad.","म दु: खी छु।"
"sad_4","Do you feel sad?","के तपाई दु: खी हुनुहुन्छ?"
"sad_5","I don't want to feel sad.","म दु: खी महसुस गर्न चाहन्न।"
"sad_6","You are making me sad.","तिमीले मलाई दु: खी बनाइरहेका छौ।"
"exhausted","Exhausted","थकित"
"exhausted_2","I'm exhausted.","म थाकेको छु।"
"exhausted_3","I feel exhausted.","म थाकेको महसुस गर्छु।"
"exhausted_4","Do you feel exhausted?","के तपाईं थाकेको महसुस गर्नुहुन्छ?"
"exhausted_5","I don't want to be exhausted.","म थकित हुन चाहन्न।"
"relaxed","Relaxed","आराम"
"relaxed_2","I'm relaxed.","म आराम पाएको छु"
"relaxed_3","I feel relaxed.","म ढुक्क महसुस गर्छु।"
"relaxed_4","Do you feel relaxed?","के तपाई सजिलो महसुस गर्नुहुन्छ?"
"relaxed_5","I want to feel relaxed.","म आराम महसुस गर्न चाहन्छु।"
"in-love","In love","मायामा"
"in-love_2","I'm in love.","म मायामा छु"
"in-love_3","I feel in love.","म मायामा महसुस गर्छु।"
"in-love_4","Are you in love?","के तिमी मायामा छौ?"
"in-love_5","I want to fall in love.","म प्रेममा पर्न चाहन्छु।"
"in-love_6","Do you love me?","के तिमी मलाई प्रेम गर्छौं?"
"stressed","Stressed","तनावग्रस्त"
"stressed_2","I'm stressed.","म तनावमा छु"
"stressed_3","I feel stressed.","म तनाव महसुस गर्छु।"
"stressed_4","Do you feel stressed?","के तपाईं तनाव महसुस गर्नुहुन्छ?"
"stressed_5","I don't want to feel stressed.","म तनाव महसुस गर्न चाहन्न।"
"thankful","Thankful","धन्यबाद"
"thankful_2","I'm thankful.","म धन्यवादी छु"
"thankful_3","I feel thankful.","म धन्यवादी छु।"
"thankful_4","Do you feel thankful?","के तपाईं धन्यवादी महसुस गर्नुहुन्छ?"
"thankful_5","I want to feel thankful.","म धन्यवादी हुन चाहन्छु।"
"confused","Confused","भ्रमित"
"confused_2","I'm confused.","मा दोधारमा छु।"
"confused_3","I feel confused.","म अलमल्लमा छु।"
"confused_4","Do you feel confused?","के तपाई अलमल्लमा पर्नुहुन्छ?"
"confused_5","You are confusing me.","तपाईं मलाई भ्रमित गर्दै हुनुहुन्छ।"
"joyful","Joyful","रमाईलो"
"joyful_2","I'm joyful.","म खुसी छु"
"joyful_3","I feel joyful.","म आनन्दित छु।"
"joyful_4","Do you feel joyful?","तपाईं आनन्दित महसुस गर्नुहुन्छ?"
"joyful_5","I want to feel joyful.","म रमाईलो गर्न चाहन्छु।"
"angry","Angry","रिसाएको"
"angry_2","I'm angry.","म रिसाएको छु।"
"angry_3","I feel angry.","म रिसाएको महसुस गर्छु।"
"angry_4","Do you feel angry?","के तपाई रिसाउनुहुन्छ?"
"angry_5","I'm angry at you.","म तिमीमा रिसाएको छु।"
"angry_6","You are making me angry.","तपाईं मलाई क्रोधित गर्दै हुनुहुन्छ।"
"smart","Smart","स्मार्ट"
"smart_2","I'm smart.","म चतुर छु"
"smart_3","I feel smart.","म चतुर छु"
"smart_4","Do you feel smart?","के तिमी चलाख छौ?"
"smart_5","Am I smart?","के म चलाख छु?"
"smart_6","You are smart!","तपाईं चलाख हुनुहुन्छ!"
"afraid","Afraid","डराएको"
"afraid_2","I'm afraid.","म डराउछु।"
"afraid_3","I feel afraid.","म डराउँछु।"
"afraid_4","Do you feel afraid?","के तपाई डराउनुहुन्छ?"
"afraid_5","I don't want to feel afraid.","म डराउन चाहन्न।"
"afraid_6","You are scaring me.","तिमी मलाई डराइरहेका छौ।"
"ashamed","Ashamed","लज्जित"
"ashamed_2","I'm ashamed.","म लज्जित छु"
"ashamed_3","I feel ashamed.","मलाई लाज लाग्छ।"
"ashamed_4","Do you feel ashamed?","के तपाईलाई लाज लाग्छ?"
"ashamed_5","I don't want to feel ashamed.","म लाज महसुस गर्न चाहन्न।"
"shocked","Shocked","स्तब्ध भयो"
"shocked_2","I'm shocked.","म स्तब्ध छु।"
"shocked_3","I feel shocked.","म स्तब्ध महसुस गर्छु।"
"shocked_4","Do you feel shocked?","के तपाईं स्तब्ध महसुस गर्नुहुन्छ?"
"shocked_5","You shocked me.","तपाईंले मलाई चकित पार्नुभयो।"
"sick","Sick","बिरामी"
"sick_2","I'm sick.","म बिरामी छु।"
"sick_3","I feel sick.","म विरामी महसुस गर्दैछु।"
"sick_4","Do you feel sick?","के तपाई बिरामी हुनुहुन्छ?"
"sick_5","I don't want to be sick.","म बिरामी हुन चाहन्न।"
"sick_6","I'm sick of the food.","म खानाबाट बिरामी छु।"
"frustrated","Frustrated","निराश"
"frustrated_2","I'm frustrated.","म निराश छु"
"frustrated_3","I feel frustrated.","म निराश महसुस गर्छु।"
"frustrated_4","Do you feel frustrated?","के तपाई निराश हुनुहुन्छ?"
"frustrated_5","I don't want to feel frustrated.","म निराश महसुस गर्न चाहान्दिन।"
"excited","Excited","उत्साहित"
"excited_2","I'm excited.","म उत्साहित छु।"
"excited_3","I feel excited.","म उत्साहित छु।"
"excited_4","Do you feel excited?","के तपाई उत्साहित हुनुहुन्छ?"
"excited_5","I don't want to feel excited.","म उत्साहित महसुस गर्न चाहन्न।"
"nauseated","Nauseated","उल्टो"
"nauseated_2","I'm nauseated.","मलाई मतली लाग्यो।"
"nauseated_3","I feel nauseated.","मलाई मतली लाग्यो।"
"nauseated_4","Do you feel nauseated?","के तपाई मतली महसुस गर्नुहुन्छ?"
"nauseated_5","I don't want to feel nauseated.","म मतली महसुस गर्न चाहन्न।"
"agitated","Agitated","आक्रोशित"
"agitated_2","I'm agitated.","म चिन्तित छु।"
"agitated_3","I feel agitated.","म चिन्तित छु।"
"agitated_4","Do you feel agitated?","के तपाई चिन्तित हुनुहुन्छ?"
"agitated_5","I don't want to feel agitated.","म चिन्तित महसुस गर्न चाहन्न।"
"food","Food","खाना"
"hungry","Hungry","भोक लाग्यो"
"hungry_2","I'm hungry.","मलाई भोक लागेको छ"
"hungry_3","Are you hungry?","के तिमीलाई भोक लगेको छ?"
"hungry_4","Can you make me food?","के तपाई मलाई खाना बनाउन सक्नुहुन्छ?"
"hungry_5","What is for dinner?","खानाको लागि के हो?"
"thirsty","Thirsty","तिर्खाएको"
"thirsty_2","I'm thirsty.","मलाई तिर्खा लागेको छ"
"thirsty_3","Can I have some water?","के म केही पानी लिन सक्छु?"
"thirsty_4","Can I have a glass of water?","के म एक गिलास पानी लिन सक्छु?"
"thirsty_5","I want something to drink.","म केहि पिउन चाहन्छु।"
"cutlery","Cutlery","कटलरी"
"cutlery_2","I need cutlery.","मलाई कटलरी चाहिन्छ।"
"cutlery_3","Help me use cutlery.","मलाई कटलरी प्रयोग गर्न मद्दत गर्नुहोस्।"
"cutlery_4","I need a fork.","मलाई काँटा चाहिन्छ"
"cutlery_5","I need a spoon.","मलाई एक चम्चा चाहिन्छ।"
"cutlery_6","I need chopsticks.","मलाई चपस्टिक आवश्यक छ।"
"cutlery_7","I need a knife.","मलाई चक्कु चाहिन्छ"
"cutlery_8","I need a napkin.","मलाई रुमाल चाहिन्छ।"
"apple","Apple","स्याऊ"
"apple_2","I like apple.","मलाई स्याउ मन पर्छ।"
"apple_3","I don't like apple.","मलाई स्याउ मनपर्दैन।"
"apple_4","I want to eat an apple.","मलाई स्याउ खान मन छ।"
"carrot","Carrot","गाजर"
"carrot_2","I like carrot.","मलाई गाजर मन पर्छ।"
"carrot_3","I don't like carrot.","मलाई गाजर मनपर्दैन।"
"carrot_4","I want to eat a carrot.","म गाजर खान चाहन्छु।"
"beans","Beans","सिमी"
"beans_2","I like beans.","मलाई सिमी मन पर्छ।"
"beans_3","I don't like beans.","मलाई सिमी मनपर्दैन।"
"beans_4","I want to eat beans.","म सिमी खान चाहन्छु।"
"chicken_5","I want fried chicken.","मलाई फ्राइड कुखुरा चाहिन्छ।"
"chicken_6","I want boiled chicken.","मलाई उमालेको कुखुरा चाहिन्छ।"
"chocolate","Chocolate","चकलेट"
"chocolate_2","I like chocolate.","मलाई चकलेट मन पर्छ।"
"chocolate_3","I don't like chocolate.","मलाई चकलेट मनपर्दैन।"
"chocolate_4","I want to eat chocolate.","म चकलेट खान चाहन्छु।"
"chocolate_5","I want dark chocolate.","मलाई गाढा चकलेट चाहिएको छ।"
"chocolate_6","I want white chocolate.","मलाई सेतो चकलेट चाहिएको छ।"
"milk","Milk","दूध"
"milk_2","I like milk.","मलाई दुध मन पर्छ।"
"milk_3","I don't like milk.","मलाई दुध मन पर्दैन।"
"milk_4","I want to drink milk.","म दुध पिउन चाहन्छु।"
"milk_5","Can I have a glass of milk?","के म एक गिलास दूध पाउन सक्छु?"
"sandwich","Sandwich","स्यान्डविच"
"sandwich_2","I like sandwich.","मलाई स्यान्डविच मन पर्छ।"
"sandwich_3","I don't like sandwich.","मलाई स्यान्डविच मन पर्दैन।"
"sandwich_4","I want to eat a sandwich.","म स्यान्डविच खान चाहन्छु।"
"sandwich_5","Can you make me a sandwich?","के तपाई मलाई स्यान्डविच बनाउन सक्नुहुन्छ?"
"steak","Steak","स्टेक"
"steak_2","I like steak.","मलाई स्टेक मन पर्छ।"
"steak_3","I don't like steak.","मलाई स्टेक मनपर्दैन"
"steak_4","I want to eat steak.","म स्टेक खान चाहन्छु।"
"steak_5","Can you cook steak for me?","के तपाई मेरो लागि स्टेक पकाउन सक्नुहुन्छ?"
"banana","Banana","केरा"
"banana_2","I like banana.","मलाई केरा मन पर्छ"
"banana_3","I don't like banana.","मलाई केरा मनपर्दैन।"
"banana_4","I want to eat a banana.","म एउटा केरा खान चाहन्छु।"
"pie","Pie","पाई"
"pie_2","I like pie.","मलाई केक मन पर्छ।"
"pie_3","I don't like pie.","मलाई पाई मन पर्दैन।"
"pie_4","I want to eat pie.","म पाई खान चाहन्छु।"
"pie_5","Can you bake a pie for me?","के तपाई मेरो लागि पाई बेच्न सक्नुहुन्छ?"
"egg","Egg","अण्डा"
"egg_2","I like egg.","मलाई अण्डा मन पर्छ।"
"egg_3","I don't like egg.","मलाई अण्डा मनपर्दैन।"
"egg_4","I want to eat egg.","म अण्डो खान चाहन्छु।"
"egg_5","I want fried eggs.","मलाई फ्राइड अण्डा चाहिन्छ।"
"egg_6","I want boiled eggs.","मलाई उमालेको अण्डा चाहिन्छ।"
"noodles","Noodles","नूडल्स"
"noodles_2","I like noodles.","मलाई चाउचाउ मन पर्छ।"
"noodles_3","I don't like noodles.","मलाई चाउचाउ मन परेन।"
"noodles_4","I want to eat noodles.","म चाउचाउ खान चाहन्छु।"
"noodles_5","Can you cook noodles for me?","के तपाई मेरो लागि चाउचाउ पकाउन सक्नुहुन्छ?"
"salt","Salt","नुन"
"salt_2","I want salt.","मलाई नुन चाहिन्छ।"
"salt_3","Can you pass me the salt?","के तपाई मलाई नुन दिन सक्नुहुन्छ?"
"salt_4","Food is too salty.","खाना पनि नुनिलो छ।"
"salt_5","My food needs some salt.","मेरो खानालाई केही नुन चाहिन्छ।"
"spices","Spices","मसला"
"spices_2","I like spicy food.","मलाई मसलादार खाना मन पर्छ।"
"spices_3","I don't like spicy food.","मलाई मसलादार खाना मनपर्दैन।"
"spices_4","I want paprika.","मलाई पेपरिका चाहिन्छ।"
"spices_5","I want black pepper.","मलाई कालो मिर्च चाहियो"
"pizza","Pizza","पिज्जा"
"pizza_2","I like pizza.","मलाई पिज्जा मन पर्छ।"
"pizza_3","I don't like pizza.","मलाई पिज्जा मनपर्दैन।"
"pizza_4","I want to eat pizza.","म पिज्जा खान चाहन्छु।"
"pizza_5","Can you cook pizza for me?","के तपाई मेरो लागि पिज्जा पकाउन सक्नुहुन्छ?"
"pizza_6","Can we order pizza?","के हामी पिज्जा अर्डर गर्न सक्दछौं?"
"cheese","Cheese","चीज"
"cheese_2","I like cheese.","मलाई चीज मनपर्छ।"
"cheese_3","I don't like cheese.","मलाई चीज मनपर्दैन।"
"cheese_4","I want to eat cheese.","म पनीर खान चाहन्छु।"
"ice-cream","Ice cream","आइसक्रिम"
"ice-cream_2","I like ice cream.","मलाई आइसक्रिम मनपर्छ।"
"ice-cream_3","I don't like ice cream.","मलाई आइसक्रीम मन पर्दैन।"
"ice-cream_4","I want to eat ice cream.","म आइसक्रिम खान चाहन्छु।"
"ice-cream_5","Can you buy ice cream for me?","के तिमी मेरो लागि आइसक्रिम किन्न सक्छौ?"
"tea","Tea","चिया"
"tea_2","I like tea.","मलाई चिया मन पर्छ।"
"tea_3","I don't like tea.","मलाई चिया मन पर्दैन।"
"tea_4","I want to drink tea.","म चिया पिउन चाहन्छु।"
"tea_5","Can you make tea for me?","के तिमी मेरो लागि चिया बनाउन सक्छौ?"
"coffee","Coffee","कफी"
"coffee_2","I like coffee.","मलाई कफी मन पर्छ।"
"coffee_3","I don't like coffee.","मलाई कफि मन पर्दैन।"
"coffee_4","I want to drink coffee.","म कफी पिउन चाहन्छु।"
"coffee_5","Can you make coffee for me?","के तपाई मेरो लागि कफी बनाउन सक्नुहुन्छ?"
"tomato","Tomato","टमाटर"
"tomato_2","I like tomato.","मलाई टमाटर मन पर्छ।"
"tomato_3","I don't like tomato.","मलाई टमाटर मन पर्दैन।"
"tomato_4","I want to eat tomato.","म टमाटर खान चाहन्छु।"
"cereal","Cereal","खाद्यान्न"
"cereal_2","I like cereal.","मलाई खाद्यान्न मन पर्छ।"
"cereal_3","I don't like cereal.","मलाई खाद्यान्न मन पर्दैन।"
"cereal_4","I want to eat cereal.","म खाद्यान्न खान चाहन्छु।"
"cereal_5","Can you make my cereal?","के तिमी मेरो अन्नको बाली बनाउन सक्छौ?"
"burger","Burger","बर्गर"
"burger_2","I like burger.","मलाई बर्गर मन पर्छ।"
"burger_3","I don't like burger.","मलाई बर्गर मन पर्दैन।"
"burger_4","I want to eat burger.","म बर्गर खान चाहन्छु।"
"burger_5","Can you cook burger for me?","के तपाई मेरो लागि बर्गर पकाउन सक्नुहुन्छ?"
"burger_6","Can we order burger?","के हामी बर्गर अर्डर गर्न सक्छौं?"
"french-fries","French fries","फ्रेन्च फ्राइज"
"french-fries_2","I like french fries.","मलाई फ्रेन्च फ्राइज मन पर्छ।"
"french-fries_3","I don't like french fries.","मलाई फ्रेन्च फ्राइ मनपर्दैन।"
"french-fries_4","I want to eat french fries.","म फ्रेन्च फ्राई खान चाहन्छु।"
"french-fries_5","Can you cook french fries for me?","के तपाई मेरो लागि फ्रेन्च फ्राई पकाउन सक्नुहुन्छ?"
"french-fries_6","Can we order french fries?","के हामी फ्रेन्च फ्राईहरू अर्डर गर्न सक्दछौं?"
"spinach","Spinach","पालक"
"spinach_2","I like spinach.","मलाई पालु like मन पर्छ।"
"spinach_3","I don't like spinach.","मलाई पालक मन पर्दैन।"
"spinach_4","I want to eat spinach.","म पालु .्गो खान चाहन्छु।"
"rice","Rice","चामल"
"rice_2","I like rice.","मलाई चामल मन पर्छ।"
"rice_3","I don't like rice.","मलाई चामल मन पर्दैन।"
"rice_4","I want to eat rice.","म भात खान चाहन्छु।"
"rice_5","Can you cook rice for me?","के तपाई मेरो लागि चामल पकाउन सक्नुहुन्छ?"
"bread","Bread","रोटी"
"bread_2","I like bread.","मलाई रोटी मन पर्छ।"
"bread_3","I don't like bread.","मलाई रोटी मन पर्दैन।"
"bread_4","I want to eat bread.","म रोटी खान चाहन्छु।"
"bread_5","Can you buy some bread?","के तिमी केही रोटी किन्न सक्छौ?"
"pasta","Pasta","पास्ता"
"pasta_2","I like pasta.","मलाई पास्ता मन पर्छ"
"pasta_3","I don't like pasta.","मलाई पास्ता मनपर्दैन"
"pasta_4","I want to eat pasta.","म पास्ता खान चाहन्छु।"
"pasta_5","Can you cook pasta for me?","के तपाई मेरो लागि पास्ता बनाउन सक्नुहुन्छ?"
"sauce","Sauce","सॉस"
"sauce_2","I like sauce.","मलाई चटनी मन पर्छ।"
"sauce_3","I don't like sauce.","मलाई सॉस मन पर्दैन।"
"sauce_4","I want some sauce.","मलाई केही चटनी चाहियो"
"sauce_5","Can I have ketchup?","के म केचअप गर्न सक्छु?"
"sauce_6","Can I have mayonnaise?","के म मेयोनेस पाउन सक्छु?"
"sauce_7","Can I have mustard?","मसँग रायोको छ?"
"sauce_8","Can I have ranch sauce?","के म खेतबारीको चटनी पाउन सक्छु?"
"kebab","Kebab","कबाब"
"kebab_2","I like kebab.","मलाई कबाब मन पर्छ।"
"kebab_3","I don't like kebab.","मलाई कबाब मनपर्दैन।"
"kebab_4","I want to eat kebab.","म कबाब खान चाहन्छु।"
"kebab_5","Can you cook kebab for me?","के तपाई मेरो लागि कबाब पकाउन सक्नुहुन्छ?"
"kebab_6","Can we order kebab?","के हामी कबाबलाई अर्डर गर्न सक्छौं?"
"numbers","Numbers","नम्बरहरू"
"one","One","एक"
"one_2","One comes before two.","एक दुई भन्दा पहिले आउँछ।"
"one_3","One comes after zero.","एउटा शून्य पछि आउँछ।"
"one_4","I want one.","मलाई एउटा चाहिन्छ।"
"two","Two","दुई"
"two_2","Two comes before three.","दुई तीन भन्दा पहिले आउँछन्।"
"two_3","Two comes after one.","दुई पछि एक पछि आउँछ।"
"two_4","I want two.","मलाई दुई चाहिन्छ।"
"three","Three","तीन"
"three_2","Three comes before four.","तीन चार भन्दा पहिले आउँछ।"
"three_3","Three comes after two.","तीन पछि दुई आउँछ।"
"three_4","I want three.","मलाई तीन चाहिन्छ।"
"four","Four","चार"
"four_2","Four comes before five.","चार पाँच भन्दा पहिले आउँछ।"
"four_3","Four comes after three.","चार पछि तीन आउँछ।"
"four_4","I want four.","म चार चाहन्छु।"
"five","Five","पाँच"
"five_2","Five comes before six.","पाँच छ भन्दा पहिले आउँछ।"
"five_3","Five comes after four.","पाँच पछि चार आउँछ।"
"five_4","I want five.","मलाई पाँच चाहिन्छ।"
"six","Six","छ"
"six_2","Six comes before seven.","छ भन्दा सात अगाडि आउँछ।"
"six_3","Six comes after five.","छ पछि पाँच पछि आउँछ।"
"six_4","I want fix.","म ठीक गर्न चाहन्छु।"
"seven","Seven","सात"
"seven_2","Seven comes before eight.","सात आठ भन्दा पहिले आउँछ।"
"seven_3","Seven comes after six.","सात छ पछि आउँछ।"
"seven_4","I want seven.","मलाई सात चाहिन्छ।"
"eight","Eight","आठ"
"eight_2","Eight comes before nine.","आठ नौ भन्दा पहिले आउँछ।"
"eight_3","Eight comes after seven.","आठ पछि सात आउँछ।"
"eight_4","I want eight.","मलाई आठ चाहिन्छ।"
"nine","Nine","नौ"
"nine_2","Nine comes before ten.","दस दश भन्दा पहिले आउँछ।"
"nine_3","Nine comes after eight.","आठ पछि आठ आउँछ।"
"nine_4","I want nine.","मलाई नौ चाहिएको छ।"
"ten","Ten","दस"
"ten_2","Ten comes before eleven.","दस एघार भन्दा पहिले आउँछ।"
"ten_3","Ten comes after nine.","दस नौ पछि आउँछ।"
"ten_4","I want ten.","मलाई दस चाहिन्छ।"
"eleven","Eleven","एघार"
"eleven_2","Eleven comes before thirteen.","एघार तेह्र भन्दा पहिले आउँछ।"
"eleven_3","Eleven comes after ten.","एघार दश पछि आउँछ।"
"eleven_4","I want eleven.","म एघार चाहान्छु।"
"twenty","Twenty","बीस"
"twenty_2","I can count up to twenty.","म बीस सम्म गणना गर्न सक्नुहुन्छ।"
"thirty","Thirty","तीस"
"thirty_2","I can count up to thirty.","म तीस सम्म गणना गर्न सक्नुहुन्छ।"
"forty","Forty","चालीस"
"forty_2","I can count up to forty.","म चालीस सम्म गणना गर्न सक्छु।"
"fifty","Fifty","पचास"
"fifty_2","I can count up to fifty.","म पचास सम्म गणना गर्न सक्नुहुन्छ।"
"hundred","Hundred","सयौं"
"hundred_2","I can count up to hundred.","म सय सम्म गणना गर्न सक्दछु।"
"thousand","Thousand","हजार"
"thousand_2","I can count up to thousand.","म हजार सम्म गणना गर्न सक्छु।"
"calculator","Calculator","क्यालकुलेटर"
"calculator_2","I want to use a calculator.","म क्यालकुलेटर प्रयोग गर्न चाहन्छु।"
"calculator_3","Can you teach me how to use a calculator?","के तपाई मलाई क्यालकुलेटर को उपयोग कसरी गर्न सक्नुहुन्छ भनेर सिकाउन सक्नुहुन्छ?"
"calculator_4","Can I barrow your calculator?","के म तपाईंको क्यालकुलेटर बेर गर्न सक्छु?"
"people","People","मान्छे"
"mother","Mother","आमा"
"mother_2","Mommy!","आमा!"
"mother_3","I love my mother.","म मेरो आमालाई माया गर्छु।"
"mother_4","I love you mom.","म तपाईँलाई माया गर्छु आमा।"
"mother_5","I miss my mom.","मलाई मेरी आमा याद आउँछ।"
"mother_6","Thank you for taking care of me.","मेरो ख्याल राख्नु भएकोमा धन्यवाद।"
"mother_7","She is my mom.","उनी मेरी आमा हुन्।"
"mother_8","Can you help me find my mother?","के तपाईले मेरी आमालाई भेट्टाउन सक्नुहुन्छ?"
"father","Father","बुबा"
"father_2","Daddy!","बुबा!"
"father_3","I love my father.","म मेरो बुवालाई माया गर्छु।"
"father_4","I love you dad.","म तपाइलाई माया गर्छु बाबा।"
"father_5","I miss my dad.","मलाई मेरो बुवा याद आयो"
"father_6","Thank you for taking care of me.","मेरो ख्याल राख्नु भएकोमा धन्यवाद।"
"father_7","He is my dad.","ऊ मेरो बुवा हो।"
"father_8","Can you help me find my father?","के तपाईं मलाई मेरो बुबा खोज्न सहयोग गर्न सक्नुहुन्छ?"
"parents","Parents","अभिभावक"
"parents_2","I love my parents.","म मेरा आमा बुबालाई माया गर्दछु।"
"parents_3","I love my parents.","म मेरा आमा बुबालाई माया गर्दछु।"
"parents_4","I miss my parents.","मलाई मेरो आमाबुवा याद आउँछ।"
"parents_5","They are my parents.","तिनीहरू मेरा बाबुआमा हुन्।"
"parents_6","My parents are taking care of me.","मेरा बाबुआमाले मेरो हेरचाह गर्दैछन्।"
"parents_8","Can you help me find my parents?","के तपाई मलाई मेरा बाबुआमालाई भेट्न मद्दत गर्न सक्नुहुन्छ?"
"grandparents","Grandparents","हजुरबा हजुरआमा"
"grandparents_2","I love my grandparents.","म मेरो हजुरबा हजुरआमालाई माया गर्छु।"
"grandparents_3","I love you grandparents.","म तिमीलाई हजुरबा हजुरआमालाई माया गर्छु।"
"grandparents_4","I miss my grandparents.","मलाई मेरो हजुरबा हजुरआमा याद आउँछ।"
"grandparents_5","They are my grandparents.","तिनीहरू मेरो हजुरबा हजुरआमा हुन्।"
"grandparents_6","My grandparents are taking care of me.","मेरो हजुरबा हजुरआमाले मलाई हेरचाह गर्दैछन्।"
"grandparents_8","Can you help me find my grandparents?","के तपाईं मलाई मेरो हजुरबा हजुरआमा भेट्टाउन सक्नुहुन्छ?"
"brother","Brother","भाई"
"brother_2","I love my brother.","म मेरो भाइलाई माया गर्छु।"
"brother_3","I love you brother.","म तिमीलाई माया गर्छु भाई।"
"brother_4","I miss my brother.","मलाई मेरो भाई याद आउँछ।"
"brother_5","He is my brother.","उ मेरो भाइ हो।"
"brother_6","My brother is taking care of me.","मेरो भाईले मेरो हेरचाह गरिरहेको छ।"
"brother_8","Can you help me find my brother?","के तपाई मलाई मेरो भाई खोज्न सहयोग गर्न सक्नुहुन्छ?"
"sister","Sister","बहिनी"
"sister_2","I love my sister.","म मेरो बहिनीलाई माया गर्छु।"
"sister_3","I love you sister.","म तिमीलाई माया गर्छु बहिनी।"
"sister_4","I miss my sister.","मलाई मेरो बहिनी याद आउँछ।"
"sister_5","She is my sister.","उनी मेरी बहिनी हुन्।"
"sister_6","My sister is taking care of me.","मेरी बहिनीले मेरो हेरचाह गरिरहनुभएको छ।"
"sister_8","Can you help me find my sister?","के तिमी मेरो बहिनीलाई भेट्टाउन मद्दत गर्न सक्छौ?"
"uncle","Uncle","काका"
"uncle_2","I love my uncle.","म मेरो काकालाई माया गर्छु।"
"uncle_3","I love you uncle.","म तिमीलाई माया गर्छु अंकल।"
"uncle_4","I miss my uncle.","मलाई मेरो काका याद आउँछ।"
"uncle_5","He is my uncle.","उहाँ मेरो काका हुनुहुन्छ।"
"uncle_8","Can you help me find my uncle?","के तपाई मलाई मेरो काका फेला पार्न मद्दत गर्न सक्नुहुन्छ?"
"aunt","Aunt","काकी"
"aunt_2","I love my aunt.","म मेरो बुआलाई माया गर्छु"
"aunt_3","I love you aunt.","म तिमीलाई बुआलाई माया गर्छु"
"aunt_4","I miss my aunt.","मलाई मेरो बुआइ याद आउँछ।"
"aunt_5","She is my aunt.","उनी मेरी बुआ हुन्।"
"aunt_8","Can you help me find my aunt?","के तपाईं मलाई मेरो काकी पत्ता लगाउन सहयोग गर्न सक्नुहुन्छ?"
"teacher","Teacher","शिक्षक"
"teacher_2","I love my teacher.","म मेरो शिक्षकलाई माया गर्छु।"
"teacher_3","I love you teacher.","म तिमीलाई शिक्षक मन पराउँछु।"
"teacher_4","I don't like my teacher.","मलाई मेरो शिक्षक मन पर्दैन।"
"teacher_5","I miss my teacher.","मलाई मेरो शिक्षक याद आउँछ।"
"teacher_6","Thank you for the lesson.","पाठको लागि धन्यबाद।"
"therapist","Therapist","चिकित्सक"
"therapist_2","I love my therapist.","म मेरो थेरापिस्टलाई माया गर्छु।"
"therapist_3","I love you therapist.","म तिमीलाई चिकित्सकलाई माया गर्छु।"
"therapist_4","I don't like my therapist.","मलाई मेरो थेरापिस्ट मनपर्दैन।"
"therapist_5","I miss my therapist.","मलाई मेरो चिकित्सक याद आउँछ।"
"therapist_6","Thank you for the session.","सत्रको लागि धन्यवाद।"
"doctor","Doctor","डाक्टर"
"doctor_2","I love my doctor.","मलाई मेरो डाक्टर मन पर्छ।"
"doctor_3","I love you doctor.","म तिमीलाई डाक्टरलाई माया गर्छु।"
"doctor_4","I don't like my doctor.","मलाई मेरो डाक्टर मन परेन।"
"doctor_5","I miss my doctor.","मलाई मेरो डाक्टर याद आउँछ।"
"doctor_6","Thank you for healing me.","मलाई निको पार्नुभएकोमा धन्यवाद।"
"friends","Friends","साथीहरु"
"friends_2","I love my friends.","म मेरा साथीहरूलाई माया गर्छु।"
"friends_3","Do you want to be my friend?","के तिमी मेरो साथी बन्न चाहन्छौ?"
"friends_4","I don't like my friends.","मलाई मेरा साथीहरू मनपर्दैन"
"friends_5","I miss my friends.","मलाई मेरो साथी याद छ।"
"friends_6","They are my friends.","तिनीहरू मेरा साथी हुन्।"
"friends_7","Thank you for playing with me.","मसँग खेल्नु भएकोमा धन्यवाद।"
"cousins","Cousins","भतिजा"
"cousins_2","I love my cousins.","मलाई मेरो काचेजहरू मन पर्छ।"
"cousins_3","I don't have cousins.","मसँग सानी भाइबहिनी छैन।"
"cousins_4","I miss my cousins.","मलाई मेरो चचेरो भाईहरू सम्झन्छु।"
"cousins_5","They are my cousins.","तिनीहरू मेरो भतिजाहरू हुन्।"
"grandmother","Grandmother","हजुरआमा"
"grandmother_2","I love my grandmother.","म मेरो हजुरआमालाई माया गर्छु"
"grandmother_3","I love you grandma.","म तिमीलाई हजुरआमालाई माया गर्छु।"
"grandmother_4","I miss my grandma.","मलाई मेरो हजुरआमा याद आउँछ।"
"grandmother_5","She is my grandma.","उनी मेरो हजुरआमा हुन्।"
"grandfather","Grandfather","हजुरबुवा"
"grandfather_2","I love my grandfather.","म मेरो हजुरबुबालाई माया गर्छु।"
"grandfather_3","I love you grandpa.","म तिमीलाई हजुरबुबालाई माया गर्छु।"
"grandfather_4","I miss my grandpa.","मलाई मेरो हजुरबुबा याद आउँछ।"
"grandfather_5","He is my grandpa.","उहाँ मेरो हजुरबुबा हुनुहुन्छ।"
"stepfather","Stepfather","सौतेला बुबा"
"stepfather_2","I love my stepfather.","म मेरो सौतेनी बुवालाई माया गर्छु।"
"stepfather_3","He is my stepfather.","उहाँ मेरो सौतेनी बुबा हुनुहुन्छ।"
"stepfather_4","I miss my stepfather.","मलाई मेरो सौतेलो बुबा याद छ।"
"stepfather_5","He is my stepfather.","उहाँ मेरो सौतेनी बुबा हुनुहुन्छ।"
"stepmother","Stepmother","सौतेनी आमा"
"stepmother_2","I love my stepmother.","म मेरो सौतेनी आमालाई माया गर्छु।"
"stepmother_3","She is my stepmother.","उनी मेरी सौतेनी आमा हुन्।"
"stepmother_4","I miss my stepmother.","मलाई मेरो सौतेनी आमा याद आउँछ।"
"stepmother_5","She is my stepmother.","उनी मेरी सौतेनी आमा हुन्।"
"stepsister","Stepsister","सौतेनी बहिनी"
"stepsister_2","I love my stepsister.","मलाई मेरो सौतेनी बहिनी मन पर्छ।"
"stepsister_3","She is my stepsister.","उनी मेरो सौतेनी बहिनी हुन्।"
"stepsister_4","I miss my stepsister.","मलाई मेरो सौतेनी बहिनी याद आउँछ।"
"stepsister_5","She is my stepsister.","उनी मेरो सौतेनी बहिनी हुन्।"
"stepbrother","Stepbrother","सौतेनी भाइ"
"stepbrother_2","I love my stepbrother.","मलाई मेरो सौतेनी भाइ मन पर्छ।"
"stepbrother_3","He is my stepbrother.","उहाँ मेरो सौतेनी भाई हुनुहुन्छ।"
"stepbrother_4","I miss my stepbrother.","मलाई मेरो सौतेनी भाइ याद छ।"
"stepbrother_5","He is my stepbrother.","उहाँ मेरो सौतेनी भाई हुनुहुन्छ।"
"half-brother","Half brother","सौतेनी भाई"
"half-brother_2","I love my half brother.","म मेरो सौतेनी भाइलाई माया गर्छु।"
"half-brother_3","He is my half brother.","ऊ मेरो सौतेनी भाइ हो।"
"half-brother_4","I miss my half brother.","मलाई मेरो सौतेनी भाइ याद आउँछ।"
"half-brother_5","He is my half brother.","ऊ मेरो सौतेनी भाइ हो।"
"half-sister","Half sister","आधा बहिनी"
"half-sister_2","I love my half sister.","म मेरो सौतेनी बहिनीलाई माया गर्छु।"
"half-sister_3","She is my half sister.","उनी मेरो सौतेनी बहिनी हुन्।"
"half-sister_4","I miss my half sister.","मलाई मेरो सौतेनी बहिनी याद आउँछ।"
"half-sister_5","She is my half sister.","उनी मेरो सौतेनी बहिनी हुन्।"
"quarantine","Quarantine","क्वारेन्टिन"
"protective-mask","Protective mask","सुरक्षात्मक मास्क"
"stay-home","Stay home","घरमै बस"
"toilet-paper","Toilet paper","शौचालय कागज"
"sprayer","Sprayer","स्प्रेयर"
"disinfectant","Disinfectant","कीटाणुनाशक"
"thermometer","Thermometer","थर्मामीटर"
"coughing","Coughing","खोकी"
"medical-assistance","Medical assistance","चिकित्सा सहयोग"
"hand-sanitizer","Hand sanitizer","ह्यान्ड स्यानीटाइजर"
"gloves","Gloves","पन्जा"
"social-distancing","Social distancing","सामाजिक दुरी"
"mouth-mask","Mouth mask","मुख मास्क"
"pandemic","Pandemic","माहामारी"
"working-at-home","Working at home","घरमा काम गर्दै"
"wet-wipes","Wet wipes","भिजेको पोंछ"
"first-aid-kit","First aid kit","प्राथमिक उपचारको सामान"
"fitness","Fitness","स्वास्थ्य"
"e-learning","E-learning","ई-शिक्षा"
"virus","Virus","भाइरस"
"cleaning","Cleaning","सफा गर्दै"
"school","School","स्कूल"
"desk","Desk","डेस्क"
"desk_2","Can I use this desk?","के म यो डेस्क प्रयोग गर्न सक्छु?"
"desk_3","Which desk is mine?","कुन डेस्क मेरो हो?"
"desk_4","I spilled on my desk.","मैले मेरो डेस्कमा स्पिल गरें।"
"desk_5","Don't scratch your desk.","आफ्नो डेस्क खरोंच नगर्नुहोस्।"
"chair","Chair","कुर्सी"
"chair_2","Can I sit with you?","म तिमी संग बस्न सक्छु?"
"chair_3","Which chair is mine?","कुन कुर्सी मेरो हो?"
"chair_4","Is this chair taken?","यो कुर्सी लिइएको छ?"
"chair_5","I spilled on my chair.","म मेरो कुर्सीमा घुमायो।"
"book","Book","पुस्तक"
"book_2","Textbook","पाठ्यपुस्तक"
"book_3","Workbook","कार्यपुस्तक"
"book_4","Reading a book.","किताब पढ्दै।"
"book_5","Can I borrow your book?","के म तपाईंको किताब उधार लिन सक्छु?"
"book_6","Which page are we at?","हामी कुन पृष्ठमा छौ?"
"book_7","Flip the page.","पृष्ठ फ्लिप गर्नुहोस्।"
"book_8","I lost my book.","मैले मेरो किताब हराएँ।"
"notebook","Notebook","नोटबुक"
"notebook_2","Taking notes.","नोटहरू लिदै।"
"notebook_3","I'm taking notes.","म नोटहरू लिदै छु।"
"notebook_4","I lost my notebook.","मैले मेरो नोटबुक हराएँ।"
"backpack","Backpack","ब्याकप्याक"
"backpack_2","Carrying my backpack.","मेरो झोला बोक्दै।"
"backpack_3","Putting my books in my backpack.","मेरा पुस्तकहरू मेरो झोलामा राख्दै।"
"backpack_4","I need a new backpack.","मलाई नयाँ ब्याकप्याक चाहिएको छ।"
"backpack_5","Thank you for carrying my backpack.","मेरो ब्याकप्याक बोक्नका लागि धन्यबाद।"
"backpack_6","I lost my backpack.","मैले मेरो झोला हरायो।"
"backpack_7","My backpack is heavy.","मेरो ब्याकप्याक भारी छ।"
"blackboard","Blackboard","ब्ल्याकबोर्ड"
"blackboard_2","Look at the blackboard.","ब्ल्याकबोर्डमा हेर्नुहोस्।"
"blackboard_3","Cleaning the blackboard.","ब्ल्याकबोर्ड सफा गर्दै।"
"blackboard_4","Solving the problem on the blackboard.","ब्ल्याकबोर्डमा समस्या समाधान गर्दै।"
"blackboard_5","Taking note on the blackboard.","ब्ल्याकबोर्डमा नोट लिँदै।"
"blackboard_6","Give me a chalk.","मलाई एउटा चक दिनुहोस्"
"teacher_7","I don't like this topic.","मलाई यो विषय मनपर्दैन।"
"teacher_8","Thank you for the lesson.","पाठको लागि धन्यबाद।"
"school-bus","School bus","विद्यालयको गाडी"
"school-bus_2","School bus is coming.","स्कूल बस आउँदैछ।"
"school-bus_3","Can I sit next to you?","म तपाइँको छेउमा बस्न सक्छु?"
"school-bus_4","Thank you bus driver!","धन्यवाद बस चालक!"
"school-bus_5","School bus was late.","स्कूल बस ढिला थियो।"
"pencil","Pencil","पेन्सिल"
"pencil_2","I'm writing.","म लेख्दै छु।"
"pencil_3","I'm learning to write.","म लेख्न सिक्दै छु।"
"pencil_4","I need a new pencil.","मलाई नयाँ पेन्सिल चाहिन्छ।"
"pencil_5","Can I borrow your pencil?","के म तपाइँको पेन्सिल उधार लिन सक्छु?"
"pencil_6","I lost my pencil.","मैले मेरो पेन्सिल हरायो।"
"eraser","Eraser","इरेजर"
"eraser_2","I'm erasing.","म मेटाउँदै छु।"
"eraser_3","I need a new eraser.","मलाई नयाँ इरेजर चाहिन्छ।"
"eraser_4","Can I borrow your eraser?","के म तपाईंको इरेजर उधार लिन सक्छु?"
"eraser_5","I lost my eraser.","मैले मेरो इरेजर हराएँ।"
"ruler","Ruler","शासक"
"ruler_2","I'm measuring.","म नाप्दै छु।"
"ruler_3","I need a new ruler.","मलाई नयाँ शासक चाहियो।"
"ruler_4","Can I borrow your ruler?","के म तपाईंको शासकलाई orrowण लिन सक्छु?"
"ruler_5","I lost my ruler.","मैले मेरो शासक गुमाएँ।"
"sharpener","Sharpener","शार्पनर"
"sharpener_2","I'm sharpening my pencil.","म मेरो पेन्सिल तेज गर्दैछु।"
"sharpener_3","I need a new sharpener.","मलाई नयाँ शार्पनर चाहिन्छ।"
"sharpener_4","Can I borrow your sharpener?","के म तपाईंको शार्पनर उधार लिन सक्छु?"
"sharpener_5","I lost my sharpener.","मैले मेरो शार्नर हरायो।"
"mathematics","Mathematics","गणित"
"mathematics_2","I like mathematics.","मलाई गणित मन पर्छ।"
"mathematics_3","I want to study mathematics.","म गणित पढ्न चाहन्छु।"
"mathematics_4","I don't like mathematics.","मलाई गणित मन पर्दैन।"
"mathematics_5","When is mathematics class?","गणित कक्षा कहिले हुन्छ?"
"mathematics_6","Can you help me with my mathematics homework?","तपाईं मेरो गणित होमवर्क को लागी मद्दत गर्न सक्नुहुन्छ?"
"literature","Literature","साहित्य"
"literature_2","I like literature.","मलाई साहित्य मन पर्छ।"
"literature_3","I want to study literature.","म साहित्य पढ्न चाहन्छु।"
"literature_4","I don't like literature.","मलाई साहित्य मन पर्दैन।"
"literature_5","When is literature class?","साहित्य कक्षा कहिले हुन्छ?"
"literature_6","Can you help me with my literature homework?","के तपाई मेरो साहित्यिक होमवर्कको लागि मद्दत गर्न सक्नुहुन्छ?"
"science","Science","विज्ञान"
"science_2","I like science.","मलाई विज्ञान मन पर्छ।"
"science_3","I want to study science.","म विज्ञान पढ्न चाहन्छु।"
"science_4","I don't like science.","मलाई विज्ञान मन पर्दैन।"
"science_5","When is science class?","विज्ञान कक्षा कहिले हुन्छ?"
"science_6","Can you help me with my science homework?","के तपाइँ मेरो विज्ञान होमवर्कको साथ मलाई मद्दत गर्न सक्नुहुन्छ?"
"art-class","Art class","कला वर्ग"
"art-class_2","I like art class.","मलाई आर्ट क्लास मनपर्छ।"
"art-class_3","I want to practice art skills.","म कला सीप अभ्यास गर्न चाहन्छु।"
"art-class_4","I don't like art class.","मलाई आर्ट क्लास मनपर्दैन।"
"art-class_5","When is art class?","कला वर्ग कहिले हो?"
"art-class_6","Can you help me with my art class homework?","के तपाईं मेरो कला वर्ग होमवर्कको साथ मद्दत गर्न सक्नुहुन्छ?"
"music-class","Music class","संगीत वर्ग"
"music-class_2","I like music class.","मलाई संगीत कक्षा मनपर्छ।"
"music-class_3","I want to practice music skills.","म संगीत कौशल अभ्यास गर्न चाहन्छु।"
"music-class_4","I don't like music class.","मलाई संगीत वर्ग मनपर्दैन।"
"music-class_5","When is music class?","संगीत वर्ग कहिले हुन्छ?"
"music-class_6","Can you help me with my music class homework?","के तपाइँ मेरो संगीत वर्ग होमवर्कको साथ मलाई मद्दत गर्न सक्नुहुन्छ?"
"geography","Geography","भूगोल"
"geography_2","I like geography.","मलाई भूगोल मनपर्छ।"
"geography_3","I want to study geography.","म भूगोल अध्ययन गर्न चाहन्छु।"
"geography_4","I don't like geography.","मलाई भूगोल मनपर्दैन।"
"geography_5","When is geography?","भूगोल कहिले हुन्छ?"
"geography_6","Can you help me with my geography homework?","के तपाइँ मेरो भूगोल होमवर्कमा मद्दत गर्न सक्नुहुन्छ?"
"telescope","Telescope","टेलिस्कोप"
"telescope_2","I'm using the telescope.","म टेलिस्कोप प्रयोग गर्दैछु।"
"telescope_3","I want to use the telescope.","म टेलिस्कोप प्रयोग गर्न चाहान्छु।"
"telescope_4","I want to look at the stars.","म तारा हेर्न चाहन्छु।"
"glue","Glue","ग्लू"
"glue_2","I'm using glue.","म गोंद प्रयोग गर्दैछु।"
"glue_3","I need a new glue.","मलाई नयाँ गोंद चाहिन्छ।"
"glue_4","Can I borrow your glue?","के म तिम्रो गोंद उधार लिन सक्छु?"
"glue_5","I lost my glue.","मैले मेरो गोंद हराए।"
"shapes","Shapes","आकार"
"circle","Circle","गोलाकार"
"circle_2","This is circle shaped.","यो गोलाकार आकारको छ।"
"circle_3","Can you teach me how to draw a circle?","के तपाई मलाई सिकाउन सक्नुहुन्छ कि कसरी सर्कल बनाउने?"
"triangle","Triangle","त्रिकोण"
"triangle_2","This is triangle shaped.","यो त्रिकोण आकारको छ।"
"triangle_3","Can you teach me how to draw a triangle?","के तपाई मलाई सिकाउन सक्नुहुन्छ कसरी त्रिकोण कोर्ने?"
"square","Square","वर्ग"
"square_2","This is square shaped.","यो वर्ग आकारको छ।"
"square_3","Can you teach me how to draw a square?","वर्ग बनाउन कसरी मलाई सिकाउन सक्नुहुन्छ?"
"rectangle","Rectangle","आयत"
"rectangle_2","This is rectangle shaped.","यो आयत आकारको छ।"
"rectangle_3","Can you teach me how to draw a rectangle?","के तपाई मलाई सिकाउन सक्नुहुन्छ कसरी एक आयत कोर्ने?"
"star","Star","तारा"
"star_2","This is star shaped.","यो तारा आकारको छ।"
"star_3","Can you teach me how to draw a star?","तपाईं मलाई कसरी तारा कोर्न को लागी सिकाउन सक्नुहुन्छ?"
"pentagon","Pentagon","पेन्टागन"
"pentagon_2","This is pentagon shaped.","यो पेन्टागन आकारको छ।"
"pentagon_3","Can you teach me how to draw a pentagon?","तिमीले मलाई पेन्टागन कसरी बनाउने भनेर सिकाउन सक्छौ?"
"hexagon","Hexagon","हेक्सागन"
"hexagon_2","This is hexagon shaped.","यो हेक्सागन आकारको छ।"
"hexagon_3","Can you teach me how to draw a hexagon?","हेक्सागन कसरी ड्र्याउन सकिन्छ भनेर मलाई सिकाउन सक्नुहुन्छ?"
"cross","Cross","क्रस"
"cross_2","This is cross shaped.","यो क्रस आकारको छ।"
"cross_3","Can you teach me how to draw a cross?","तपाईं मलाई कसरी क्रस बनाउने सिकाउन सक्नुहुन्छ?"
"ellipse","Ellipse","इलिप्स"
"ellipse_2","This is ellipse shaped.","यो अण्डाकार आकारको छ।"
"ellipse_3","Can you teach me how to draw a ellipse?","एलीपस कसरी ड्र्याउने भनेर मलाई सिकाउन सक्नुहुन्छ?"
"arrow","Arrow","एर्रो"
"arrow_2","This is arrow shaped.","यो एरो आकारको छ।"
"arrow_3","Can you teach me how to draw a arrow?","के तपाईले मलाई एर्रो कसरी तान्न सिकाउनुहुन्छ?"
"crescent","Crescent","अर्धचन्द्राकार"
"crescent_2","This is crescent shaped.","यो अर्धचन्द्राकार आकारको छ।"
"crescent_3","Can you teach me how to draw a crescent?","तपाईं मलाई कसरी अर्धचन्द्रा रेखाचित्र ड्रउन सिकाउन सक्नुहुन्छ?"
"heart","Heart","मुटु"
"heart_2","This is heart shaped.","यो मुटुको आकारको छ।"
"heart_3","Can you teach me how to draw a heart?","तपाईं मलाई कसरी मुटु खिच्न सिकाउन सक्नुहुन्छ?"
"rhombus","Rhombus","रम्बस"
"rhombus_2","This is rhombus shaped.","यो rhombus आकारको छ।"
"rhombus_3","Can you teach me how to draw a rhombus?","के तपाइँ मलाई एक rhombus को चित्रण गर्न को लागी सिकाउन सक्नुहुन्छ?"
"ring","Ring","औंठी"
"ring_2","This is ring shaped.","यो औंठी आकारको छ।"
"ring_3","Can you teach me how to draw a ring?","के तपाई मलाई सिकाउन सक्नुहुन्छ कसरी औंठी कोर्ने?"
"semicircle","Semicircle","अर्धवृत्त"
"semicircle_2","This is semicircle shaped.","यो अर्धवृत्त आकारको छ।"
"semicircle_3","Can you teach me how to draw a semicircle?","तपाईं मलाई अर्धवृत्ति कोर्न कसरी सिकाउन सक्नुहुन्छ?"
"trapezoid","Trapezoid","ट्रापेजॉइड"
"trapezoid_2","This is trapezoid shaped.","यो ट्र्यापेजॉइड आकारको छ।"
"trapezoid_3","Can you teach me how to draw a trapezoid?","के तपाई मलाई सिकाउन सक्नुहुन्छ कसरी एक trapezoid ड्र गर्न?"
"cube","Cube","घन"
"cube_2","This is cube shaped.","यो घन आकारको छ।"
"cube_3","Can you teach me how to draw a cube?","क्युब कसरी तान्न सक्नुहुन्छ मलाई सिकाउन सक्नुहुन्छ?"
"cylinder","Cylinder","सिलिन्डर"
"cylinder_2","This is cylinder shaped.","यो सिलिन्डर आकारको छ।"
"cylinder_3","Can you teach me how to draw a cylinder?","के तपाई मलाई सिलिन्डर कसरी बनाउने भनेर सिकाउन सक्नुहुन्छ?"