"activities","Activities","Activiteiten"
"walking","Walking","Wandelen"
"walking_2","I like walking","ik hou van wandelen"
"walking_3","I don't like walking","Ik hou niet van wandelen"
"walking_4","Do you want to walk together?","Samen wandelen?"
"running","Running","Rennen"
"running_2","I like running.","Ik hou van hardlopen."
"running_3","I don't like running.","Ik hou niet van hardlopen."
"running_4","Do you want to go running?","Wil je gaan hardlopen?"
"talking","Talking","Praten"
"talking_2","I like talking.","Ik hou van praten."
"talking_3","I don't like talking.","Ik hou niet van praten."
"talking_4","Do you want to talk with me?","Wil je met me praten?"
"reading","Reading","Lezing"
"reading_2","I like reading.","Ik hou van lezen."
"reading_3","I don't like reading.","Ik hou niet van lezen."
"reading_4","Do you want to read together?","Samen lezen?"
"football","Football","Amerikaans voetbal"
"football_2","I like playing football.","Ik hou van voetballen."
"football_3","I don't like playing football.","Ik hou niet van voetballen."
"football_4","Do you want to play football?","Wil je voetbal spelen?"
"basketball","Basketball","Basketbal"
"basketball_2","I like playing basketball.","Ik vind basketbal leuk."
"basketball_3","I don't like playing basketball.","Ik hou niet van basketballen."
"basketball_4","Do you want to play basketball?","Wil je basketbal spelen?"
"swimming","Swimming","Zwemmen"
"swimming_2","I like swimming.","Ik hou van zwemmen."
"swimming_3","I don't like swimming.","Ik hou niet van zwemmen."
"swimming_4","Do you want to go to swimming?","Wil je gaan zwemmen?"
"painting","Painting","Schilderen"
"painting_2","I like painting.","Ik hou van schilderen."
"painting_3","I don't like painting.","Ik hou niet van schilderen."
"painting_4","Do you want to paint together?","Samen schilderen?"
"drawing","Drawing","Tekening"
"drawing_2","I like drawing.","Ik hou van tekenen."
"drawing_3","I don't like drawing.","Ik hou niet van tekenen."
"drawing_4","Do you want to draw together?","Samen tekenen?"
"cycling","Cycling","Wielersport"
"cycling_2","I like cycling.","Ik hou van fietsen."
"cycling_3","I don't like cycling.","Ik hou niet van fietsen."
"cycling_4","Do you want to go cycling?","Wil je gaan fietsen?"
"skating","Skating","Het schaatsen"
"skating_2","I like skating.","Ik hou van skaten."
"skating_3","I don't like skating.","Ik hou niet van skaten."
"skating_4","Do you want to go skating?","Wil je gaan skaten?"
"sightseeing","Sightseeing","Bezienswaardigheden bekijken"
"sightseeing_2","I like sightseeing.","Ik hou van sightseeing."
"sightseeing_3","I don't like sightseeing.","Ik hou niet van sightseeing."
"sightseeing_4","Do you want to go for sightseeing?","Wilt u bezienswaardigheden bezoeken?"
"video-games","Video games","Computerspellen"
"video-games_2","I like playing video games.","Ik vind het leuk om video games te spelen."
"video-games_3","I don't like playing video games.","Ik speel niet graag videogames."
"video-games_4","Do you want to play games?","Wil je spelletjes spelen?"
"tidying","Tidying","Opruimen"
"tidying_2","I like tidying my room.","Ik hou ervan mijn kamer op te ruimen."
"tidying_3","I don't like tidying my room.","Ik hou er niet van om mijn kamer op te ruimen."
"tidying_4","Can you help me tidy my room?","Kun je me helpen mijn kamer op te ruimen?"
"toys","Toys","Speelgoed"
"toys_2","I like toys.","Ik hou van speelgoed."
"toys_3","I don't like toys.","Ik hou niet van speelgoed."
"toys_4","Do you want to play with my toys?","Wil je met mijn speelgoed spelen?"
"puzzle","Puzzle","Puzzel"
"puzzle_2","I like solving puzzle.","Ik hou van het oplossen van puzzels."
"puzzle_3","I don't like solving puzzle.","Ik hou niet van puzzels oplossen."
"puzzle_4","Do you want to solve puzzles with me?","Wil je samen met mij puzzels oplossen?"
"comics","Comics","Strips"
"comics_2","I like reading comics.","Ik lees graag strips."
"comics_3","I don't like reading comics.","Ik hou niet van strips lezen."
"comics_4","Do you want to read comics?","Wil je strips lezen?"
"chess","Chess","Schaak"
"chess_2","I like playing chess.","Ik hou van schaken."
"chess_3","I don't like playing chess.","Ik hou niet van schaken."
"chess_4","Do you want to play chess with me?","Wil je met mij schaken?"
"using-leeloo","Using Leeloo","Leeloo gebruiken"
"using-leeloo_2","I like using leeloo.","Ik gebruik graag leeloo."
"using-leeloo_3","I don't like using leeloo.","Ik gebruik leeloo niet graag."
"using-leeloo_4","Can you change card packs on leeloo?","Kun je de kaartpakketten op leeloo veranderen?"
"texting","Texting","Sms'en"
"texting_2","I like texting.","Ik hou van sms'en."
"texting_3","I don't like texting.","Ik hou niet van sms'en."
"knitting","Knitting","Breien"
"knitting_2","I like knitting.","Ik hou van breien."
"knitting_3","I don't like knitting.","Ik hou niet van breien."
"knitting_4","I want to learn how to knit.","Ik wil leren breien."
"bowling","Bowling","Bowling"
"bowling_2","I like bowling.","Ik hou van bowlen."
"bowling_3","I don't like bowling.","Ik hou niet van bowlen."
"bowling_4","Do you want to play bowling with me?","Wil je met mij bowlen?"
"watching-tv","Watching TV","Tv kijken"
"watching-tv_2","I like watching tv.","Ik houd van televisie kijken."
"watching-tv_3","I don't like watching tv.","Ik hou niet van tv kijken."
"watching-tv_4","Do you want to watch tv?","Wil je tv kijken?"
"fishing","Fishing","Vissen"
"fishing_2","I like fishing.","Ik hou van vissen."
"fishing_3","I don't like fishing.","Ik hou niet van vissen."
"fishing_4","Do you want to go to fishing?","Wil je gaan vissen?"
"exercising","Exercising","Trainen"
"exercising_2","I like exercising.","Ik hou van sporten."
"exercising_3","I don't like exercising.","Ik hou niet van sporten."
"exercising_4","Do you want to exercise with me?","Wil je met mij sporten?"
"tennis","Tennis","Tennis"
"tennis_2","I like playing tennis.","Ik hou van tennis spelen."
"tennis_3","I don't like playing tennis.","Ik hou niet van tennissen."
"tennis_4","Do you want to play tennis with me?","Wil je met mij tennissen?"
"animals","Animals","Dieren"
"cat","Cat","Kat"
"cat_2","I like cats.","Ik hou van katten."
"cat_3","I saw a cat.","Ik zag een kat."
"cat_4","What noise does a cat make?","Welk geluid maakt een kat?"
"cat_5","Can we get a cat as pet?","Kunnen we een kat als huisdier krijgen?"
"dog","Dog","Hond"
"dog_2","I like dog.","Ik hou van hond."
"dog_3","I saw a dog.","Ik zag een hond."
"dog_4","What noise does a dog make?","Welk geluid maakt een hond?"
"dog_5","Can we get a dog as pet?","Kunnen we een hond als huisdier krijgen?"
"fish","Fish","Vis"
"fish_2","I like fish.","Ik hou van vis."
"fish_3","I saw a fish.","Ik zag een vis."
"fish_4","What noise does a fish make?","Welk geluid maakt een vis?"
"fish_5","Can we get a fish as pet?","Kunnen we een vis als huisdier krijgen?"
"rabbit","Rabbit","Konijn"
"rabbit_2","I like rabbits.","Ik hou van konijnen."
"rabbit_3","I saw a rabbit.","Ik zag een konijn."
"rabbit_4","What noise does a rabbit make?","Welk geluid maakt een konijn?"
"rabbit_5","Can we get a rabbit as pet?","Kunnen we een konijn als huisdier krijgen?"
"butterfly","Butterfly","Vlinder"
"butterfly_2","I like butterflies.","Ik hou van vlinders."
"butterfly_3","I saw a butterfly.","Ik zag een vlinder."
"butterfly_4","What noise does a butterfly make?","Welk geluid maakt een vlinder?"
"kangaroo","Kangaroo","Kangoeroe"
"kangaroo_2","I like kangaroos.","Ik hou van kangoeroes."
"kangaroo_3","I saw a kangaroo.","Ik zag een kangoeroe."
"kangaroo_4","What noise does a kangaroo make?","Welk geluid maakt een kangoeroe?"
"turtle","Turtle","Schildpad"
"turtle_2","I like turtles.","Ik hou van schildpadden."
"turtle_3","I saw a turtle.","Ik zag een schildpad."
"turtle_4","What noise does a turtle make?","Welk geluid maakt een schildpad?"
"giraffe","Giraffe","Giraffe"
"giraffe_2","I like giraffes.","Ik hou van giraffen."
"giraffe_3","I saw a giraffe.","Ik zag een giraf."
"giraffe_4","What noise does a giraffe make?","Welk geluid maakt een giraf?"
"frog","Frog","Kikker"
"frog_2","I like frogs.","Ik hou van kikkers."
"frog_3","I saw a frog.","Ik zag een kikker."
"frog_4","What noise does a frog make?","Welk geluid maakt een kikker?"
"swan","Swan","Zwaan"
"swan_2","I like swans.","Ik hou van zwanen."
"swan_3","I saw a swan.","Ik zag een zwaan."
"swan_4","What noise does a swan make?","Welk geluid maakt een zwaan?"
"spider","Spider","Spin"
"spider_2","I like spiders.","Ik hou van spinnen."
"spider_3","I saw a spider.","Ik zag een spin."
"spider_4","What noise does a spider make?","Welk geluid maakt een spin?"
"cow","Cow","Koe"
"cow_2","I like cows.","Ik hou van koeien."
"cow_3","I saw a cow.","Ik zag een koe."
"cow_4","What noise does a cow make?","Welk geluid maakt een koe?"
"duck","Duck","Eend"
"duck_2","I like ducks.","Ik hou van eenden."
"duck_3","I saw a duck.","Ik zag een eend."
"duck_4","What noise does a duck make?","Welk geluid maakt een eend?"
"horse","Horse","Paard"
"horse_2","I like horses.","Ik hou van paarden."
"horse_3","I saw a horse.","Ik zag een paard."
"horse_4","What noise does a horse make?","Welk geluid maakt een paard?"
"chicken","Chicken","Kip"
"chicken_2","I like chickens.","Ik hou van kippen."
"chicken_3","I saw a chicken.","Ik zag een kip."
"chicken_4","What noise does a chicken make?","Welk geluid maakt een kip?"
"bee","Bee","Bij"
"bee_2","I like bees.","Ik hou van bijen."
"bee_3","I saw a bee.","Ik zag een bij."
"bee_4","What noise does a bee make?","Welk geluid maakt een bij?"
"pig","Pig","Varken"
"pig_2","I like pigs.","Ik hou van varkens."
"pig_3","I saw a pig.","Ik zag een varken."
"pig_4","What noise does a pig make?","Welk geluid maakt een varken?"
"dove","Dove","Duif"
"dove_2","I like doves.","Ik hou van duiven."
"dove_3","I saw a dove.","Ik zag een duif."
"dove_4","What noise does a dove make?","Welk geluid maakt een duif?"
"crab","Crab","Krab"
"crab_2","I like crabs.","Ik hou van krabben."
"crab_3","I saw a crab.","Ik zag een krab."
"crab_4","What noise does a crab make?","Welk geluid maakt een krab?"
"penguin","Penguin","pingu誰n"
"penguin_2","I like penguins.","Ik hou van pingu誰ns."
"penguin_3","I saw a penguin.","Ik zag een pingu誰n."
"penguin_4","What noise does a penguin make?","Welk geluid maakt een pingu誰n?"
"elephant","Elephant","Olifant"
"elephant_2","I like elephants.","Ik hou van olifanten."
"elephant_3","I saw an elephant.","Ik zag een olifant."
"elephant_4","What noise does an elephant make?","Welk geluid maakt een olifant?"
"zebra","Zebra","Zebra"
"zebra_2","I like zebras.","Ik hou van zebra's."
"zebra_3","I saw a zebra.","Ik zag een zebra."
"zebra_4","What noise does a zebra make?","Welk geluid maakt een zebra?"
"panda","Panda","Panda"
"panda_2","I like pandas.","Ik hou van panda's."
"panda_3","I saw a panda.","Ik zag een panda."
"panda_4","What noise does a panda make?","Welk geluid maakt een panda?"
"monkey","Monkey","Aap"
"monkey_2","I like monkeys.","Ik hou van apen."
"monkey_3","I saw a monkey.","Ik zag een aap."
"monkey_4","What noise does a monkey make?","Welk geluid maakt een aap?"
"camel","Camel","Kameel"
"camel_2","I like camels.","Ik hou van kamelen."
"camel_3","I saw a camel.","Ik zag een kameel."
"camel_4","What noise does a camel make?","Welk geluid maakt een kameel?"
"mouse","Mouse","Muis"
"mouse_2","I like mice.","Ik hou van muizen."
"mouse_3","I saw a mouse.","Ik zag een muis."
"mouse_4","What noise does a mouse make?","Welk geluid maakt een muis?"
"tiger","Tiger","Tijger"
"tiger_2","I like tigers.","Ik hou van tijgers."
"tiger_3","I saw a tiger.","Ik zag een tijger."
"tiger_4","What noise does a tiger make?","Welk geluid maakt een tijger?"
"jellyfish","Jellyfish","Kwallen"
"jellyfish_2","I like jellyfishes.","Ik hou van kwallen."
"jellyfish_3","I saw a jellyfish.","Ik zag een kwal."
"jellyfish_4","What noise does a jellyfish make?","Welk geluid maakt een kwal?"
"crocodile","Crocodile","Krokodil"
"crocodile_2","I like crocodiles.","Ik hou van krokodillen."
"crocodile_3","I saw a crocodile.","Ik zag een krokodil."
"crocodile_4","What noise does a crocodile make?","Welk geluid maakt een krokodil?"
"koala","Koala","Koala"
"koala_2","I like koalas.","Ik hou van koala's."
"koala_3","I saw a koala.","Ik zag een koala."
"koala_4","What noise does a koala make?","Welk geluid maakt een koala?"
"ostrich","Ostrich","Struisvogel"
"ostrich_2","I like ostriches.","Ik hou van struisvogels."
"ostrich_3","I saw an ostrich.","Ik zag een struisvogel."
"ostrich_4","What noise does an ostrich make?","Welk geluid maakt een struisvogel?"
"racoon","Racoon","Wasbeer"
"racoon_2","I like racoons.","Ik hou van wasberen."
"racoon_3","I saw a racoon.","Ik zag een wasbeer."
"racoon_4","What noise does a racoon make?","Welk geluid maakt een wasbeer?"
"bat","Bat","Knuppel"
"bat_2","I like bats.","Ik hou van vleermuizen."
"bat_3","I saw a bat.","Ik zag een vleermuis."
"bat_4","What noise does a bat make?","Welk geluid maakt een vleermuis?"
"eagle","Eagle","Adelaar"
"eagle_2","I like eagles.","Ik hou van adelaars."
"eagle_3","I saw an eagle.","Ik zag een adelaar."
"eagle_4","What noise does an eagle make?","Welk geluid maakt een adelaar?"
"hippopotamus","Hippopotamus","Nijlpaard"
"hippopotamus_2","I like hippopotamus.","Ik hou van nijlpaarden."
"hippopotamus_3","I saw a hippopotamus.","Ik zag een nijlpaard."
"hippopotamus_4","What noise does a hippopotamus make?","Welk geluid maakt een nijlpaard?"
"seal","Seal","Zegel"
"seal_2","I like seals.","Ik hou van zeehonden."
"seal_3","I saw a seal.","Ik zag een zeehond."
"seal_4","What noise does a seal make?","Welk geluid maakt een zeehond?"
"walrus","Walrus","Walrus"
"walrus_2","I like walruses.","Ik hou van walrussen."
"walrus_3","I saw a walrus.","Ik zag een walrus."
"walrus_4","What noise does a walrus make?","Welk geluid maakt een walrus?"
"seahorse","Seahorse","zeepaardje"
"seahorse_2","I like seahorses.","Ik hou van zeepaardjes."
"seahorse_3","I saw a seahorse.","Ik zag een zeepaard."
"seahorse_4","What noise does a seahorse make?","Welk geluid maakt een zeepaardje?"
"bull","Bull","Stier"
"bull_2","I like bulls.","Ik hou van stieren."
"bull_3","I saw a bull.","Ik zag een stier."
"bull_4","What noise does a bull make?","Welk geluid maakt een stier?"
"pelican","Pelican","Pelikaan"
"pelican_2","I like pelicans.","Ik hou van pelikanen."
"pelican_3","I saw a pelican.","Ik zag een pelikaan."
"pelican_4","What noise does a pelican make?","Welk geluid maakt een pelikaan?"
"beaver","Beaver","Bever"
"beaver_2","I like beavers.","Ik hou van bevers."
"beaver_3","I saw a beaver.","Ik zag een bever."
"beaver_4","What noise does a beaver make?","Welk geluid maakt een bever?"
"goldfish","Goldfish","Goudvis"
"goldfish_2","I like goldfishes.","Ik hou van goudvissen."
"goldfish_3","I saw a goldfish.","Ik zag een goudvis."
"goldfish_4","What noise does a goldfish make?","Welk geluid maakt een goudvis?"
"goldfish_5","Can we get a goldfish as pet?","Kunnen we een goudvis als huisdier krijgen?"
"rhinoceros","Rhinoceros","Neushoorn"
"rhinoceros_2","I like rhinoceros.","Ik hou van neushoorns."
"rhinoceros_3","I saw a rhinoceros.","Ik zag een neushoorn."
"rhinoceros_4","What noise does a rhinoceros make?","Welk geluid maakt een neushoorn?"
"snake","Snake","Slang"
"snake_2","I like snakes.","Ik hou van slangen."
"snake_3","I saw a snake.","Ik zag een slang."
"snake_4","What noise does a snake make?","Welk geluid maakt een slang?"
"lion","Lion","Leeuw"
"lion_2","I like lions.","Ik hou van leeuwen."
"lion_3","I saw a lion.","Ik zag een leeuw."
"lion_4","What noise does a lion make?","Welk geluid maakt een leeuw?"
"squid","Squid","Inktvis"
"squid_2","I like squids.","Ik hou van inktvissen."
"squid_3","I saw a squid.","Ik zag een inktvis."
"squid_4","What noise does a squid make?","Welk geluid maakt een inktvis?"
"whale","Whale","Walvis"
"whale_2","I like whales.","Ik hou van walvissen."
"whale_3","I saw a whale.","Ik heb een walvis gezien."
"whale_4","What noise does a whale make?","Welk geluid maakt een walvis?"
"beetle","Beetle","Kever"
"beetle_2","I like beetles.","Ik hou van kevers."
"beetle_3","I saw a beetle.","Ik zag een kever."
"beetle_4","What noise does a beetle make?","Welk geluid maakt een kever?"
"dolphin","Dolphin","Dolfijn"
"dolphin_2","I like dolphins.","Ik hou van dolfijnen."
"dolphin_3","I saw a dolphin.","Ik zag een dolfijn."
"dolphin_4","What noise does a dolphin make?","Welk geluid maakt een dolfijn?"
"starfish","Starfish","Zeester"
"starfish_2","I like starfishes.","Ik hou van zeesterren."
"starfish_3","I saw a starfish.","Ik zag een zeester."
"starfish_4","What noise does a starfish make?","Welk geluid maakt een zeester?"
"parakeet","Parakeet","Parkiet"
"parakeet_2","I like parakeets.","Ik hou van parkieten."
"parakeet_3","I saw a parakeet.","Ik zag een parkiet."
"parakeet_4","What noise does a parakeet make?","Welk geluid maakt een parkiet?"
"owl","Owl","Uil"
"owl_2","I like owls.","Ik hou van uilen."
"owl_3","I saw an owl.","Ik zag een uil."
"owl_4","What noise does an owl make?","Welk geluid maakt een uil?"
"sheep","Sheep","Schapen"
"sheep_2","I like sheeps.","Ik hou van schapen."
"sheep_3","I saw a sheep.","Ik zag een schaap."
"sheep_4","What noise does a sheep make?","Welk geluid maakt een schaap?"
"clothes","Clothes","Kleren"
"pants","Pants","Broek"
"pants_2","My pants are dirty.","Mijn broek is vuil."
"pants_3","Can you help me wear my pants?","Kun je me helpen mijn broek te dragen?"
"shirt","Shirt","Shirt"
"shirt_2","My shirt is dirty.","Mijn shirt is vies."
"shirt_3","Can you help me wear my shirt?","Kun je me helpen mijn shirt te dragen?"
"skirt","Skirt","Rok"
"skirt_2","My skirt is dirty.","Mijn rok is vuil."
"skirt_3","Can you help me wear my skirt?","Kun je me helpen mijn rok te dragen?"
"panty","Panty","Panty"
"panty_2","My underwear is dirty.","Mijn ondergoed is vuil."
"panty_3","Can you help me wear my panty?","Kun je me helpen mijn slipje te dragen?"
"jacket","Jacket","Jasje"
"jacket_2","My jacket is dirty.","Mijn jas is vuil."
"jacket_3","Can you help me wear my jacket?","Kun je me helpen mijn jas te dragen?"
"tie","Tie","Binden"
"tie_2","I like wearing tie.","Ik draag graag een stropdas."
"tie_3","Can you help me tie my tie?","Kun je me helpen mijn das te strikken?"
"baseball-cap","Baseball cap","Baseball pet"
"baseball-cap_2","I like wearing baseball cap.","Ik draag graag een baseballpet."
"baseball-cap_3","Which baseball cap should I wear?","Welke baseballcap moet ik dragen?"
"dress","Dress","Jurk"
"dress_2","My dress is dirty.","Mijn jurk is vies."
"dress_3","Can you help me wear my dress?","Kun je me helpen mijn jurk te dragen?"
"shoes","Shoes","Schoenen"
"shoes_2","My shoes are dirty.","Mijn schoenen zijn vuil."
"shoes_3","Can you help me wear my shoes?","Kunt u mij helpen mijn schoenen te dragen?"
"boots","Boots","Laarzen"
"boots_2","My boots are dirty.","Mijn laarzen zijn vuil."
"boots_3","Can you help me wear my boots?","Kunt u mij helpen mijn laarzen te dragen?"
"sneakers","Sneakers","Sneakers"
"sneakers_2","I want to wear my sneakers.","Ik wil mijn sneakers dragen."
"sneakers_3","Can you help me wear my sneakers?","Kun je me helpen mijn sneakers te dragen?"
"slippers","Slippers","Slippers"
"slippers_2","I want to wear my slippers.","Ik wil mijn pantoffels dragen."
"slippers_3","Can you help me wear my slippers?","Kun je me helpen mijn pantoffels te dragen?"
"belt","Belt","Riem"
"belt_2","I like wearing belt.","Ik draag graag een riem."
"belt_3","Can you help me wear my belt?","Kunt u mij helpen mijn riem te dragen?"
"socks","Socks","Sokken"
"socks_2","My socks are dirty.","Mijn sokken zijn vuil."
"socks_3","Can you help me wear my socks?","Kun je me helpen mijn sokken te dragen?"
"swimsuit","Swimsuit","Zwempak"
"swimsuit_2","I want to wear my swimsuit.","Ik wil mijn zwemkleding dragen."
"swimsuit_3","Can you help me wear my swimsuit?","Kun je me helpen mijn badpak te dragen?"
"sweater","Sweater","Trui"
"sweater_2","My sweater is dirty.","Mijn trui is vies."
"sweater_3","Can you help me wear my sweater?","Kun je me helpen mijn trui te dragen?"
"scarf","Scarf","Sjaal"
"scarf_2","I like wearing scarf.","Ik draag graag een sjaal."
"scarf_3","Can you help me wear my scarf?","Kun je me helpen mijn sjaal te dragen?"
"denim-shorts","Denim shorts","Korte spijkerbroek"
"denim-shorts_2","My denim shorts are dirty.","Mijn spijkerbroek is vuil."
"denim-shorts_3","Can you help me wear my denim shorts?","Kun je me helpen mijn spijkerbroek te dragen?"
"hoodies","Hoodies","Hoodies"
"hoodies_2","I like wearing hoodies.","Ik draag graag hoodies."
"hoodies_3","Can you help me wear my hoodie?","Kun je me helpen mijn hoodie te dragen?"
"swimming-shorts","Swimming shorts","Zwemshorts"
"swimming-shorts_2","My swimming shorts are dirty.","Mijn zwembroek is vies."
"swimming-shorts_3","Can you help me wear my swimming shorts?","Kun je me helpen mijn zwemshort te dragen?"
"bow-tie","Bow tie","Vlinderdas"
"bow-tie_2","I like wearing bow tie.","Ik draag graag een vlinderdas."
"bow-tie_3","Can you help me wear my bow tie?","Kun je me helpen mijn vlinderdas te dragen?"
"leather-jacket","Leather jacket","Leren jas"
"leather-jacket_2","I like wearing leather jacket.","Ik draag graag een leren jas."
"leather-jacket_3","Can you help me wear my leather jacket?","Kun je me helpen mijn leren jack te dragen?"
"bathrobe","Bathrobe","Badjas"
"bathrobe_2","I like wearing bathrobe.","Ik draag graag een badjas."
"bathrobe_3","Can you help me wear my bathrobe?","Kunt u mij helpen mijn badjas te dragen?"
"jumpsuit","Jumpsuit","Jumpsuit"
"jumpsuit_2","I like wearing jumpsuit.","Ik draag graag een jumpsuit."
"jumpsuit_3","Can you help me wear my jumpsuit?","Kun je me helpen mijn jumpsuit te dragen?"
"fedora-hat","Fedora hat","Fedora hoed"
"fedora-hat_2","I like wearing fedora hat.","Ik draag graag een fedorahoed."
"fedora-hat_3","Can you help me wear my fedora hat?","Kun je me helpen mijn fedorahoed te dragen?"
"t-shirt","T-shirt","t-shirt"
"t-shirt_2","I like wearing t-shirt.","Ik draag graag een t-shirt."
"t-shirt_3","Can you help me wear my t-shirt?","Kun je me helpen mijn t-shirt te dragen?"
"sleeveless","Sleeveless","Mouwloos"
"sleeveless_2","I like wearing sleeveless.","Ik draag graag mouwloos."
"sleeveless_3","Can you help me wear my sleeveless?","Kun je me helpen mijn mouwloos te dragen?"
"boxers","Boxers","Boxers"
"boxers_2","I like wearing boxers.","Ik draag graag boksers."
"boxers_3","Can you help me wear my boxers?","Kun je me helpen mijn boksers te dragen?"
"vest","Vest","Hesje"
"vest_2","I like wearing vest.","Ik draag graag een vest."
"vest_3","Can you help me wear my vest?","Kunt u mij helpen mijn vest te dragen?"
"pamela-hat","Pamela hat","Pamela hoed"
"pamela-hat_2","I like wearing pamela hat.","Ik draag graag een pamela-hoed."
"pamela-hat_3","Can you help me wear my pamela hat?","Kun je me helpen mijn pamela-hoed te dragen?"
"high-heels","High heels","Hoge hakken"
"high-heels_2","I like wearing high heels.","Ik draag graag hoge hakken."
"high-heels_3","Can you help me wear my high heels?","Kun je me helpen mijn hoge hakken te dragen?"
"overalls","Overalls","Overalls"
"overalls_2","I like wearing overalls.","Ik draag graag een overall."
"overalls_3","Can you help me wear my overalls?","Kunt u mij helpen mijn overall te dragen?"
"kimono","Kimono","Kimono"
"kimono_2","I like wearing kimono.","Ik draag graag kimono."
"kimono_3","Can you help me wear my kimono?","Kun je me helpen mijn kimono te dragen?"
"raincoat","Raincoat","Regenjas"
"raincoat_2","I like wearing raincoat.","Ik draag graag een regenjas."
"raincoat_3","Can you help me wear my raincoat?","Kunt u mij helpen mijn regenjas te dragen?"
"bandana","Bandana","Bandana"
"bandana_2","I like wearing bandana.","Ik draag graag bandana."
"bandana_3","Can you help me wear my bandana?","Kun je me helpen mijn bandana te dragen?"
"beret","Beret","Baret"
"beret_2","I like wearing beret.","Ik draag graag een baret."
"beret_3","Can you help me wear my beret?","Kunt u mij helpen mijn baret te dragen?"
"knit-hat","Knit hat","Gebreide muts"
"knit-hat_2","I like wearing knit hat.","Ik draag graag een gebreide muts."
"knit-hat_3","Can you help me wear my knit hat?","Kun je me helpen mijn gebreide muts te dragen?"
"suspenders","Suspenders","Bretels"
"suspenders_2","I like wearing suspenders.","Ik draag graag bretels."
"suspenders_3","Can you help me wear my suspenders?","Kun je me helpen mijn bretels te dragen?"
"mitten","Mitten","Vuisthandschoen"
"mitten_2","I like wearing mitten.","Ik draag graag wanten."
"mitten_3","Can you help me wear my mitten?","Kun je me helpen mijn want te dragen?"
"suit","Suit","Pak"
"suit_2","I like wearing suit.","Ik draag graag een pak."
"suit_3","Can you help me wear my suit?","Kun je me helpen mijn pak te dragen?"
"coat","Coat","Vacht"
"coat_2","I like wearing coat.","Ik draag graag een jas."
"coat_3","Can you help me wear my coat?","Kun je me helpen mijn jas te dragen?"
"trench-coat","Trench coat","Trenchcoat"
"trench-coat_2","I like wearing trench coat.","Ik draag graag een trenchcoat."
"trench-coat_3","Can you help me wear my trench coat?","Kun je me helpen mijn trenchcoat te dragen?"
"colors","Colors","Kleuren"
"crayons","Crayons","Kleurpotloden"
"crayons_2","I like crayons.","Ik hou van kleurpotloden."
"crayons_3","Can you give me crayons?","Kunt u mij kleurpotloden geven?"
"crayons_4","I want to draw using my crayons.","Ik wil tekenen met mijn kleurpotloden."
"red","Red","Rood"
"red_2","It is red.","Het is rood."
"red_3","My favorite color is red.","Mijn lievelingskleur is rood."
"red_4","Can you give me red paint?","Kunt u mij rode verf geven?"
"blue","Blue","Blauw"
"blue_2","It is blue.","Het is blauw."
"blue_3","My favorite color is blue.","Mijn favoriete kleur is blauw."
"blue_4","Can you give me blue paint?","Kunt u mij blauwe verf geven?"
"orange","Orange","Oranje"
"orange_2","It is orange color.","Het is oranje van kleur."
"orange_3","My favorite color is orange.","Mijn favoriete kleur is oranje."
"orange_4","Can you give me orange paint?","Kunt u mij oranje verf geven?"
"green","Green","Groen"
"green_2","It is green.","Het is groen."
"green_3","My favorite color is green.","Mijn lievelingskleur is groen."
"green_4","Can you give me green paint?","Kunt u mij groene verf geven?"
"yellow","Yellow","Geel"
"yellow_2","It is yellow.","Het is geel."
"yellow_3","My favorite color is yellow.","Mijn favoriete kleur is geel."
"yellow_4","Can you give me yellow paint?","Kunt u mij gele verf geven?"
"purple","Purple","Purper"
"purple_2","It is purple.","Het is paars."
"purple_3","My favorite color is purple.","Mijn favoriete kleur is paars."
"purple_4","Can you give me purple paint?","Kunt u mij paarse verf geven?"
"pink","Pink","Roze"
"pink_2","It is pink.","Het is roze."
"pink_3","My favorite color is pink.","Mijn favoriete kleur is roze."
"pink_4","Can you give me pink paint?","Kunt u mij roze verf geven?"
"brown","Brown","Bruin"
"brown_2","It is brown.","Het is bruin."
"brown_3","My favorite color is brown.","Mijn favoriete kleur is bruin."
"brown_4","Can you give me brown paint?","Kunt u mij bruine verf geven?"
"black","Black","Zwart"
"black_2","It is black.","Het is zwart."
"black_3","My favorite color is black.","Mijn favoriete kleur is zwart."
"black_4","Can you give me black paint?","Kunt u mij zwarte verf geven?"
"white","White","Wit"
"white_2","It is white.","Het is wit."
"white_3","My favorite color is white.","Mijn favoriete kleur is wit."
"white_4","Can you give me white paint?","Kunt u mij witte verf geven?"
"gray","Gray","Grijs"
"gray_2","It is gray.","Hij is grijs."
"gray_3","My favorite color is gray.","Mijn favoriete kleur is grijs."
"gray_4","Can you give me gray paint?","Kunt u mij grijze verf geven?"
"transparent","Transparent","Transparant"
"transparent_2","It is transparent.","Het is transparant."
"transparent_3","I can see behind transparent color.","Ik kan achter transparante kleur zien."
"transparent_4","Can you help me erase?","Kunt u mij helpen wissen?"
"cyan","Cyan","Cyaan"
"cyan_2","It is cyan.","Het is cyaan."
"cyan_3","My favorite color is cyan.","Mijn favoriete kleur is cyaan."
"cyan_4","Can you give me cyan paint?","Kunt u mij cyaanverf geven?"
"violet","Violet","paars"
"violet_2","It is violet.","Het is violet."
"violet_3","My favorite color is violet.","Mijn favoriete kleur is violet."
"violet_4","Can you give me violet paint?","Kunt u mij paarse verf geven?"
"turquoise","Turquoise","Turkoois"
"turquoise_2","It is turquoise.","Het is turkoois."
"turquoise_3","My favorite color is turquoise.","Mijn favoriete kleur is turkoois."
"turquoise_4","Can you give me turquoise paint?","Kunt u mij turkooise verf geven?"
"lime","Lime","Limoen"
"lime_2","It is lime.","Het is limoen."
"lime_3","My favorite color is lime.","Mijn favoriete kleur is limoen."
"lime_4","Can you give me lime paint?","Kunt u mij kalkverf geven?"
"plum","Plum","Pruim"
"plum_2","It is plum.","Het is pruim."
"plum_3","My favorite color is plum.","Mijn favoriete kleur is pruim."
"plum_4","Can you give me plum paint?","Kunt u mij pruimenverf geven?"
"tan","Tan","Bruinen"
"tan_2","It is tan color.","Het is een bruine kleur."
"tan_3","My favorite color is tan color.","Mijn favoriete kleur is een bruine kleur."
"tan_4","Can you give me tan color paint?","Kunt u mij bruine verf geven?"
"avocado","Avocado","Avocado"
"avocado_2","It is avocado color.","Het is avocadokleur."
"avocado_3","My favorite color is avocado color.","Mijn favoriete kleur is avocadokleur."
"avocado_4","Can you give me avocado color paint?","Kun je me avocado-kleurverf geven?"
"barbie-pink","Barbie pink","Barbie roze"
"barbie-pink_2","It is barbie pink color.","Het is barbie roze kleur."
"barbie-pink_3","My favorite color is barbie pink.","Mijn favoriete kleur is barbie pink."
"barbie-pink_4","Can you give me barbie pink paint?","Kunt u mij Barbie roze verf geven?"
"blizzard-blue","Blizzard blue","Blizzard blauw"
"blizzard-blue_2","It is blizzard blue color.","Het is blizzard blauwe kleur."
"blizzard-blue_3","My favorite color is blizzard blue color.","Mijn favoriete kleur is sneeuwstormblauw."
"blizzard-blue_4","Can you give me blizzard blue paint?","Kunt u mij blizzard blauwe verf geven?"
"conversation","Conversation","Gesprek"
"me","Me","Me"
"me_2","My name is {name}","Mijn naam is {name}"
"me_3","I'm {name}","Ik ben {naam}"
"me_4","Do you know my name?","Weet jij mijn naam?"
"me_5","What is your name?","Wat is jouw naam?"
"me_6","Nice to meet you!","Aangenaam kennis te maken!"
"me_7","Do you like me?","Vind je me leuk?"
"me_8","Can we be friends?","Kunnen wij vrienden worden?"
"me_9","I'm using assistive communication app.","Ik gebruik de app voor ondersteunende communicatie."
"me_10","Who are you?","Wie ben je?"
"hello","Hello","Hallo"
"hello_2","Hello.","Hallo."
"hello_3","Hi.","Hoi."
"hello_4","Greetings.","Groeten."
"hello_5","How are you?","Hoe gaat het met je?"
"hello_6","Nice to meet you!","Aangenaam kennis te maken!"
"help","Help","Helpen"
"help_2","Help me.","Help me."
"help_3","Can you help me?","Kun je me helpen?"
"help_4","I need help","ik heb hulp nodig"
"help_5","Do you need help?","Heb je hulp nodig?"
"yes","Yes","Ja"
"yes_2","Yes.","Ja."
"yes_3","Yes please.","Ja graag."
"yes_4","Alright.","Ok."
"yes_5","Agreed.","Akkoord."
"yes_6","I want to.","Ik wil."
"yes_7","I would like to.","Ik zou willen."
"no","No","Nee"
"no_2","No.","Nee."
"no_3","Nope.","Nee."
"no_4","Never.","Nooit."
"no_5","I don't want to.","Ik wil het niet."
"no_6","I don't like it.","Ik hou er niet van."
"no_7","You don't like it?","Vind je het niet leuk?"
"no_8","Why you don't like it?","Waarom vind je het niet leuk?"
"toilet","Toilet","Toilet"
"toilet_2","I need to go to the toilet.","Ik moet naar het toilet."
"toilet_3","I need to pee.","Ik moet plassen."
"toilet_4","I need to poop.","Ik moet poepen."
"toilet_5","Can you help me go to the toilet?","Kunt u mij helpen naar het toilet te gaan?"
"toilet_6","Can you help me clean?","Kun je me helpen schoonmaken?"
"toilet_7","I peed myself.","Ik heb mezelf geplast."
"toilet_8","I pooped myself.","Ik heb gepoept."
"what","What","Wat"
"what_2","What is that?","Wat is dat?"
"what_3","What does it mean?","Wat betekent het?"
"what_4","What do you mean?","Wat bedoelt u?"
"what_5","Can you explain it?","Kan je het verklaren?"
"what_6","Can you repeat what you said?","Kunt u herhalen wat u zei?"
"what_7","I don't understand.","Ik begrijp het niet."
"sleep","Sleep","Slaap"
"sleep_2","I want to sleep.","Ik wil slapen."
"sleep_3","I don't want to sleep.","Ik wil niet slapen."
"sleep_4","I'm tired.","Ik ben moe."
"sleep_5","Are you tired?","Ben je moe?"
"sleep_6","When am I going to sleep?","Wanneer ga ik slapen?"
"sleep_7","I want to take a nap.","Ik wil een dutje doen."
"bath","Bath","Bad"
"bath_2","I want to take a bath.","Ik wil een bad nemen."
"bath_3","I like taking a bath.","Ik neem graag een bad."
"bath_4","I want to wash my hands.","Ik wil mijn handen wassen."
"bath_5","I want to take a shower.","Ik wil een douche nemen."
"bath_6","I want to clean myself.","Ik wil mezelf schoonmaken."
"bath_7","Can you help me take a bath?","Kunt u mij helpen een bad te nemen?"
"bath_8","I don't want to take a bath.","Ik wil geen bad nemen."
"listen","Listen","Luister"
"listen_2","Listen to me.","Luister naar mij."
"listen_3","Can you listen to me?","Kunt u naar mij luisteren?"
"listen_4","Listen to music.","Luisteren naar muziek."
"listen_5","Listening to my parents.","Luisteren naar mijn ouders."
"listen_6","Listen to what my application is saying!","Luister naar wat mijn applicatie zegt!"
"morning","Morning","Ochtend"
"morning_2","Good morning.","Goedemorgen."
"morning_3","I like mornings.","Ik hou van ochtenden."
"morning_4","In the morning.","In de ochtend."
"morning_5","Morning time.","Ochtend tijd."
"morning_6","Is it morning?","Is het ochtend?"
"night","Night","Nacht"
"night_2","Good night!","Goede nacht!"
"night_3","I like nights.","Ik hou van nachten."
"night_4","At night.","'S Nachts."
"night_5","Night time.","Nacht."
"night_6","Is it night?","Is het nacht?"
"look","Look","Kijken"
"look_2","Look at me.","Kijk naar me."
"look_3","Look at this.","Kijk hiernaar."
"look_4","Are you looking?","Bent u op zoek?"
"look_5","Look at my drawing.","Kijk naar mijn tekening."
"look_6","How do I look?","Hoe zie ik eruit?"
"look_7","Look what I did.","Kijk wat ik heb gedaan."
"look_8","Let's look at that.","Laten we daar eens naar kijken."
"speak","Speak","Spreken"
"speak_2","I'm learning how to speak.","Ik leer praten."
"speak_3","I want to speak.","Ik wil spreken."
"speak_4","Can I speak with you?","Kan ik met u spreken?"
"speak_5","I like speaking.","Ik hou van praten."
"speak_6","I'm using assistive communication app.","Ik gebruik de app voor ondersteunende communicatie."
"play","Play","Speel"
"play_2","I love playing.","Ik houd van spelen."
"play_3","Can you play with me?","Kun je met me spelen?"
"play_4","I want to play with you!","Ik wil met je spelen!"
"play_5","I want to play with my friends.","Ik wil met mijn vrienden spelen."
"play_6","I don't want to play with you.","Ik wil niet met je spelen."
"outside","Outside","Buiten"
"outside_2","I love going outside.","Ik ga graag naar buiten."
"outside_3","I want to go outside.","Ik wil naar buiten gaan."
"outside_4","Is it cold outside?","Het is koud buiten?"
"outside_5","I don't like outside.","Ik hou niet van buiten."
"outside_6","Can I go outside?","Mag ik naar buiten?"
"home","Home","Huis"
"home_2","I love my home.","Ik hou van mijn huis."
"home_3","I want to go home.","Ik wil naar huis."
"home_4","Where is your home?","Waar is uw huis?"
"home_5","Home sweet home.","Oost West Thuis Best."
"home_6","I'm in the house.","Ik ben in het huis."
"home_7","I'm not in the house.","Ik ben niet in huis."
"hurt","Hurt","Pijn doen"
"hurt_2","I'm hurt.","Ik ben gewond."
"hurt_3","Are you hurt?","Ben je gewond?"
"hurt_4","Did I hurt you?","Heb ik je pijn gedaan?"
"hurt_5","I didn't mean to hurt you!","Ik wilde je geen pijn doen!"
"hurt_6","Is it going to hurt?","Gaat het pijn doen?"
"hurt_7","I have a headache.","Ik heb hoofdpijn."
"hurt_8","I have a stomach ache.","Ik heb buikpijn."
"hurt_9","My genitals hurt.","Mijn geslachtsdelen doen pijn."
"hurt_10","My foot hurts.","Mijn voet doet pijn."
"feelings","Feelings","Gevoelens"
"happy","Happy","Gelukkig"
"happy_2","I'm happy.","Ik ben gelukkig."
"happy_3","I feel happy.","Ik voel me blij."
"happy_4","Do you feel happy?","Voel je je gelukkig?"
"happy_5","I want to feel happy.","Ik wil me gelukkig voelen."
"happy_6","You are making me happy.","Je maakt me blij."
"sad","Sad","Verdrietig"
"sad_2","I'm sad.","Ik ben verdrietig."
"sad_3","I feel sad.","Ik voel me verdrietig."
"sad_4","Do you feel sad?","Voel je je verdrietig?"
"sad_5","I don't want to feel sad.","Ik wil me niet verdrietig voelen."
"sad_6","You are making me sad.","Je maakt me verdrietig."
"exhausted","Exhausted","Uitgeput"
"exhausted_2","I'm exhausted.","Ik ben uitgeput."
"exhausted_3","I feel exhausted.","Ik voel me uitgeput."
"exhausted_4","Do you feel exhausted?","Voel je je uitgeput?"
"exhausted_5","I don't want to be exhausted.","Ik wil niet uitgeput zijn."
"relaxed","Relaxed","Ontspannen"
"relaxed_2","I'm relaxed.","Ik ben relaxed."
"relaxed_3","I feel relaxed.","Ik voel me relaxed."
"relaxed_4","Do you feel relaxed?","Voel je je ontspannen?"
"relaxed_5","I want to feel relaxed.","Ik wil me ontspannen voelen."
"in-love","In love","Verliefd"
"in-love_2","I'm in love.","Ik ben verliefd."
"in-love_3","I feel in love.","Ik voel me verliefd."
"in-love_4","Are you in love?","Ben jij verliefd?"
"in-love_5","I want to fall in love.","Ik wil verliefd worden."
"in-love_6","Do you love me?","Hou je van mij?"
"stressed","Stressed","Benadrukt"
"stressed_2","I'm stressed.","Ik ben gestrest."
"stressed_3","I feel stressed.","Ik voel me gestrest."
"stressed_4","Do you feel stressed?","Ben je gestrest?"
"stressed_5","I don't want to feel stressed.","Ik wil me niet gestrest voelen."
"thankful","Thankful","Dankbaar"
"thankful_2","I'm thankful.","Ik ben dankbaar."
"thankful_3","I feel thankful.","Ik ben dankbaar."
"thankful_4","Do you feel thankful?","Voel je je dankbaar?"
"thankful_5","I want to feel thankful.","Ik wil me dankbaar voelen."
"confused","Confused","Verward"
"confused_2","I'm confused.","Ik ben verward."
"confused_3","I feel confused.","Ik ben verward."
"confused_4","Do you feel confused?","Voel je je verward?"
"confused_5","You are confusing me.","Je brengt me in de war."
"joyful","Joyful","Blij"
"joyful_2","I'm joyful.","Ik ben blij."
"joyful_3","I feel joyful.","Ik voel me blij."
"joyful_4","Do you feel joyful?","Voel je je blij?"
"joyful_5","I want to feel joyful.","Ik wil me blij voelen."
"angry","Angry","Boos"
"angry_2","I'm angry.","Ik ben boos."
"angry_3","I feel angry.","Ik ben boos."
"angry_4","Do you feel angry?","Ben je boos?"
"angry_5","I'm angry at you.","Ik ben boos op je."
"angry_6","You are making me angry.","Je maakt me boos."
"smart","Smart","Slim"
"smart_2","I'm smart.","Ik ben slim."
"smart_3","I feel smart.","Ik voel me slim."
"smart_4","Do you feel smart?","Voel je je slim?"
"smart_5","Am I smart?","Ben ik slim?"
"smart_6","You are smart!","Jij bent slim!"
"afraid","Afraid","Bang"
"afraid_2","I'm afraid.","Ik ben bang."
"afraid_3","I feel afraid.","Ik ben bang."
"afraid_4","Do you feel afraid?","Ben je bang?"
"afraid_5","I don't want to feel afraid.","Ik wil niet bang zijn."
"afraid_6","You are scaring me.","Je maakt me bang."
"ashamed","Ashamed","Beschaamd"
"ashamed_2","I'm ashamed.","Ik schaam me."
"ashamed_3","I feel ashamed.","Ik schaam me."
"ashamed_4","Do you feel ashamed?","Schaam je je?"
"ashamed_5","I don't want to feel ashamed.","Ik wil me niet schamen."
"shocked","Shocked","Geschokt"
"shocked_2","I'm shocked.","Ik ben geschokt."
"shocked_3","I feel shocked.","Ik ben geschokt."
"shocked_4","Do you feel shocked?","Voel je je geschokt?"
"shocked_5","You shocked me.","Jij verbaasde mij."
"sick","Sick","Ziek"
"sick_2","I'm sick.","Ik ben ziek."
"sick_3","I feel sick.","Ik voel me ziek."
"sick_4","Do you feel sick?","Voel je je ziek?"
"sick_5","I don't want to be sick.","Ik wil niet ziek zijn."
"sick_6","I'm sick of the food.","Ik ben het eten zat."
"frustrated","Frustrated","Gefrustreerd"
"frustrated_2","I'm frustrated.","Ik ben gefrustreerd."
"frustrated_3","I feel frustrated.","Ik voel me gefrustreerd."
"frustrated_4","Do you feel frustrated?","Voel je je gefrustreerd?"
"frustrated_5","I don't want to feel frustrated.","Ik wil me niet gefrustreerd voelen."
"excited","Excited","Opgewonden"
"excited_2","I'm excited.","Ik ben opgewonden."
"excited_3","I feel excited.","Ik ben opgewonden."
"excited_4","Do you feel excited?","Ben je opgewonden?"
"excited_5","I don't want to feel excited.","Ik wil me niet opgewonden voelen."
"nauseated","Nauseated","Misselijk"
"nauseated_2","I'm nauseated.","Ik ben misselijk."
"nauseated_3","I feel nauseated.","Ik voel me misselijk."
"nauseated_4","Do you feel nauseated?","Voel je je misselijk?"
"nauseated_5","I don't want to feel nauseated.","Ik wil me niet misselijk voelen."
"agitated","Agitated","Opgewonden"
"agitated_2","I'm agitated.","Ik ben opgewonden."
"agitated_3","I feel agitated.","Ik voel me opgewonden."
"agitated_4","Do you feel agitated?","Voel je je geagiteerd?"
"agitated_5","I don't want to feel agitated.","Ik wil me niet geagiteerd voelen."
"food","Food","Voedsel"
"hungry","Hungry","Hongerig"
"hungry_2","I'm hungry.","Ik heb honger."
"hungry_3","Are you hungry?","Heb je honger?"
"hungry_4","Can you make me food?","Kun je eten voor me maken?"
"hungry_5","What is for dinner?","Wat eten we vanavond?"
"thirsty","Thirsty","Dorstig"
"thirsty_2","I'm thirsty.","Ik heb dorst."
"thirsty_3","Can I have some water?","Mag ik wat water?"
"thirsty_4","Can I have a glass of water?","Mag ik een glas water?"
"thirsty_5","I want something to drink.","Ik wil iets te drinken."
"cutlery","Cutlery","Bestek"
"cutlery_2","I need cutlery.","Ik heb bestek nodig."
"cutlery_3","Help me use cutlery.","Help me bestek te gebruiken."
"cutlery_4","I need a fork.","Ik heb een vork nodig."
"cutlery_5","I need a spoon.","Ik heb een lepel nodig."
"cutlery_6","I need chopsticks.","Ik heb stokjes nodig."
"cutlery_7","I need a knife.","Ik heb een mes nodig."
"cutlery_8","I need a napkin.","Ik heb een servet nodig."
"apple","Apple","appel"
"apple_2","I like apple.","Ik hou van appel."
"apple_3","I don't like apple.","Ik hou niet van appel."
"apple_4","I want to eat an apple.","Ik wil een appel eten."
"carrot","Carrot","Wortel"
"carrot_2","I like carrot.","Ik hou van wortel."
"carrot_3","I don't like carrot.","Ik hou niet van wortel."
"carrot_4","I want to eat a carrot.","Ik wil een wortel eten."
"beans","Beans","Bonen"
"beans_2","I like beans.","Ik hou van bonen."
"beans_3","I don't like beans.","Ik hou niet van bonen."
"beans_4","I want to eat beans.","Ik wil bonen eten."
"chicken_5","I want fried chicken.","Ik wil gebakken kip."
"chicken_6","I want boiled chicken.","Ik wil gekookte kip."
"chocolate","Chocolate","Chocola"
"chocolate_2","I like chocolate.","Ik houd van chocolade."
"chocolate_3","I don't like chocolate.","Ik hou niet van chocolade."
"chocolate_4","I want to eat chocolate.","Ik wil chocolade eten."
"chocolate_5","I want dark chocolate.","Ik wil pure chocolade."
"chocolate_6","I want white chocolate.","Ik wil witte chocolade."
"milk","Milk","Melk"
"milk_2","I like milk.","Ik hou van melk."
"milk_3","I don't like milk.","Ik hou niet van melk."
"milk_4","I want to drink milk.","Ik wil melk drinken."
"milk_5","Can I have a glass of milk?","Mag ik een glas melk?"
"sandwich","Sandwich","Belegd broodje"
"sandwich_2","I like sandwich.","Ik hou van sandwich."
"sandwich_3","I don't like sandwich.","Ik hou niet van sandwich."
"sandwich_4","I want to eat a sandwich.","Ik wil een broodje eten."
"sandwich_5","Can you make me a sandwich?","Kun je een broodje voor me maken?"
"steak","Steak","Steak"
"steak_2","I like steak.","Ik hou van biefstuk."
"steak_3","I don't like steak.","Ik hou niet van biefstuk."
"steak_4","I want to eat steak.","Ik wil biefstuk eten."
"steak_5","Can you cook steak for me?","Kun je biefstuk voor me koken?"
"banana","Banana","Banaan"
"banana_2","I like banana.","Ik houd van bananen."
"banana_3","I don't like banana.","Ik hou niet van banaan."
"banana_4","I want to eat a banana.","Ik wil een banaan eten."
"pie","Pie","Taart"
"pie_2","I like pie.","Ik hou van taart."
"pie_3","I don't like pie.","Ik hou niet van taart."
"pie_4","I want to eat pie.","Ik wil taart eten."
"pie_5","Can you bake a pie for me?","Kun je een taart voor me bakken?"
"egg","Egg","Ei"
"egg_2","I like egg.","Ik hou van ei."
"egg_3","I don't like egg.","Ik hou niet van ei."
"egg_4","I want to eat egg.","Ik wil ei eten."
"egg_5","I want fried eggs.","Ik wil gebakken eieren."
"egg_6","I want boiled eggs.","Ik wil gekookte eieren."
"noodles","Noodles","Noedels"
"noodles_2","I like noodles.","Ik hou van noodles."
"noodles_3","I don't like noodles.","Ik hou niet van noedels."
"noodles_4","I want to eat noodles.","Ik wil noedels eten."
"noodles_5","Can you cook noodles for me?","Kun je noedels voor me koken?"
"salt","Salt","Zout"
"salt_2","I want salt.","Ik wil zout."
"salt_3","Can you pass me the salt?","Kun je me het zout aangeven?"
"salt_4","Food is too salty.","Eten is te zout."
"salt_5","My food needs some salt.","Mijn eten heeft wat zout nodig."
"spices","Spices","Specerijen"
"spices_2","I like spicy food.","Ik hou van pittig eten."
"spices_3","I don't like spicy food.","Ik hou niet van pittig eten."
"spices_4","I want paprika.","Ik wil paprika."
"spices_5","I want black pepper.","Ik wil zwarte peper."
"pizza","Pizza","Pizza"
"pizza_2","I like pizza.","Ik hou van pizza."
"pizza_3","I don't like pizza.","Ik hou niet van pizza."
"pizza_4","I want to eat pizza.","Ik wil pizza eten."
"pizza_5","Can you cook pizza for me?","Kun je pizza voor me koken?"
"pizza_6","Can we order pizza?","Kunnen we pizza bestellen?"
"cheese","Cheese","Kaas"
"cheese_2","I like cheese.","Ik hou van kaas."
"cheese_3","I don't like cheese.","Ik hou niet van kaas."
"cheese_4","I want to eat cheese.","Ik wil kaas eten."
"ice-cream","Ice cream","Ijsje"
"ice-cream_2","I like ice cream.","Ik hou van ijs."
"ice-cream_3","I don't like ice cream.","Ik hou niet van ijs."
"ice-cream_4","I want to eat ice cream.","Ik wil ijs eten."
"ice-cream_5","Can you buy ice cream for me?","Kun je voor mij ijs kopen?"
"tea","Tea","Thee"
"tea_2","I like tea.","Ik houd van thee."
"tea_3","I don't like tea.","Ik hou niet van thee."
"tea_4","I want to drink tea.","Ik wil thee drinken."
"tea_5","Can you make tea for me?","Kun je thee voor me zetten?"
"coffee","Coffee","Koffie"
"coffee_2","I like coffee.","Ik hou van koffie."
"coffee_3","I don't like coffee.","Ik hou niet van koffie."
"coffee_4","I want to drink coffee.","Ik wil koffie drinken."
"coffee_5","Can you make coffee for me?","Kun je koffie voor me zetten?"
"tomato","Tomato","Tomaat"
"tomato_2","I like tomato.","Ik hou van tomaat."
"tomato_3","I don't like tomato.","Ik hou niet van tomaat."
"tomato_4","I want to eat tomato.","Ik wil tomaat eten."
"cereal","Cereal","Graan"
"cereal_2","I like cereal.","Ik hou van granen."
"cereal_3","I don't like cereal.","Ik hou niet van granen."
"cereal_4","I want to eat cereal.","Ik wil ontbijtgranen eten."
"cereal_5","Can you make my cereal?","Kun je mijn ontbijtgranen maken?"
"burger","Burger","Burger"
"burger_2","I like burger.","Ik hou van hamburger."
"burger_3","I don't like burger.","Ik hou niet van hamburger."
"burger_4","I want to eat burger.","Ik wil hamburger eten."
"burger_5","Can you cook burger for me?","Kun je voor mij hamburger koken?"
"burger_6","Can we order burger?","Kunnen we hamburger bestellen?"
"french-fries","French fries","Franse frietjes"
"french-fries_2","I like french fries.","Ik houd van Franse frietjes."
"french-fries_3","I don't like french fries.","Ik hou niet van frietjes."
"french-fries_4","I want to eat french fries.","Ik wil frietjes eten."
"french-fries_5","Can you cook french fries for me?","Kun je voor mij frietjes koken?"
"french-fries_6","Can we order french fries?","Kunnen we frietjes bestellen?"
"spinach","Spinach","Spinazie"
"spinach_2","I like spinach.","Ik hou van spinazie."
"spinach_3","I don't like spinach.","Ik hou niet van spinazie."
"spinach_4","I want to eat spinach.","Ik wil spinazie eten."
"rice","Rice","Rijst"
"rice_2","I like rice.","Ik hou van rijst."
"rice_3","I don't like rice.","Ik hou niet van rijst."
"rice_4","I want to eat rice.","Ik wil rijst eten."
"rice_5","Can you cook rice for me?","Kun je rijst voor me koken?"
"bread","Bread","Brood"
"bread_2","I like bread.","Ik houd van brood."
"bread_3","I don't like bread.","Ik hou niet van brood."
"bread_4","I want to eat bread.","Ik wil brood eten."
"bread_5","Can you buy some bread?","Kun je wat brood kopen?"
"pasta","Pasta","Pasta"
"pasta_2","I like pasta.","Ik hou van pasta."
"pasta_3","I don't like pasta.","Ik hou niet van pasta."
"pasta_4","I want to eat pasta.","Ik wil pasta eten."
"pasta_5","Can you cook pasta for me?","Kun je voor mij pasta koken?"
"sauce","Sauce","Saus"
"sauce_2","I like sauce.","Ik hou van saus."
"sauce_3","I don't like sauce.","Ik hou niet van saus."
"sauce_4","I want some sauce.","Ik wil wat saus."
"sauce_5","Can I have ketchup?","Mag ik ketchup?"
"sauce_6","Can I have mayonnaise?","Mag ik mayonaise?"
"sauce_7","Can I have mustard?","Mag ik mosterd?"
"sauce_8","Can I have ranch sauce?","Mag ik ranchsaus?"
"kebab","Kebab","Kebab"
"kebab_2","I like kebab.","Ik hou van kebab."
"kebab_3","I don't like kebab.","Ik hou niet van kebab."
"kebab_4","I want to eat kebab.","Ik wil kebab eten."
"kebab_5","Can you cook kebab for me?","Kun je voor mij kebab koken?"
"kebab_6","Can we order kebab?","Kunnen we kebab bestellen?"
"numbers","Numbers","Nummers"
"one","One","een"
"one_2","One comes before two.","Een komt voor twee."
"one_3","One comes after zero.","Een komt na nul."
"one_4","I want one.","Ik wil er een."
"two","Two","Twee"
"two_2","Two comes before three.","Twee komt voor drie."
"two_3","Two comes after one.","Twee komen na 辿辿n."
"two_4","I want two.","Ik wil er twee."
"three","Three","Drie"
"three_2","Three comes before four.","Drie komt voor vier."
"three_3","Three comes after two.","Drie komt na twee."
"three_4","I want three.","Ik wil er drie."
"four","Four","Vier"
"four_2","Four comes before five.","Vier komt voor vijf."
"four_3","Four comes after three.","Vier komt na drie."
"four_4","I want four.","Ik wil er vier."
"five","Five","Vijf"
"five_2","Five comes before six.","Vijf komt voor zes."
"five_3","Five comes after four.","Vijf komt na vier."
"five_4","I want five.","Ik wil er vijf."
"six","Six","Zes"
"six_2","Six comes before seven.","Zes komt voor zeven."
"six_3","Six comes after five.","Zes komt na vijf."
"six_4","I want fix.","Ik wil een oplossing."
"seven","Seven","Zeven"
"seven_2","Seven comes before eight.","Zeven komt voor acht."
"seven_3","Seven comes after six.","Zeven komt na zes."
"seven_4","I want seven.","Ik wil er zeven."
"eight","Eight","Acht"
"eight_2","Eight comes before nine.","Acht komt voor negen."
"eight_3","Eight comes after seven.","Acht komt na zeven."
"eight_4","I want eight.","Ik wil er acht."
"nine","Nine","Negen"
"nine_2","Nine comes before ten.","Negen komt voor tien."
"nine_3","Nine comes after eight.","Negen komt na acht."
"nine_4","I want nine.","Ik wil er negen."
"ten","Ten","Tien"
"ten_2","Ten comes before eleven.","Tien komt voor elf."
"ten_3","Ten comes after nine.","Tien komt na negen."
"ten_4","I want ten.","Ik wil er tien."
"eleven","Eleven","Elf"
"eleven_2","Eleven comes before thirteen.","Elf komt voor dertien."
"eleven_3","Eleven comes after ten.","Elf komt na tien."
"eleven_4","I want eleven.","Ik wil er elf."
"twenty","Twenty","Twintig"
"twenty_2","I can count up to twenty.","Ik kan tot twintig tellen."
"thirty","Thirty","Dertig"
"thirty_2","I can count up to thirty.","Ik kan tot dertig tellen."
"forty","Forty","Veertig"
"forty_2","I can count up to forty.","Ik kan tot veertig tellen."
"fifty","Fifty","Vijftig"
"fifty_2","I can count up to fifty.","Ik kan tot vijftig tellen."
"hundred","Hundred","Honderd"
"hundred_2","I can count up to hundred.","Ik kan tot honderd tellen."
"thousand","Thousand","Duizend"
"thousand_2","I can count up to thousand.","Ik kan tot duizend tellen."
"calculator","Calculator","Rekenmachine"
"calculator_2","I want to use a calculator.","Ik wil een rekenmachine gebruiken."
"calculator_3","Can you teach me how to use a calculator?","Kun je me leren hoe ik een rekenmachine moet gebruiken?"
"calculator_4","Can I barrow your calculator?","Mag ik uw rekenmachine afleggen?"
"people","People","Mensen"
"mother","Mother","Moeder"
"mother_2","Mommy!","Mama!"
"mother_3","I love my mother.","Ik houd van mijn moeder."
"mother_4","I love you mom.","Ik houd van jou mam."
"mother_5","I miss my mom.","Ik mis mijn moeder."
"mother_6","Thank you for taking care of me.","Dank je dat je voor me zorgde."
"mother_7","She is my mom.","Zij is mijn moeder."
"mother_8","Can you help me find my mother?","Kunt u mij helpen mijn moeder te vinden?"
"father","Father","Vader"
"father_2","Daddy!","Papa!"
"father_3","I love my father.","Ik hou van mijn vader."
"father_4","I love you dad.","Ik hou van je papa."
"father_5","I miss my dad.","Ik mis mijn vader."
"father_6","Thank you for taking care of me.","Dank je dat je voor me zorgde."
"father_7","He is my dad.","Hij is mijn vader."
"father_8","Can you help me find my father?","Kunt u mij helpen mijn vader te vinden?"
"parents","Parents","Ouders"
"parents_2","I love my parents.","Ik hou van mijn ouders."
"parents_3","I love my parents.","Ik hou van mijn ouders."
"parents_4","I miss my parents.","Ik mis mijn ouders."
"parents_5","They are my parents.","Zij zijn mijn ouders."
"parents_6","My parents are taking care of me.","Mijn ouders zorgen voor mij."
"parents_8","Can you help me find my parents?","Kunt u mij helpen mijn ouders te vinden?"
"grandparents","Grandparents","Grootouders"
"grandparents_2","I love my grandparents.","Ik hou van mijn grootouders."
"grandparents_3","I love you grandparents.","Ik hou van je grootouders."
"grandparents_4","I miss my grandparents.","Ik mis mijn grootouders."
"grandparents_5","They are my grandparents.","Ze zijn mijn grootouders."
"grandparents_6","My grandparents are taking care of me.","Mijn grootouders zorgen voor mij."
"grandparents_8","Can you help me find my grandparents?","Kunt u mij helpen mijn grootouders te vinden?"
"brother","Brother","Broer"
"brother_2","I love my brother.","Ik houd van mijn broer."
"brother_3","I love you brother.","Ik hou van je broer."
"brother_4","I miss my brother.","Ik mis mijn broer."
"brother_5","He is my brother.","Hij is mijn broer."
"brother_6","My brother is taking care of me.","Mijn broer zorgt voor me."
"brother_8","Can you help me find my brother?","Kunt u mij helpen mijn broer te vinden?"
"sister","Sister","Zus"
"sister_2","I love my sister.","Ik houd van mijn zus."
"sister_3","I love you sister.","Ik hou van je zus."
"sister_4","I miss my sister.","Ik mis mijn zus."
"sister_5","She is my sister.","Zij is mijn zus."
"sister_6","My sister is taking care of me.","Mijn zus zorgt voor me."
"sister_8","Can you help me find my sister?","Kun je me helpen mijn zus te vinden?"
"uncle","Uncle","Oom"
"uncle_2","I love my uncle.","Ik hou van mijn oom."
"uncle_3","I love you uncle.","Ik hou van je oom."
"uncle_4","I miss my uncle.","Ik mis mijn oom."
"uncle_5","He is my uncle.","Hij is mijn oom."
"uncle_8","Can you help me find my uncle?","Kun je me helpen mijn oom te vinden?"
"aunt","Aunt","Tante"
"aunt_2","I love my aunt.","Ik hou van mijn tante."
"aunt_3","I love you aunt.","Ik hou van je tante."
"aunt_4","I miss my aunt.","Ik mis mijn tante."
"aunt_5","She is my aunt.","Ze is mijn tante."
"aunt_8","Can you help me find my aunt?","Kunt u mij helpen mijn tante te vinden?"
"teacher","Teacher","Leraar"
"teacher_2","I love my teacher.","Ik hou van mijn leraar."
"teacher_3","I love you teacher.","Ik hou van je leraar."
"teacher_4","I don't like my teacher.","Ik mag mijn leraar niet."
"teacher_5","I miss my teacher.","Ik mis mijn leraar."
"teacher_6","Thank you for the lesson.","Bedankt voor de les."
"therapist","Therapist","Therapeut"
"therapist_2","I love my therapist.","Ik hou van mijn therapeut."
"therapist_3","I love you therapist.","Ik hou van je therapeut."
"therapist_4","I don't like my therapist.","Ik hou niet van mijn therapeut."
"therapist_5","I miss my therapist.","Ik mis mijn therapeut."
"therapist_6","Thank you for the session.","Bedankt voor de sessie."
"doctor","Doctor","Dokter"
"doctor_2","I love my doctor.","Ik hou van mijn dokter."
"doctor_3","I love you doctor.","Ik hou van je dokter."
"doctor_4","I don't like my doctor.","Ik mag mijn dokter niet."
"doctor_5","I miss my doctor.","Ik mis mijn dokter."
"doctor_6","Thank you for healing me.","Bedankt dat je me genas."
"friends","Friends","Vrienden"
"friends_2","I love my friends.","Ik hou van mijn vrienden."
"friends_3","Do you want to be my friend?","Wil jij mijn vriend zijn?"
"friends_4","I don't like my friends.","Ik hou niet van mijn vrienden."
"friends_5","I miss my friends.","Ik mis mijn vrienden."
"friends_6","They are my friends.","Zij zijn mijn vrienden."
"friends_7","Thank you for playing with me.","Bedankt voor het spelen met mij."
"cousins","Cousins","Neven en nichten"
"cousins_2","I love my cousins.","Ik hou van mijn neven."
"cousins_3","I don't have cousins.","Ik heb geen neven."
"cousins_4","I miss my cousins.","Ik mis mijn neven."
"cousins_5","They are my cousins.","Zij zijn mijn neven."
"grandmother","Grandmother","Grootmoeder"
"grandmother_2","I love my grandmother.","Ik hou van mijn oma."
"grandmother_3","I love you grandma.","Ik hou van je oma."
"grandmother_4","I miss my grandma.","Ik mis mijn oma."
"grandmother_5","She is my grandma.","Ze is mijn oma."
"grandfather","Grandfather","Grootvader"
"grandfather_2","I love my grandfather.","Ik hou van mijn opa."
"grandfather_3","I love you grandpa.","Ik hou van je opa."
"grandfather_4","I miss my grandpa.","Ik mis mijn opa."
"grandfather_5","He is my grandpa.","Hij is mijn opa."
"stepfather","Stepfather","Stiefvader"
"stepfather_2","I love my stepfather.","Ik hou van mijn stiefvader."
"stepfather_3","He is my stepfather.","Hij is mijn stiefvader."
"stepfather_4","I miss my stepfather.","Ik mis mijn stiefvader."
"stepfather_5","He is my stepfather.","Hij is mijn stiefvader."
"stepmother","Stepmother","Stiefmoeder"
"stepmother_2","I love my stepmother.","Ik hou van mijn stiefmoeder."
"stepmother_3","She is my stepmother.","Ze is mijn stiefmoeder."
"stepmother_4","I miss my stepmother.","Ik mis mijn stiefmoeder."
"stepmother_5","She is my stepmother.","Ze is mijn stiefmoeder."
"stepsister","Stepsister","Stiefzuster"
"stepsister_2","I love my stepsister.","Ik hou van mijn stiefzus."
"stepsister_3","She is my stepsister.","Ze is mijn stiefzus."
"stepsister_4","I miss my stepsister.","Ik mis mijn stiefzus."
"stepsister_5","She is my stepsister.","Ze is mijn stiefzus."
"stepbrother","Stepbrother","Stiefbroer"
"stepbrother_2","I love my stepbrother.","Ik hou van mijn stiefbroer."
"stepbrother_3","He is my stepbrother.","Hij is mijn stiefbroer."
"stepbrother_4","I miss my stepbrother.","Ik mis mijn stiefbroer."
"stepbrother_5","He is my stepbrother.","Hij is mijn stiefbroer."
"half-brother","Half brother","Halfbroer"
"half-brother_2","I love my half brother.","Ik hou van mijn halfbroer."
"half-brother_3","He is my half brother.","Hij is mijn halfbroer."
"half-brother_4","I miss my half brother.","Ik mis mijn halfbroer."
"half-brother_5","He is my half brother.","Hij is mijn halfbroer."
"half-sister","Half sister","Halfzus"
"half-sister_2","I love my half sister.","Ik hou van mijn halfzus."
"half-sister_3","She is my half sister.","Ze is mijn halfzus."
"half-sister_4","I miss my half sister.","Ik mis mijn halfzus."
"half-sister_5","She is my half sister.","Ze is mijn halfzus."
"quarantine","Quarantine","Quarantaine"
"protective-mask","Protective mask","Beschermend masker"
"stay-home","Stay home","Blijf thuis"
"toilet-paper","Toilet paper","Toiletpapier"
"sprayer","Sprayer","Spuit"
"disinfectant","Disinfectant","Ontsmettingsmiddel"
"thermometer","Thermometer","Thermometer"
"coughing","Coughing","Hoesten"
"medical-assistance","Medical assistance","Medische assistentie"
"hand-sanitizer","Hand sanitizer","Handreinigingsmiddel"
"gloves","Gloves","Handschoenen"
"social-distancing","Social distancing","Social distancing"
"mouth-mask","Mouth mask","Mondmasker"
"pandemic","Pandemic","Pandemie"
"working-at-home","Working at home","Thuiswerken"
"wet-wipes","Wet wipes","Natte doekjes"
"first-aid-kit","First aid kit","EHBO doos"
"fitness","Fitness","Fitness"
"e-learning","E-learning","E-learning"
"virus","Virus","Virus"
"cleaning","Cleaning","Reiniging"
"school","School","School"
"desk","Desk","Bureau"
"desk_2","Can I use this desk?","Kan ik dit bureau gebruiken?"
"desk_3","Which desk is mine?","Welk bureau is van mij?"
"desk_4","I spilled on my desk.","Ik heb op mijn bureau gemorst."
"desk_5","Don't scratch your desk.","Kras niet op uw bureau."
"chair","Chair","Stoel"
"chair_2","Can I sit with you?","Mag ik bij je zitten?"
"chair_3","Which chair is mine?","Welke stoel is van mij?"
"chair_4","Is this chair taken?","Is deze stoel bezet?"
"chair_5","I spilled on my chair.","Ik heb op mijn stoel gemorst."
"book","Book","Boek"
"book_2","Textbook","Leerboek"
"book_3","Workbook","Werkboek"
"book_4","Reading a book.","Een boek lezen."
"book_5","Can I borrow your book?","Mag ik jouw boek lenen?"
"book_6","Which page are we at?","Op welke pagina staan we?"
"book_7","Flip the page.","Draai de pagina om."
"book_8","I lost my book.","Ik ben mijn boek kwijt."
"notebook","Notebook","Notebook"
"notebook_2","Taking notes.","Notities nemen."
"notebook_3","I'm taking notes.","Ik maak aantekeningen."
"notebook_4","I lost my notebook.","Ik ben mijn notebook kwijt."
"backpack","Backpack","Rugzak"
"backpack_2","Carrying my backpack.","Mijn rugzak dragen."
"backpack_3","Putting my books in my backpack.","Mijn boeken in mijn rugzak stoppen."
"backpack_4","I need a new backpack.","Ik heb een nieuwe rugzak nodig."
"backpack_5","Thank you for carrying my backpack.","Bedankt voor het dragen van mijn rugzak."
"backpack_6","I lost my backpack.","Ik ben mijn rugzak kwijt."
"backpack_7","My backpack is heavy.","Mijn rugzak is zwaar."
"blackboard","Blackboard","Schoolbord"
"blackboard_2","Look at the blackboard.","Kijk naar het schoolbord."
"blackboard_3","Cleaning the blackboard.","Het bord schoonmaken."
"blackboard_4","Solving the problem on the blackboard.","Het probleem oplossen op het bord."
"blackboard_5","Taking note on the blackboard.","Notitie nemen op het bord."
"blackboard_6","Give me a chalk.","Geef me een krijtje."
"teacher_7","I don't like this topic.","Ik hou niet van dit onderwerp."
"teacher_8","Thank you for the lesson.","Bedankt voor de les."
"school-bus","School bus","Schoolbus"
"school-bus_2","School bus is coming.","De schoolbus komt eraan."
"school-bus_3","Can I sit next to you?","Mag ik naast je zitten?"
"school-bus_4","Thank you bus driver!","Bedankt buschauffeur!"
"school-bus_5","School bus was late.","De schoolbus was laat."
"pencil","Pencil","Potlood"
"pencil_2","I'm writing.","Ik ben aan het schrijven."
"pencil_3","I'm learning to write.","Ik leer schrijven."
"pencil_4","I need a new pencil.","Ik heb een nieuw potlood nodig."
"pencil_5","Can I borrow your pencil?","Kan ik je potlood lenen?"
"pencil_6","I lost my pencil.","Ik ben mijn potlood kwijt."
"eraser","Eraser","Gom"
"eraser_2","I'm erasing.","Ik wis."
"eraser_3","I need a new eraser.","Ik heb een nieuwe gum nodig."
"eraser_4","Can I borrow your eraser?","Mag ik je gum lenen?"
"eraser_5","I lost my eraser.","Ik ben mijn gum kwijt."
"ruler","Ruler","Heerser"
"ruler_2","I'm measuring.","Ik ben aan het meten."
"ruler_3","I need a new ruler.","Ik heb een nieuwe liniaal nodig."
"ruler_4","Can I borrow your ruler?","Mag ik uw liniaal lenen?"
"ruler_5","I lost my ruler.","Ik ben mijn liniaal kwijt."
"sharpener","Sharpener","Slijper"
"sharpener_2","I'm sharpening my pencil.","Ik slijp mijn potlood."
"sharpener_3","I need a new sharpener.","Ik heb een nieuwe puntenslijper nodig."
"sharpener_4","Can I borrow your sharpener?","Mag ik je puntenslijper lenen?"
"sharpener_5","I lost my sharpener.","Ik ben mijn puntenslijper kwijt."
"mathematics","Mathematics","Wiskunde"
"mathematics_2","I like mathematics.","Ik hou van wiskunde."
"mathematics_3","I want to study mathematics.","Ik wil wiskunde studeren."
"mathematics_4","I don't like mathematics.","Ik hou niet van wiskunde."
"mathematics_5","When is mathematics class?","Wanneer is de wiskundeles?"
"mathematics_6","Can you help me with my mathematics homework?","Kun je me helpen met mijn huiswerk voor wiskunde?"
"literature","Literature","Literatuur"
"literature_2","I like literature.","Ik hou van literatuur."
"literature_3","I want to study literature.","Ik wil literatuur studeren."
"literature_4","I don't like literature.","Ik hou niet van literatuur."
"literature_5","When is literature class?","Wanneer is literatuurles?"
"literature_6","Can you help me with my literature homework?","Kun je me helpen met mijn huiswerk voor literatuur?"
"science","Science","Wetenschap"
"science_2","I like science.","Ik hou van wetenschap."
"science_3","I want to study science.","Ik wil wetenschap studeren."
"science_4","I don't like science.","Ik hou niet van wetenschap."
"science_5","When is science class?","Wanneer is science class?"
"science_6","Can you help me with my science homework?","Kunt u mij helpen met mijn wetenschappelijk huiswerk?"
"art-class","Art class","Tekenles"
"art-class_2","I like art class.","Ik hou van kunstles."
"art-class_3","I want to practice art skills.","Ik wil kunstvaardigheden oefenen."
"art-class_4","I don't like art class.","Ik hou niet van kunstles."
"art-class_5","When is art class?","Wanneer is kunstles?"
"art-class_6","Can you help me with my art class homework?","Kun je me helpen met mijn huiswerk in de kunstles?"
"music-class","Music class","Muziek klas"
"music-class_2","I like music class.","Ik hou van muziekles."
"music-class_3","I want to practice music skills.","Ik wil muziekvaardigheden oefenen."
"music-class_4","I don't like music class.","Ik hou niet van muziekles."
"music-class_5","When is music class?","Wanneer is muziekles?"
"music-class_6","Can you help me with my music class homework?","Kun je me helpen met mijn huiswerk voor muzieklessen?"
"geography","Geography","Aardrijkskunde"
"geography_2","I like geography.","Ik hou van geografie."
"geography_3","I want to study geography.","Ik wil aardrijkskunde studeren."
"geography_4","I don't like geography.","Ik hou niet van geografie."
"geography_5","When is geography?","Wanneer is geografie?"
"geography_6","Can you help me with my geography homework?","Kun je me helpen met mijn huiswerk voor geografie?"
"telescope","Telescope","Telescoop"
"telescope_2","I'm using the telescope.","Ik gebruik de telescoop."
"telescope_3","I want to use the telescope.","Ik wil de telescoop gebruiken."
"telescope_4","I want to look at the stars.","Ik wil naar de sterren kijken."
"glue","Glue","Lijm"
"glue_2","I'm using glue.","Ik gebruik lijm."
"glue_3","I need a new glue.","Ik heb een nieuwe lijm nodig."
"glue_4","Can I borrow your glue?","Mag ik je lijm lenen?"
"glue_5","I lost my glue.","Ik ben mijn lijm kwijt."
"shapes","Shapes","Vormen"
"circle","Circle","Cirkel"
"circle_2","This is circle shaped.","Dit is cirkelvormig."
"circle_3","Can you teach me how to draw a circle?","Kun je me leren een cirkel te tekenen?"
"triangle","Triangle","Driehoek"
"triangle_2","This is triangle shaped.","Dit is driehoekig van vorm."
"triangle_3","Can you teach me how to draw a triangle?","Kun je me leren een driehoek te tekenen?"
"square","Square","Vierkant"
"square_2","This is square shaped.","Dit is vierkant van vorm."
"square_3","Can you teach me how to draw a square?","Kun je me leren hoe ik een vierkant teken?"
"rectangle","Rectangle","Rechthoek"
"rectangle_2","This is rectangle shaped.","Dit is rechthoekig."
"rectangle_3","Can you teach me how to draw a rectangle?","Kun je me leren hoe ik een rechthoek moet tekenen?"
"star","Star","Ster"
"star_2","This is star shaped.","Dit is stervormig."
"star_3","Can you teach me how to draw a star?","Kun je me leren een ster te tekenen?"
"pentagon","Pentagon","Pentagon"
"pentagon_2","This is pentagon shaped.","Dit is vijfhoekig."
"pentagon_3","Can you teach me how to draw a pentagon?","Kun je me leren hoe ik een vijfhoek teken?"
"hexagon","Hexagon","Zeshoek"
"hexagon_2","This is hexagon shaped.","Dit is zeshoekig."
"hexagon_3","Can you teach me how to draw a hexagon?","Kun je me leren hoe ik een zeshoek moet tekenen?"
"cross","Cross","Kruis"
"cross_2","This is cross shaped.","Dit is kruisvormig."
"cross_3","Can you teach me how to draw a cross?","Kun je me leren hoe ik een kruis teken?"
"ellipse","Ellipse","Ovaal"
"ellipse_2","This is ellipse shaped.","Dit is ellipsvormig."
"ellipse_3","Can you teach me how to draw a ellipse?","Kun je me leren een ellips te tekenen?"
"arrow","Arrow","Pijl"
"arrow_2","This is arrow shaped.","Dit is pijlvormig."
"arrow_3","Can you teach me how to draw a arrow?","Kun je me leren een pijl te tekenen?"
"crescent","Crescent","Halve maan"
"crescent_2","This is crescent shaped.","Dit is halvemaanvormig."
"crescent_3","Can you teach me how to draw a crescent?","Kun je me leren hoe ik een halve maan teken?"
"heart","Heart","Hart"
"heart_2","This is heart shaped.","Dit is hartvormig."
"heart_3","Can you teach me how to draw a heart?","Kun je me leren hoe ik een hart kan tekenen?"
"rhombus","Rhombus","Ruit"
"rhombus_2","This is rhombus shaped.","Dit is ruitvormig."
"rhombus_3","Can you teach me how to draw a rhombus?","Kun je me leren hoe ik een ruit teken?"
"ring","Ring","Ring"
"ring_2","This is ring shaped.","Dit is ringvormig."
"ring_3","Can you teach me how to draw a ring?","Kun je me leren hoe ik een ring teken?"
"semicircle","Semicircle","Halve cirkel"
"semicircle_2","This is semicircle shaped.","Dit heeft de vorm van een halve cirkel."
"semicircle_3","Can you teach me how to draw a semicircle?","Kun je me leren een halve cirkel te tekenen?"
"trapezoid","Trapezoid","Trapezium"
"trapezoid_2","This is trapezoid shaped.","Dit is trapeziumvormig."
"trapezoid_3","Can you teach me how to draw a trapezoid?","Kun je me leren hoe ik een trapezium moet tekenen?"
"cube","Cube","Kubus"
"cube_2","This is cube shaped.","Dit is kubusvormig."
"cube_3","Can you teach me how to draw a cube?","Kun je me leren een kubus te tekenen?"
"cylinder","Cylinder","Cilinder"
"cylinder_2","This is cylinder shaped.","Dit is cilindervormig."
"cylinder_3","Can you teach me how to draw a cylinder?","Kun je me leren een cilinder te tekenen?"