"activities","Activities","Atividades"
"walking","Walking","Caminhada"
"walking_2","I like walking","eu gosto de caminhar"
"walking_3","I don't like walking","Eu não gosto de andar"
"walking_4","Do you want to walk together?","Você quer andar junto?"
"running","Running","Corrida"
"running_2","I like running.","Eu gosto de correr."
"running_3","I don't like running.","Eu não gosto de correr"
"running_4","Do you want to go running?","Você quer ir correndo?"
"talking","Talking","Falando"
"talking_2","I like talking.","Eu gosto de conversar."
"talking_3","I don't like talking.","Eu não gosto de conversar"
"talking_4","Do you want to talk with me?","Você quer falar comigo?"
"reading","Reading","Lendo"
"reading_2","I like reading.","Eu gosto de ler."
"reading_3","I don't like reading.","Eu não gosto de ler"
"reading_4","Do you want to read together?","Você quer ler juntos?"
"football","Football","Futebol"
"football_2","I like playing football.","Eu gosto de jogar futebol."
"football_3","I don't like playing football.","Eu não gosto de jogar futebol."
"football_4","Do you want to play football?","Você quer jogar futebol?"
"basketball","Basketball","Basquetebol"
"basketball_2","I like playing basketball.","Eu gosto de jogar basquete."
"basketball_3","I don't like playing basketball.","Eu não gosto de jogar basquete."
"basketball_4","Do you want to play basketball?","Você quer jogar basquete?"
"swimming","Swimming","Natação"
"swimming_2","I like swimming.","Eu gosto de nadar."
"swimming_3","I don't like swimming.","Eu não gosto de nadar"
"swimming_4","Do you want to go to swimming?","Você quer nadar?"
"painting","Painting","Pintura"
"painting_2","I like painting.","Eu gosto de pintar."
"painting_3","I don't like painting.","Eu não gosto de pintar"
"painting_4","Do you want to paint together?","Você quer pintar juntos?"
"drawing","Drawing","Desenhando"
"drawing_2","I like drawing.","Eu gosto de desenhar."
"drawing_3","I don't like drawing.","Eu não gosto de desenhar"
"drawing_4","Do you want to draw together?","Você quer desenhar juntos?"
"cycling","Cycling","Ciclismo"
"cycling_2","I like cycling.","Eu gosto de andar de bicicleta."
"cycling_3","I don't like cycling.","Eu não gosto de andar de bicicleta."
"cycling_4","Do you want to go cycling?","Você quer andar de bicicleta?"
"skating","Skating","Patinação"
"skating_2","I like skating.","Eu gosto de patinar"
"skating_3","I don't like skating.","Eu não gosto de patinar."
"skating_4","Do you want to go skating?","Você quer andar de skate?"
"sightseeing","Sightseeing","Passeios turísticos"
"sightseeing_2","I like sightseeing.","Eu gosto de passear"
"sightseeing_3","I don't like sightseeing.","Eu não gosto de passear."
"sightseeing_4","Do you want to go for sightseeing?","Você quer ir para passear?"
"video-games","Video games","Videogames"
"video-games_2","I like playing video games.","Eu gosto de jogar videogames."
"video-games_3","I don't like playing video games.","Eu não gosto de jogar videogame."
"video-games_4","Do you want to play games?","Você quer jogar?"
"tidying","Tidying","Arrumar"
"tidying_2","I like tidying my room.","Eu gosto de arrumar meu quarto."
"tidying_3","I don't like tidying my room.","Não gosto de arrumar meu quarto."
"tidying_4","Can you help me tidy my room?","Você pode me ajudar a arrumar meu quarto?"
"toys","Toys","Brinquedos"
"toys_2","I like toys.","Eu gosto de brinquedos"
"toys_3","I don't like toys.","Eu não gosto de brinquedos"
"toys_4","Do you want to play with my toys?","Você quer brincar com meus brinquedos?"
"puzzle","Puzzle","Enigma"
"puzzle_2","I like solving puzzle.","Eu gosto de resolver quebra-cabeças."
"puzzle_3","I don't like solving puzzle.","Eu não gosto de resolver quebra-cabeças."
"puzzle_4","Do you want to solve puzzles with me?","Você quer resolver quebra-cabeças comigo?"
"comics","Comics","Histórias em quadrinhos"
"comics_2","I like reading comics.","Eu gosto de ler quadrinhos."
"comics_3","I don't like reading comics.","Eu não gosto de ler quadrinhos."
"comics_4","Do you want to read comics?","Você quer ler quadrinhos?"
"chess","Chess","Xadrez"
"chess_2","I like playing chess.","Eu gosto de jogar xadrez."
"chess_3","I don't like playing chess.","Eu não gosto de jogar xadrez."
"chess_4","Do you want to play chess with me?","Você quer jogar xadrez comigo?"
"using-leeloo","Using Leeloo","Usando Leeloo"
"using-leeloo_2","I like using leeloo.","Eu gosto de usar leeloo."
"using-leeloo_3","I don't like using leeloo.","Eu não gosto de usar leeloo."
"using-leeloo_4","Can you change card packs on leeloo?","Você pode mudar os pacotes de cartas no leeloo?"
"texting","Texting","Mensagens de texto"
"texting_2","I like texting.","Eu gosto de mandar mensagens."
"texting_3","I don't like texting.","Eu não gosto de mandar mensagens."
"knitting","Knitting","Tricô"
"knitting_2","I like knitting.","Eu gosto de tricô."
"knitting_3","I don't like knitting.","Eu não gosto de tricô."
"knitting_4","I want to learn how to knit.","Eu quero aprender a tricotar."
"bowling","Bowling","Boliche"
"bowling_2","I like bowling.","Eu gosto de boliche."
"bowling_3","I don't like bowling.","Eu não gosto de boliche."
"bowling_4","Do you want to play bowling with me?","Você quer jogar boliche comigo?"
"watching-tv","Watching TV","Assistindo TV"
"watching-tv_2","I like watching tv.","Eu gosto de assistir TV."
"watching-tv_3","I don't like watching tv.","Eu não gosto de assistir tv."
"watching-tv_4","Do you want to watch tv?","Você quer assistir TV?"
"fishing","Fishing","pescaria"
"fishing_2","I like fishing.","Eu gosto de pescar"
"fishing_3","I don't like fishing.","Eu não gosto de pescar"
"fishing_4","Do you want to go to fishing?","Você quer ir pescar?"
"exercising","Exercising","Exercício"
"exercising_2","I like exercising.","Eu gosto de exercitar"
"exercising_3","I don't like exercising.","Eu não gosto de exercitar"
"exercising_4","Do you want to exercise with me?","Você quer se exercitar comigo?"
"tennis","Tennis","tênis"
"tennis_2","I like playing tennis.","Eu gosto de jogar tênis."
"tennis_3","I don't like playing tennis.","Eu não gosto de jogar tênis."
"tennis_4","Do you want to play tennis with me?","Você quer jogar tênis comigo?"
"animals","Animals","Animais"
"cat","Cat","Gato"
"cat_2","I like cats.","Eu gosto de gatos."
"cat_3","I saw a cat.","Eu vi um gato"
"cat_4","What noise does a cat make?","Que barulho faz um gato?"
"cat_5","Can we get a cat as pet?","Podemos ter um gato como animal de estimação?"
"dog","Dog","Cão"
"dog_2","I like dog.","Eu gosto de cachorro."
"dog_3","I saw a dog.","Eu vi um cachorro"
"dog_4","What noise does a dog make?","Que barulho faz um cachorro?"
"dog_5","Can we get a dog as pet?","Podemos ter um cachorro como animal de estimação?"
"fish","Fish","Peixe"
"fish_2","I like fish.","Eu gosto de peixe."
"fish_3","I saw a fish.","Eu vi um peixe"
"fish_4","What noise does a fish make?","Que barulho faz um peixe?"
"fish_5","Can we get a fish as pet?","Podemos pegar um peixe como animal de estimação?"
"rabbit","Rabbit","Coelho"
"rabbit_2","I like rabbits.","Eu gosto de coelhos."
"rabbit_3","I saw a rabbit.","Eu vi um coelho."
"rabbit_4","What noise does a rabbit make?","Que barulho faz um coelho?"
"rabbit_5","Can we get a rabbit as pet?","Podemos ter um coelho como animal de estimação?"
"butterfly","Butterfly","Borboleta"
"butterfly_2","I like butterflies.","Eu gosto de borboletas"
"butterfly_3","I saw a butterfly.","Eu vi uma borboleta"
"butterfly_4","What noise does a butterfly make?","Que barulho faz uma borboleta?"
"kangaroo","Kangaroo","Canguru"
"kangaroo_2","I like kangaroos.","Eu gosto de cangurus."
"kangaroo_3","I saw a kangaroo.","Eu vi um canguru."
"kangaroo_4","What noise does a kangaroo make?","Que barulho faz um canguru?"
"turtle","Turtle","Tartaruga"
"turtle_2","I like turtles.","Eu gosto de tartarugas."
"turtle_3","I saw a turtle.","Eu vi uma tartaruga."
"turtle_4","What noise does a turtle make?","Que barulho faz uma tartaruga?"
"giraffe","Giraffe","Girafa"
"giraffe_2","I like giraffes.","Eu gosto de girafas."
"giraffe_3","I saw a giraffe.","Eu vi uma girafa."
"giraffe_4","What noise does a giraffe make?","Que barulho faz uma girafa?"
"frog","Frog","Rã"
"frog_2","I like frogs.","Eu gosto de sapos."
"frog_3","I saw a frog.","Eu vi um sapo."
"frog_4","What noise does a frog make?","Que barulho faz um sapo?"
"swan","Swan","Cisne"
"swan_2","I like swans.","Eu gosto de cisnes."
"swan_3","I saw a swan.","Eu vi um cisne."
"swan_4","What noise does a swan make?","Que barulho faz um cisne?"
"spider","Spider","Aranha"
"spider_2","I like spiders.","Eu gosto de aranhas."
"spider_3","I saw a spider.","Eu vi uma aranha."
"spider_4","What noise does a spider make?","Que barulho faz uma aranha?"
"cow","Cow","Vaca"
"cow_2","I like cows.","Eu gosto de vacas"
"cow_3","I saw a cow.","Eu vi uma vaca"
"cow_4","What noise does a cow make?","Que barulho faz uma vaca?"
"duck","Duck","Pato"
"duck_2","I like ducks.","Eu gosto de patos."
"duck_3","I saw a duck.","Eu vi um pato."
"duck_4","What noise does a duck make?","Que barulho faz um pato?"
"horse","Horse","Cavalo"
"horse_2","I like horses.","Eu gosto de cavalos."
"horse_3","I saw a horse.","Eu vi um cavalo"
"horse_4","What noise does a horse make?","Que barulho faz um cavalo?"
"chicken","Chicken","Frango"
"chicken_2","I like chickens.","Eu gosto de galinhas."
"chicken_3","I saw a chicken.","Eu vi uma galinha"
"chicken_4","What noise does a chicken make?","Que barulho faz uma galinha?"
"bee","Bee","Abelha"
"bee_2","I like bees.","Eu gosto de abelhas"
"bee_3","I saw a bee.","Eu vi uma abelha."
"bee_4","What noise does a bee make?","Que barulho faz uma abelha?"
"pig","Pig","Porco"
"pig_2","I like pigs.","Eu gosto de porcos"
"pig_3","I saw a pig.","Eu vi um porco."
"pig_4","What noise does a pig make?","Que barulho faz um porco?"
"dove","Dove","Pomba"
"dove_2","I like doves.","Eu gosto de pombas."
"dove_3","I saw a dove.","Eu vi uma pomba."
"dove_4","What noise does a dove make?","Que barulho faz uma pomba?"
"crab","Crab","Caranguejo"
"crab_2","I like crabs.","Eu gosto de caranguejos."
"crab_3","I saw a crab.","Eu vi um caranguejo."
"crab_4","What noise does a crab make?","Que barulho faz um caranguejo?"
"penguin","Penguin","Pinguim"
"penguin_2","I like penguins.","Eu gosto de pinguins."
"penguin_3","I saw a penguin.","Eu vi um pinguim."
"penguin_4","What noise does a penguin make?","Que barulho faz um pinguim?"
"elephant","Elephant","Elefante"
"elephant_2","I like elephants.","Eu gosto de elefantes."
"elephant_3","I saw an elephant.","Eu vi um elefante."
"elephant_4","What noise does an elephant make?","Que barulho faz um elefante?"
"zebra","Zebra","Zebra"
"zebra_2","I like zebras.","Eu gosto de zebras."
"zebra_3","I saw a zebra.","Eu vi uma zebra."
"zebra_4","What noise does a zebra make?","Que barulho faz uma zebra?"
"panda","Panda","Panda"
"panda_2","I like pandas.","Eu gosto de pandas."
"panda_3","I saw a panda.","Eu vi um panda."
"panda_4","What noise does a panda make?","Que barulho faz um panda?"
"monkey","Monkey","Macaco"
"monkey_2","I like monkeys.","Eu gosto de macacos."
"monkey_3","I saw a monkey.","Eu vi um macaco."
"monkey_4","What noise does a monkey make?","Que barulho faz um macaco?"
"camel","Camel","Camelo"
"camel_2","I like camels.","Eu gosto de camelos"
"camel_3","I saw a camel.","Eu vi um camelo."
"camel_4","What noise does a camel make?","Que barulho faz um camelo?"
"mouse","Mouse","Rato"
"mouse_2","I like mice.","Eu gosto de ratos"
"mouse_3","I saw a mouse.","Eu vi um rato."
"mouse_4","What noise does a mouse make?","Que barulho faz um mouse?"
"tiger","Tiger","Tigre"
"tiger_2","I like tigers.","Eu gosto de tigres"
"tiger_3","I saw a tiger.","Eu vi um tigre."
"tiger_4","What noise does a tiger make?","Que barulho faz um tigre?"
"jellyfish","Jellyfish","Medusa"
"jellyfish_2","I like jellyfishes.","Eu gosto de água-vivas."
"jellyfish_3","I saw a jellyfish.","Eu vi uma água-viva."
"jellyfish_4","What noise does a jellyfish make?","Que barulho faz uma água-viva?"
"crocodile","Crocodile","Crocodilo"
"crocodile_2","I like crocodiles.","Eu gosto de crocodilos."
"crocodile_3","I saw a crocodile.","Eu vi um crocodilo."
"crocodile_4","What noise does a crocodile make?","Que barulho faz um crocodilo?"
"koala","Koala","Coala"
"koala_2","I like koalas.","Eu gosto de coalas."
"koala_3","I saw a koala.","Eu vi um coala."
"koala_4","What noise does a koala make?","Que barulho faz um coala?"
"ostrich","Ostrich","Avestruz"
"ostrich_2","I like ostriches.","Eu gosto de avestruzes."
"ostrich_3","I saw an ostrich.","Eu vi um avestruz."
"ostrich_4","What noise does an ostrich make?","Que barulho faz um avestruz?"
"racoon","Racoon","Guaxinim"
"racoon_2","I like racoons.","Eu gosto de guaxinins."
"racoon_3","I saw a racoon.","Eu vi um guaxinim."
"racoon_4","What noise does a racoon make?","Que barulho faz um guaxinim?"
"bat","Bat","Bastão"
"bat_2","I like bats.","Eu gosto de morcegos."
"bat_3","I saw a bat.","Eu vi um morcego."
"bat_4","What noise does a bat make?","Que barulho faz um morcego?"
"eagle","Eagle","Águia"
"eagle_2","I like eagles.","Eu gosto de águias"
"eagle_3","I saw an eagle.","Eu vi uma águia."
"eagle_4","What noise does an eagle make?","Que barulho faz uma águia?"
"hippopotamus","Hippopotamus","Hipopótamo"
"hippopotamus_2","I like hippopotamus.","Eu gosto de hipopótamo."
"hippopotamus_3","I saw a hippopotamus.","Eu vi um hipopótamo."
"hippopotamus_4","What noise does a hippopotamus make?","Que barulho faz um hipopótamo?"
"seal","Seal","Foca"
"seal_2","I like seals.","Eu gosto de focas."
"seal_3","I saw a seal.","Eu vi um selo."
"seal_4","What noise does a seal make?","Que barulho faz um selo?"
"walrus","Walrus","Morsa"
"walrus_2","I like walruses.","Eu gosto de morsas."
"walrus_3","I saw a walrus.","Eu vi uma morsa."
"walrus_4","What noise does a walrus make?","Que barulho faz uma morsa?"
"seahorse","Seahorse","Cavalo-marinho"
"seahorse_2","I like seahorses.","Eu gosto de cavalos-marinhos."
"seahorse_3","I saw a seahorse.","Eu vi um cavalo marinho."
"seahorse_4","What noise does a seahorse make?","Que barulho faz um cavalo-marinho?"
"bull","Bull","Touro"
"bull_2","I like bulls.","Eu gosto de touros."
"bull_3","I saw a bull.","Eu vi um touro."
"bull_4","What noise does a bull make?","Que barulho faz um touro?"
"pelican","Pelican","Pelicano"
"pelican_2","I like pelicans.","Eu gosto de pelicanos."
"pelican_3","I saw a pelican.","Eu vi um pelicano."
"pelican_4","What noise does a pelican make?","Que barulho faz um pelicano?"
"beaver","Beaver","Castor"
"beaver_2","I like beavers.","Eu gosto de castores."
"beaver_3","I saw a beaver.","Eu vi um castor."
"beaver_4","What noise does a beaver make?","Que barulho faz um castor?"
"goldfish","Goldfish","Peixinho"
"goldfish_2","I like goldfishes.","Eu gosto de peixes dourados."
"goldfish_3","I saw a goldfish.","Eu vi um peixe dourado."
"goldfish_4","What noise does a goldfish make?","Que barulho faz um peixe dourado?"
"goldfish_5","Can we get a goldfish as pet?","Podemos obter um peixe dourado como animal de estimação?"
"rhinoceros","Rhinoceros","Rinoceronte"
"rhinoceros_2","I like rhinoceros.","Eu gosto de rinoceronte."
"rhinoceros_3","I saw a rhinoceros.","Eu vi um rinoceronte."
"rhinoceros_4","What noise does a rhinoceros make?","Que barulho faz um rinoceronte?"
"snake","Snake","Serpente"
"snake_2","I like snakes.","Eu gosto de cobras."
"snake_3","I saw a snake.","Eu vi uma cobra."
"snake_4","What noise does a snake make?","Que barulho faz uma cobra?"
"lion","Lion","Leão"
"lion_2","I like lions.","Eu gosto de leões."
"lion_3","I saw a lion.","Eu vi um leão"
"lion_4","What noise does a lion make?","Que barulho faz um leão?"
"squid","Squid","Lula"
"squid_2","I like squids.","Eu gosto de lulas."
"squid_3","I saw a squid.","Eu vi uma lula."
"squid_4","What noise does a squid make?","Que barulho faz uma lula?"
"whale","Whale","Baleia"
"whale_2","I like whales.","Eu gosto de baleias."
"whale_3","I saw a whale.","Eu vi uma baleia."
"whale_4","What noise does a whale make?","Que barulho faz uma baleia?"
"beetle","Beetle","Besouro"
"beetle_2","I like beetles.","Eu gosto de besouros."
"beetle_3","I saw a beetle.","Eu vi um besouro."
"beetle_4","What noise does a beetle make?","Que barulho faz um besouro?"
"dolphin","Dolphin","Golfinho"
"dolphin_2","I like dolphins.","Eu gosto de golfinhos"
"dolphin_3","I saw a dolphin.","Eu vi um golfinho."
"dolphin_4","What noise does a dolphin make?","Que barulho faz um golfinho?"
"starfish","Starfish","Estrela do Mar"
"starfish_2","I like starfishes.","Eu gosto de estrelas do mar."
"starfish_3","I saw a starfish.","Eu vi uma estrela do mar."
"starfish_4","What noise does a starfish make?","Que barulho faz uma estrela do mar?"
"parakeet","Parakeet","Periquito"
"parakeet_2","I like parakeets.","Eu gosto de periquitos."
"parakeet_3","I saw a parakeet.","Eu vi um periquito."
"parakeet_4","What noise does a parakeet make?","Que barulho faz um periquito?"
"owl","Owl","Coruja"
"owl_2","I like owls.","Eu gosto de corujas."
"owl_3","I saw an owl.","Eu vi uma coruja."
"owl_4","What noise does an owl make?","Que barulho faz uma coruja?"
"sheep","Sheep","Ovelha"
"sheep_2","I like sheeps.","Eu gosto de ovelhas."
"sheep_3","I saw a sheep.","Eu vi uma ovelha."
"sheep_4","What noise does a sheep make?","Que barulho faz uma ovelha?"
"clothes","Clothes","Roupas"
"pants","Pants","calça"
"pants_2","My pants are dirty.","Minhas calças estão sujas."
"pants_3","Can you help me wear my pants?","Você pode me ajudar a usar minhas calças?"
"shirt","Shirt","Camisa"
"shirt_2","My shirt is dirty.","Minha camisa está suja."
"shirt_3","Can you help me wear my shirt?","Você pode me ajudar a usar minha camisa?"
"skirt","Skirt","Saia"
"skirt_2","My skirt is dirty.","Minha saia está suja."
"skirt_3","Can you help me wear my skirt?","Você pode me ajudar a usar minha saia?"
"panty","Panty","Calcinha"
"panty_2","My underwear is dirty.","Minha calcinha está suja."
"panty_3","Can you help me wear my panty?","Você pode me ajudar a usar minha calcinha?"
"jacket","Jacket","Jaqueta"
"jacket_2","My jacket is dirty.","Minha jaqueta está suja."
"jacket_3","Can you help me wear my jacket?","Você pode me ajudar a usar minha jaqueta?"
"tie","Tie","Gravata"
"tie_2","I like wearing tie.","Eu gosto de usar gravata."
"tie_3","Can you help me tie my tie?","Você pode me ajudar a amarrar minha gravata?"
"baseball-cap","Baseball cap","Boné de baseball"
"baseball-cap_2","I like wearing baseball cap.","Eu gosto de usar boné de beisebol."
"baseball-cap_3","Which baseball cap should I wear?","Qual boné de beisebol devo usar?"
"dress","Dress","Vestir"
"dress_2","My dress is dirty.","Meu vestido está sujo."
"dress_3","Can you help me wear my dress?","Você pode me ajudar a usar meu vestido?"
"shoes","Shoes","sapatos"
"shoes_2","My shoes are dirty.","Meus sapatos estão sujos."
"shoes_3","Can you help me wear my shoes?","Você pode me ajudar a usar meus sapatos?"
"boots","Boots","Chuteiras"
"boots_2","My boots are dirty.","Minhas botas estão sujas."
"boots_3","Can you help me wear my boots?","Você pode me ajudar a usar minhas botas?"
"sneakers","Sneakers","Tênis"
"sneakers_2","I want to wear my sneakers.","Eu quero usar meu tênis."
"sneakers_3","Can you help me wear my sneakers?","Você pode me ajudar a usar meus tênis?"
"slippers","Slippers","Chinelos"
"slippers_2","I want to wear my slippers.","Eu quero usar meus chinelos."
"slippers_3","Can you help me wear my slippers?","Você pode me ajudar a usar meus chinelos?"
"belt","Belt","Cinto"
"belt_2","I like wearing belt.","Eu gosto de usar cinto."
"belt_3","Can you help me wear my belt?","Você pode me ajudar a usar meu cinto?"
"socks","Socks","Meias"
"socks_2","My socks are dirty.","Minhas meias estão sujas."
"socks_3","Can you help me wear my socks?","Você pode me ajudar a usar minhas meias?"
"swimsuit","Swimsuit","roupa de banho"
"swimsuit_2","I want to wear my swimsuit.","Eu quero usar meu maiô."
"swimsuit_3","Can you help me wear my swimsuit?","Você pode me ajudar a usar meu maiô?"
"sweater","Sweater","Suéter"
"sweater_2","My sweater is dirty.","Meu suéter está sujo."
"sweater_3","Can you help me wear my sweater?","Você pode me ajudar a usar meu suéter?"
"scarf","Scarf","Cachecol"
"scarf_2","I like wearing scarf.","Eu gosto de usar cachecol."
"scarf_3","Can you help me wear my scarf?","Você pode me ajudar a usar meu cachecol?"
"denim-shorts","Denim shorts","Shorts jeans"
"denim-shorts_2","My denim shorts are dirty.","Meus shorts jeans estão sujos."
"denim-shorts_3","Can you help me wear my denim shorts?","Você pode me ajudar a usar meu shorts jeans?"
"hoodies","Hoodies","Moletons"
"hoodies_2","I like wearing hoodies.","Eu gosto de usar capuz."
"hoodies_3","Can you help me wear my hoodie?","Você pode me ajudar a usar meu capuz?"
"swimming-shorts","Swimming shorts","Calções de banho"
"swimming-shorts_2","My swimming shorts are dirty.","Meu calção de banho está sujo."
"swimming-shorts_3","Can you help me wear my swimming shorts?","Você pode me ajudar a usar meu calção de banho?"
"bow-tie","Bow tie","Gravata-borboleta"
"bow-tie_2","I like wearing bow tie.","Eu gosto de usar gravata borboleta."
"bow-tie_3","Can you help me wear my bow tie?","Você pode me ajudar a usar minha gravata borboleta?"
"leather-jacket","Leather jacket","Jaqueta de couro"
"leather-jacket_2","I like wearing leather jacket.","Eu gosto de usar jaqueta de couro."
"leather-jacket_3","Can you help me wear my leather jacket?","Você pode me ajudar a usar minha jaqueta de couro?"
"bathrobe","Bathrobe","Roupão de banho"
"bathrobe_2","I like wearing bathrobe.","Eu gosto de usar roupão de banho."
"bathrobe_3","Can you help me wear my bathrobe?","Você pode me ajudar a usar meu roupão de banho?"
"jumpsuit","Jumpsuit","Macacão"
"jumpsuit_2","I like wearing jumpsuit.","Eu gosto de usar macacão."
"jumpsuit_3","Can you help me wear my jumpsuit?","Você pode me ajudar a usar meu macacão?"
"fedora-hat","Fedora hat","Chapéu Fedora"
"fedora-hat_2","I like wearing fedora hat.","Eu gosto de usar chapéu fedora."
"fedora-hat_3","Can you help me wear my fedora hat?","Você pode me ajudar a usar meu chapéu fedora?"
"t-shirt","T-shirt","camiseta"
"t-shirt_2","I like wearing t-shirt.","Eu gosto de usar camiseta."
"t-shirt_3","Can you help me wear my t-shirt?","Você pode me ajudar a usar minha camiseta?"
"sleeveless","Sleeveless","Sem mangas"
"sleeveless_2","I like wearing sleeveless.","Eu gosto de usar sem mangas."
"sleeveless_3","Can you help me wear my sleeveless?","Você pode me ajudar a usar minha sem mangas?"
"boxers","Boxers","Boxers"
"boxers_2","I like wearing boxers.","Eu gosto de usar boxers."
"boxers_3","Can you help me wear my boxers?","Você pode me ajudar a usar minha cueca?"
"vest","Vest","Colete"
"vest_2","I like wearing vest.","Eu gosto de usar colete."
"vest_3","Can you help me wear my vest?","Você pode me ajudar a usar meu colete?"
"pamela-hat","Pamela hat","Chapéu Pamela"
"pamela-hat_2","I like wearing pamela hat.","Eu gosto de usar chapéu pamela."
"pamela-hat_3","Can you help me wear my pamela hat?","Você pode me ajudar a usar meu chapéu pamela?"
"high-heels","High heels","Salto alto"
"high-heels_2","I like wearing high heels.","Eu gosto de usar salto alto."
"high-heels_3","Can you help me wear my high heels?","Você pode me ajudar a usar meus sapatos de salto alto?"
"overalls","Overalls","Macacões"
"overalls_2","I like wearing overalls.","Eu gosto de usar macacão."
"overalls_3","Can you help me wear my overalls?","Você pode me ajudar a usar meu macacão?"
"kimono","Kimono","Quimono"
"kimono_2","I like wearing kimono.","Eu gosto de usar quimono."
"kimono_3","Can you help me wear my kimono?","Você pode me ajudar a usar meu quimono?"
"raincoat","Raincoat","Capa de chuva"
"raincoat_2","I like wearing raincoat.","Eu gosto de usar capa de chuva."
"raincoat_3","Can you help me wear my raincoat?","Você pode me ajudar a usar minha capa de chuva?"
"bandana","Bandana","Bandana"
"bandana_2","I like wearing bandana.","Eu gosto de usar bandana."
"bandana_3","Can you help me wear my bandana?","Você pode me ajudar a usar minha bandana?"
"beret","Beret","Boina"
"beret_2","I like wearing beret.","Eu gosto de usar boina."
"beret_3","Can you help me wear my beret?","Você pode me ajudar a usar minha boina?"
"knit-hat","Knit hat","Chapéu de malha"
"knit-hat_2","I like wearing knit hat.","Eu gosto de usar chapéu de malha."
"knit-hat_3","Can you help me wear my knit hat?","Você pode me ajudar a usar meu chapéu de malha?"
"suspenders","Suspenders","Suspensórios"
"suspenders_2","I like wearing suspenders.","Eu gosto de usar suspensórios."
"suspenders_3","Can you help me wear my suspenders?","Você pode me ajudar a usar meus suspensórios?"
"mitten","Mitten","Luva"
"mitten_2","I like wearing mitten.","Eu gosto de usar luva."
"mitten_3","Can you help me wear my mitten?","Você pode me ajudar a usar minha luva?"
"suit","Suit","Traje"
"suit_2","I like wearing suit.","Eu gosto de usar terno."
"suit_3","Can you help me wear my suit?","Você pode me ajudar a usar meu terno?"
"coat","Coat","Casaco"
"coat_2","I like wearing coat.","Eu gosto de usar casaco."
"coat_3","Can you help me wear my coat?","Você pode me ajudar a usar meu casaco?"
"trench-coat","Trench coat","Trench coat"
"trench-coat_2","I like wearing trench coat.","Eu gosto de usar casaco."
"trench-coat_3","Can you help me wear my trench coat?","Você pode me ajudar a usar meu casaco?"
"colors","Colors","Cores"
"crayons","Crayons","Giz de cera"
"crayons_2","I like crayons.","Eu gosto de giz de cera."
"crayons_3","Can you give me crayons?","Você pode me dar giz de cera?"
"crayons_4","I want to draw using my crayons.","Eu quero desenhar usando meus lápis de cera."
"red","Red","Vermelho"
"red_2","It is red.","É vermelho."
"red_3","My favorite color is red.","Minha cor favorita é vermelho."
"red_4","Can you give me red paint?","Você pode me dar tinta vermelha?"
"blue","Blue","Azul"
"blue_2","It is blue.","Isso é azul."
"blue_3","My favorite color is blue.","Minha cor favorita é azul."
"blue_4","Can you give me blue paint?","Você pode me dar tinta azul?"
"orange","Orange","laranja"
"orange_2","It is orange color.","É cor laranja."
"orange_3","My favorite color is orange.","Minha cor favorita é laranja."
"orange_4","Can you give me orange paint?","Você pode me dar tinta laranja?"
"green","Green","Verde"
"green_2","It is green.","Isso é verde."
"green_3","My favorite color is green.","Minha cor favorita é verde."
"green_4","Can you give me green paint?","Você pode me dar tinta verde?"
"yellow","Yellow","Amarelo"
"yellow_2","It is yellow.","É amarelo."
"yellow_3","My favorite color is yellow.","Minha cor favorita é amarelo."
"yellow_4","Can you give me yellow paint?","Você pode me dar tinta amarela?"
"purple","Purple","Roxa"
"purple_2","It is purple.","É roxo."
"purple_3","My favorite color is purple.","Minha cor favorita é roxo."
"purple_4","Can you give me purple paint?","Você pode me dar tinta roxa?"
"pink","Pink","Rosa"
"pink_2","It is pink.","É rosa."
"pink_3","My favorite color is pink.","Minha cor favorita é rosa."
"pink_4","Can you give me pink paint?","Você pode me dar tinta rosa?"
"brown","Brown","Castanho"
"brown_2","It is brown.","É marrom."
"brown_3","My favorite color is brown.","Minha cor favorita é marrom."
"brown_4","Can you give me brown paint?","Você pode me dar tinta marrom?"
"black","Black","Preto"
"black_2","It is black.","É preto."
"black_3","My favorite color is black.","Minha cor favorita é preta."
"black_4","Can you give me black paint?","Você pode me dar tinta preta?"
"white","White","Branco"
"white_2","It is white.","É branco."
"white_3","My favorite color is white.","Minha cor favorita é branco."
"white_4","Can you give me white paint?","Você pode me dar tinta branca?"
"gray","Gray","cinzento"
"gray_2","It is gray.","É cinza."
"gray_3","My favorite color is gray.","Minha cor favorita é cinza."
"gray_4","Can you give me gray paint?","Você pode me dar tinta cinza?"
"transparent","Transparent","Transparente"
"transparent_2","It is transparent.","É transparente."
"transparent_3","I can see behind transparent color.","Eu posso ver por trás da cor transparente."
"transparent_4","Can you help me erase?","Você pode me ajudar a apagar?"
"cyan","Cyan","Ciano"
"cyan_2","It is cyan.","É ciano."
"cyan_3","My favorite color is cyan.","Minha cor favorita é ciano."
"cyan_4","Can you give me cyan paint?","Você pode me dar tinta ciana?"
"violet","Violet","Tolet"
"violet_2","It is violet.","É violeta."
"violet_3","My favorite color is violet.","Minha cor favorita é violeta."
"violet_4","Can you give me violet paint?","Você pode me dar tinta violeta?"
"turquoise","Turquoise","Turquesa"
"turquoise_2","It is turquoise.","É turquesa."
"turquoise_3","My favorite color is turquoise.","Minha cor favorita é turquesa."
"turquoise_4","Can you give me turquoise paint?","Você pode me dar tinta turquesa?"
"lime","Lime","Lima"
"lime_2","It is lime.","É limão."
"lime_3","My favorite color is lime.","Minha cor favorita é limão."
"lime_4","Can you give me lime paint?","Você pode me dar tinta de limão?"
"plum","Plum","ameixa"
"plum_2","It is plum.","É ameixa."
"plum_3","My favorite color is plum.","Minha cor favorita é ameixa."
"plum_4","Can you give me plum paint?","Você pode me dar tinta de ameixa?"
"tan","Tan","bronzeado"
"tan_2","It is tan color.","É cor marrom."
"tan_3","My favorite color is tan color.","Minha cor favorita é a cor marrom."
"tan_4","Can you give me tan color paint?","Você pode me dar tinta de cor marrom?"
"avocado","Avocado","Abacate"
"avocado_2","It is avocado color.","É cor de abacate."
"avocado_3","My favorite color is avocado color.","Minha cor favorita é a cor abacate."
"avocado_4","Can you give me avocado color paint?","Você pode me dar tinta de abacate?"
"barbie-pink","Barbie pink","Barbie rosa"
"barbie-pink_2","It is barbie pink color.","É a cor rosa barbie."
"barbie-pink_3","My favorite color is barbie pink.","Minha cor favorita é rosa barbie."
"barbie-pink_4","Can you give me barbie pink paint?","Você pode me dar tinta rosa barbie?"
"blizzard-blue","Blizzard blue","Blizzard blue"
"blizzard-blue_2","It is blizzard blue color.","É uma cor azul nevasca."
"blizzard-blue_3","My favorite color is blizzard blue color.","Minha cor favorita é a cor azul nevasca."
"blizzard-blue_4","Can you give me blizzard blue paint?","Você pode me dar tinta azul nevasca?"
"conversation","Conversation","Conversação"
"me","Me","Eu"
"me_2","My name is {name}","Meu nome é {nome}"
"me_3","I'm {name}","Eu sou {nome}"
"me_4","Do you know my name?","você sabe meu nome?"
"me_5","What is your name?","Qual é o seu nome?"
"me_6","Nice to meet you!","Prazer em conhecê-lo!"
"me_7","Do you like me?","Você gosta de mim?"
"me_8","Can we be friends?","Podemos ser amigos?"
"me_9","I'm using assistive communication app.","Estou usando o aplicativo de comunicação assistida."
"me_10","Who are you?","Quem é Você?"
"hello","Hello","Olá"
"hello_2","Hello.","Olá."
"hello_3","Hi.","Oi."
"hello_4","Greetings.","Saudações."
"hello_5","How are you?","Como você está?"
"hello_6","Nice to meet you!","Prazer em conhecê-lo!"
"help","Help","Socorro"
"help_2","Help me.","Ajude-me."
"help_3","Can you help me?","Pode me ajudar?"
"help_4","I need help","eu preciso de ajuda"
"help_5","Do you need help?","Você precisa de ajuda?"
"yes","Yes","sim"
"yes_2","Yes.","Sim."
"yes_3","Yes please.","Sim por favor."
"yes_4","Alright.","Bem."
"yes_5","Agreed.","Acordado."
"yes_6","I want to.","Eu quero."
"yes_7","I would like to.","Eu gostaria de."
"no","No","Não"
"no_2","No.","Não."
"no_3","Nope.","Não."
"no_4","Never.","Nunca."
"no_5","I don't want to.","Eu não quero"
"no_6","I don't like it.","Eu não gosto disso"
"no_7","You don't like it?","Você não gosta disso?"
"no_8","Why you don't like it?","Por que você não gosta?"
"toilet","Toilet","Banheiro"
"toilet_2","I need to go to the toilet.","Eu preciso ir ao banheiro."
"toilet_3","I need to pee.","Preciso de urinar."
"toilet_4","I need to poop.","Eu preciso cocô."
"toilet_5","Can you help me go to the toilet?","Você pode me ajudar a ir ao banheiro?"
"toilet_6","Can you help me clean?","Você pode me ajudar a limpar?"
"toilet_7","I peed myself.","Eu me mijei."
"toilet_8","I pooped myself.","Eu me fiz cocô."
"what","What","o que"
"what_2","What is that?","O que é isso?"
"what_3","What does it mean?","O que isso significa?"
"what_4","What do you mean?","O que você quer dizer?"
"what_5","Can you explain it?","Você pode explicar isso?"
"what_6","Can you repeat what you said?","Você pode repetir o que disse?"
"what_7","I don't understand.","Eu não entendo"
"sleep","Sleep","Dormir"
"sleep_2","I want to sleep.","Quero dormir."
"sleep_3","I don't want to sleep.","Eu não quero dormir"
"sleep_4","I'm tired.","Estou cansado."
"sleep_5","Are you tired?","Você está cansado?"
"sleep_6","When am I going to sleep?","Quando vou dormir?"
"sleep_7","I want to take a nap.","Eu quero tirar uma soneca."
"bath","Bath","Banho"
"bath_2","I want to take a bath.","Eu quero tomar um banho."
"bath_3","I like taking a bath.","Eu gosto de tomar banho."
"bath_4","I want to wash my hands.","Eu quero lavar minhas mãos."
"bath_5","I want to take a shower.","Eu quero tomar um banho."
"bath_6","I want to clean myself.","Eu quero me limpar."
"bath_7","Can you help me take a bath?","Você pode me ajudar a tomar um banho?"
"bath_8","I don't want to take a bath.","Eu não quero tomar banho."
"listen","Listen","Ouço"
"listen_2","Listen to me.","Me escute."
"listen_3","Can you listen to me?","Você consegue me ouvir?"
"listen_4","Listen to music.","Escutar musica."
"listen_5","Listening to my parents.","Ouvindo meus pais."
"listen_6","Listen to what my application is saying!","Ouça o que minha inscrição está dizendo!"
"morning","Morning","Manhã"
"morning_2","Good morning.","Bom Dia."
"morning_3","I like mornings.","Eu gosto de manhãs."
"morning_4","In the morning.","De manhã."
"morning_5","Morning time.","Hora da manhã."
"morning_6","Is it morning?","É de manhã?"
"night","Night","Noite"
"night_2","Good night!","Boa noite!"
"night_3","I like nights.","Eu gosto de noites"
"night_4","At night.","À noite."
"night_5","Night time.","Período noturno."
"night_6","Is it night?","É noite?"
"look","Look","Veja"
"look_2","Look at me.","Olhe para mim."
"look_3","Look at this.","Veja isso."
"look_4","Are you looking?","Você está procurando?"
"look_5","Look at my drawing.","Olhe para o meu desenho."
"look_6","How do I look?","Como estou?"
"look_7","Look what I did.","Olha o que eu fiz."
"look_8","Let's look at that.","Vamos olhar para isso."
"speak","Speak","Falar"
"speak_2","I'm learning how to speak.","Estou aprendendo a falar."
"speak_3","I want to speak.","Eu quero falar."
"speak_4","Can I speak with you?","Posso falar com você?"
"speak_5","I like speaking.","Eu gosto de falar"
"speak_6","I'm using assistive communication app.","Estou usando o aplicativo de comunicação assistida."
"play","Play","Toque"
"play_2","I love playing.","Eu amo jogar."
"play_3","Can you play with me?","Você pode jogar comigo?"
"play_4","I want to play with you!","Quero jogar com você!"
"play_5","I want to play with my friends.","Eu quero brincar com meus amigos."
"play_6","I don't want to play with you.","Eu não quero brincar com você."
"outside","Outside","Lado de fora"
"outside_2","I love going outside.","Eu amo ir lá fora."
"outside_3","I want to go outside.","Eu quero ir lá fora"
"outside_4","Is it cold outside?","Esta Frio la fora?"
"outside_5","I don't like outside.","Eu não gosto de fora."
"outside_6","Can I go outside?","Posso ir lá fora?"
"home","Home","Casa"
"home_2","I love my home.","Eu amo meu lar."
"home_3","I want to go home.","Eu quero ir para casa."
"home_4","Where is your home?","Onde fica sua casa?"
"home_5","Home sweet home.","Lar Doce Lar."
"home_6","I'm in the house.","Estou na casa."
"home_7","I'm not in the house.","Eu não estou em casa."
"hurt","Hurt","Doeu"
"hurt_2","I'm hurt.","Estou ferido."
"hurt_3","Are you hurt?","Você está machucado?"
"hurt_4","Did I hurt you?","Te machuquei?"
"hurt_5","I didn't mean to hurt you!","Eu não quis te machucar!"
"hurt_6","Is it going to hurt?","Vai doer?"
"hurt_7","I have a headache.","Estou com dor de cabeça."
"hurt_8","I have a stomach ache.","Estou com dor de barriga."
"hurt_9","My genitals hurt.","Meus órgãos genitais doem."
"hurt_10","My foot hurts.","Meu pé dói."
"feelings","Feelings","Sentimentos"
"happy","Happy","Feliz"
"happy_2","I'm happy.","Eu estou feliz."
"happy_3","I feel happy.","Eu me sinto feliz."
"happy_4","Do you feel happy?","Você se sente feliz?"
"happy_5","I want to feel happy.","Eu quero me sentir feliz."
"happy_6","You are making me happy.","Você está me fazendo feliz."
"sad","Sad","Triste"
"sad_2","I'm sad.","Estou triste."
"sad_3","I feel sad.","Eu me sinto triste."
"sad_4","Do you feel sad?","Você se sente triste?"
"sad_5","I don't want to feel sad.","Eu não quero me sentir triste."
"sad_6","You are making me sad.","Você está me deixando triste."
"exhausted","Exhausted","Exausta"
"exhausted_2","I'm exhausted.","Estou exausto."
"exhausted_3","I feel exhausted.","Eu me sinto exausto."
"exhausted_4","Do you feel exhausted?","Você se sente exausto?"
"exhausted_5","I don't want to be exhausted.","Eu não quero estar exausta."
"relaxed","Relaxed","Relaxado"
"relaxed_2","I'm relaxed.","Estou relaxado."
"relaxed_3","I feel relaxed.","Me sinto relaxado."
"relaxed_4","Do you feel relaxed?","Você se sente relaxado?"
"relaxed_5","I want to feel relaxed.","Eu quero me sentir relaxado."
"in-love","In love","Apaixonado"
"in-love_2","I'm in love.","Estou apaixonado."
"in-love_3","I feel in love.","Eu me apaixonei."
"in-love_4","Are you in love?","Você está apaixonado?"
"in-love_5","I want to fall in love.","Eu quero me apaixonar."
"in-love_6","Do you love me?","Você me ama?"
"stressed","Stressed","Estressado"
"stressed_2","I'm stressed.","Eu estou estressado."
"stressed_3","I feel stressed.","Me sinto estressado."
"stressed_4","Do you feel stressed?","Você se sente estressado?"
"stressed_5","I don't want to feel stressed.","Não quero me sentir estressado."
"thankful","Thankful","Grato"
"thankful_2","I'm thankful.","Eu sou grato."
"thankful_3","I feel thankful.","Eu me sinto agradecido."
"thankful_4","Do you feel thankful?","Você se sente agradecido?"
"thankful_5","I want to feel thankful.","Eu quero me sentir agradecido."
"confused","Confused","Confuso"
"confused_2","I'm confused.","Estou confuso."
"confused_3","I feel confused.","Eu me sinto confuso."
"confused_4","Do you feel confused?","Você se sente confuso?"
"confused_5","You are confusing me.","Você está me confundindo."
"joyful","Joyful","Alegre"
"joyful_2","I'm joyful.","Eu estou alegre"
"joyful_3","I feel joyful.","Eu me sinto alegre."
"joyful_4","Do you feel joyful?","Você se sente alegre?"
"joyful_5","I want to feel joyful.","Eu quero me sentir alegre."
"angry","Angry","Bravo"
"angry_2","I'm angry.","Estou com fome."
"angry_3","I feel angry.","Eu sinto raiva."
"angry_4","Do you feel angry?","Você sente raiva?"
"angry_5","I'm angry at you.","Estou zangado contigo."
"angry_6","You are making me angry.","Você está me deixando com raiva."
"smart","Smart","Inteligente"
"smart_2","I'm smart.","Eu sou esperto."
"smart_3","I feel smart.","Eu me sinto inteligente."
"smart_4","Do you feel smart?","Você se sente inteligente?"
"smart_5","Am I smart?","Eu sou esperto?"
"smart_6","You are smart!","Você é inteligente!"
"afraid","Afraid","Receoso"
"afraid_2","I'm afraid.","Estou com medo."
"afraid_3","I feel afraid.","Eu sinto medo."
"afraid_4","Do you feel afraid?","Você sente medo?"
"afraid_5","I don't want to feel afraid.","Eu não quero sentir medo."
"afraid_6","You are scaring me.","Estás a assustar-me."
"ashamed","Ashamed","Envergonhado"
"ashamed_2","I'm ashamed.","Estou envergonhado."
"ashamed_3","I feel ashamed.","Eu me sinto envergonhado."
"ashamed_4","Do you feel ashamed?","Você sente vergonha?"
"ashamed_5","I don't want to feel ashamed.","Eu não quero sentir vergonha."
"shocked","Shocked","Chocado"
"shocked_2","I'm shocked.","Estou chocado."
"shocked_3","I feel shocked.","Eu me sinto chocado."
"shocked_4","Do you feel shocked?","Você se sente chocado?"
"shocked_5","You shocked me.","Você me chocou."
"sick","Sick","Doente"
"sick_2","I'm sick.","Eu estou doente."
"sick_3","I feel sick.","Estou enjoado."
"sick_4","Do you feel sick?","Você se sente doente?"
"sick_5","I don't want to be sick.","Eu não quero ficar doente."
"sick_6","I'm sick of the food.","Estou farto da comida."
"frustrated","Frustrated","Frustrado"
"frustrated_2","I'm frustrated.","Estou frustrado."
"frustrated_3","I feel frustrated.","Me sinto frustrado."
"frustrated_4","Do you feel frustrated?","Você se sente frustrado?"
"frustrated_5","I don't want to feel frustrated.","Eu não quero me sentir frustrado."
"excited","Excited","Animado"
"excited_2","I'm excited.","Estou animado."
"excited_3","I feel excited.","Eu me sinto animado."
"excited_4","Do you feel excited?","Você se sente animado?"
"excited_5","I don't want to feel excited.","Eu não quero me sentir animado."
"nauseated","Nauseated","Nauseado"
"nauseated_2","I'm nauseated.","Estou enjoada."
"nauseated_3","I feel nauseated.","Sinto náuseas."
"nauseated_4","Do you feel nauseated?","Você se sente enjoado?"
"nauseated_5","I don't want to feel nauseated.","Não quero me sentir enjoada."
"agitated","Agitated","Agitado"
"agitated_2","I'm agitated.","Estou agitado."
"agitated_3","I feel agitated.","Eu me sinto agitado."
"agitated_4","Do you feel agitated?","Você se sente agitado?"
"agitated_5","I don't want to feel agitated.","Não quero me sentir agitado."
"food","Food","Comida"
"hungry","Hungry","com fome"
"hungry_2","I'm hungry.","Eu estou com fome."
"hungry_3","Are you hungry?","Está com fome?"
"hungry_4","Can you make me food?","Você pode me fazer comida?"
"hungry_5","What is for dinner?","O que tem para o jantar?"
"thirsty","Thirsty","Com sede"
"thirsty_2","I'm thirsty.","Estou com sede."
"thirsty_3","Can I have some water?","Posso beber um pouco de água?"
"thirsty_4","Can I have a glass of water?","Posso tomar um copo de água?"
"thirsty_5","I want something to drink.","Eu quero algo para beber."
"cutlery","Cutlery","Talheres"
"cutlery_2","I need cutlery.","Eu preciso de talheres."
"cutlery_3","Help me use cutlery.","Ajude-me a usar talheres."
"cutlery_4","I need a fork.","Eu preciso de um garfo."
"cutlery_5","I need a spoon.","Eu preciso de uma colher"
"cutlery_6","I need chopsticks.","Eu preciso de pauzinhos."
"cutlery_7","I need a knife.","Eu preciso de uma faca"
"cutlery_8","I need a napkin.","Eu preciso de um guardanapo."
"apple","Apple","maçã"
"apple_2","I like apple.","Eu gosto de maçã."
"apple_3","I don't like apple.","Eu não gosto de maça"
"apple_4","I want to eat an apple.","Eu quero comer uma maça"
"carrot","Carrot","Cenoura"
"carrot_2","I like carrot.","Eu gosto de cenoura."
"carrot_3","I don't like carrot.","Eu não gosto de cenoura."
"carrot_4","I want to eat a carrot.","Eu quero comer uma cenoura."
"beans","Beans","Feijões"
"beans_2","I like beans.","Eu gosto de feijão"
"beans_3","I don't like beans.","Eu não gosto de feijão"
"beans_4","I want to eat beans.","Eu quero comer feijão"
"chicken_5","I want fried chicken.","Eu quero frango frito."
"chicken_6","I want boiled chicken.","Eu quero frango cozido."
"chocolate","Chocolate","Chocolate"
"chocolate_2","I like chocolate.","Eu gosto de chocolate."
"chocolate_3","I don't like chocolate.","Eu não gosto de chocolate"
"chocolate_4","I want to eat chocolate.","Eu quero comer chocolate"
"chocolate_5","I want dark chocolate.","Eu quero chocolate preto."
"chocolate_6","I want white chocolate.","Eu quero chocolate branco."
"milk","Milk","Leite"
"milk_2","I like milk.","Eu gosto de leite."
"milk_3","I don't like milk.","Eu não gosto de leite"
"milk_4","I want to drink milk.","Eu quero beber leite"
"milk_5","Can I have a glass of milk?","Posso tomar um copo de leite?"
"sandwich","Sandwich","Sanduíche"
"sandwich_2","I like sandwich.","Eu gosto de sanduíche."
"sandwich_3","I don't like sandwich.","Eu não gosto de sanduíche."
"sandwich_4","I want to eat a sandwich.","Eu quero comer um sanduíche."
"sandwich_5","Can you make me a sandwich?","Você pode me fazer um sanduíche?"
"steak","Steak","Bife"
"steak_2","I like steak.","Eu gosto de bife."
"steak_3","I don't like steak.","Eu não gosto de bife."
"steak_4","I want to eat steak.","Eu quero comer bife."
"steak_5","Can you cook steak for me?","Você pode cozinhar bife para mim?"
"banana","Banana","Banana"
"banana_2","I like banana.","Eu gosto de banana."
"banana_3","I don't like banana.","Eu não gosto de banana"
"banana_4","I want to eat a banana.","Eu quero comer uma banana"
"pie","Pie","Torta"
"pie_2","I like pie.","Eu gosto de torta."
"pie_3","I don't like pie.","Eu não gosto de torta."
"pie_4","I want to eat pie.","Eu quero comer torta."
"pie_5","Can you bake a pie for me?","Você pode fazer uma torta para mim?"
"egg","Egg","Ovo"
"egg_2","I like egg.","Eu gosto de ovo"
"egg_3","I don't like egg.","Eu não gosto de ovo"
"egg_4","I want to eat egg.","Eu quero comer ovo"
"egg_5","I want fried eggs.","Eu quero ovos fritos."
"egg_6","I want boiled eggs.","Eu quero ovos cozidos."
"noodles","Noodles","Macarrão"
"noodles_2","I like noodles.","Eu gosto de macarrão."
"noodles_3","I don't like noodles.","Eu não gosto de macarrão."
"noodles_4","I want to eat noodles.","Eu quero comer macarrão."
"noodles_5","Can you cook noodles for me?","Você pode cozinhar macarrão para mim?"
"salt","Salt","Sal"
"salt_2","I want salt.","Eu quero sal"
"salt_3","Can you pass me the salt?","Você pode me passar o sal?"
"salt_4","Food is too salty.","A comida é muito salgada."
"salt_5","My food needs some salt.","Minha comida precisa de um pouco de sal."
"spices","Spices","Especiarias"
"spices_2","I like spicy food.","Eu gosto de comida apimentada."
"spices_3","I don't like spicy food.","Eu não gosto de comida apimentada."
"spices_4","I want paprika.","Eu quero páprica."
"spices_5","I want black pepper.","Eu quero pimenta preta."
"pizza","Pizza","pizza"
"pizza_2","I like pizza.","Eu gosto de pizza."
"pizza_3","I don't like pizza.","Eu não gosto de pizza"
"pizza_4","I want to eat pizza.","Eu quero comer pizza."
"pizza_5","Can you cook pizza for me?","Você pode cozinhar pizza para mim?"
"pizza_6","Can we order pizza?","Podemos pedir pizza?"
"cheese","Cheese","Queijo"
"cheese_2","I like cheese.","Eu gosto de queijo."
"cheese_3","I don't like cheese.","Eu não gosto de queijo"
"cheese_4","I want to eat cheese.","Eu quero comer queijo"
"ice-cream","Ice cream","Sorvete"
"ice-cream_2","I like ice cream.","Eu gosto de sorvete."
"ice-cream_3","I don't like ice cream.","Eu não gosto de sorvete."
"ice-cream_4","I want to eat ice cream.","Eu quero comer sorvete."
"ice-cream_5","Can you buy ice cream for me?","Você pode comprar sorvete para mim?"
"tea","Tea","Chá"
"tea_2","I like tea.","Eu gosto de chá."
"tea_3","I don't like tea.","Eu não gosto de chá"
"tea_4","I want to drink tea.","Eu quero beber chá"
"tea_5","Can you make tea for me?","Você pode fazer chá para mim?"
"coffee","Coffee","Café"
"coffee_2","I like coffee.","Eu gosto de café."
"coffee_3","I don't like coffee.","Eu não gosto de café"
"coffee_4","I want to drink coffee.","Eu quero beber café."
"coffee_5","Can you make coffee for me?","Você pode fazer café para mim?"
"tomato","Tomato","Tomate"
"tomato_2","I like tomato.","Eu gosto de tomate"
"tomato_3","I don't like tomato.","Eu não gosto de tomate"
"tomato_4","I want to eat tomato.","Eu quero comer tomate"
"cereal","Cereal","Cereal"
"cereal_2","I like cereal.","Eu gosto de cereais"
"cereal_3","I don't like cereal.","Eu não gosto de cereais"
"cereal_4","I want to eat cereal.","Eu quero comer cereal"
"cereal_5","Can you make my cereal?","Você pode fazer meu cereal?"
"burger","Burger","Hamburguer"
"burger_2","I like burger.","Eu gosto de hambúrguer."
"burger_3","I don't like burger.","Eu não gosto de hambúrguer."
"burger_4","I want to eat burger.","Eu quero comer hambúrguer."
"burger_5","Can you cook burger for me?","Você pode cozinhar hambúrguer para mim?"
"burger_6","Can we order burger?","Podemos pedir hambúrguer?"
"french-fries","French fries","batatas fritas"
"french-fries_2","I like french fries.","Eu gosto de batatas fritas."
"french-fries_3","I don't like french fries.","Eu não gosto de batatas fritas."
"french-fries_4","I want to eat french fries.","Eu quero comer batatas fritas."
"french-fries_5","Can you cook french fries for me?","Você pode cozinhar batatas fritas para mim?"
"french-fries_6","Can we order french fries?","Podemos pedir batatas fritas?"
"spinach","Spinach","Espinafre"
"spinach_2","I like spinach.","Eu gosto de espinafre."
"spinach_3","I don't like spinach.","Eu não gosto de espinafre."
"spinach_4","I want to eat spinach.","Eu quero comer espinafre."
"rice","Rice","Arroz"
"rice_2","I like rice.","Eu gosto de arroz."
"rice_3","I don't like rice.","Eu não gosto de arroz"
"rice_4","I want to eat rice.","Eu quero comer arroz."
"rice_5","Can you cook rice for me?","Você pode cozinhar arroz para mim?"
"bread","Bread","Pão"
"bread_2","I like bread.","Eu gosto de pão."
"bread_3","I don't like bread.","Eu não gosto de pão"
"bread_4","I want to eat bread.","Eu quero comer pão"
"bread_5","Can you buy some bread?","Você pode comprar pão?"
"pasta","Pasta","Massa"
"pasta_2","I like pasta.","Eu gosto de massas."
"pasta_3","I don't like pasta.","Eu não gosto de macarrão"
"pasta_4","I want to eat pasta.","Eu quero comer macarrão"
"pasta_5","Can you cook pasta for me?","Você pode cozinhar macarrão para mim?"
"sauce","Sauce","Molho"
"sauce_2","I like sauce.","Eu gosto de molho"
"sauce_3","I don't like sauce.","Eu não gosto de molho."
"sauce_4","I want some sauce.","Eu quero um pouco de molho."
"sauce_5","Can I have ketchup?","Posso tomar ketchup?"
"sauce_6","Can I have mayonnaise?","Posso comer maionese?"
"sauce_7","Can I have mustard?","Posso ter mostarda?"
"sauce_8","Can I have ranch sauce?","Posso tomar molho no rancho?"
"kebab","Kebab","Churrasquinho"
"kebab_2","I like kebab.","Eu gosto de kebab."
"kebab_3","I don't like kebab.","Eu não gosto de kebab."
"kebab_4","I want to eat kebab.","Eu quero comer kebab."
"kebab_5","Can you cook kebab for me?","Você pode cozinhar kebab para mim?"
"kebab_6","Can we order kebab?","Podemos pedir kebab?"
"numbers","Numbers","Números"
"one","One","1"
"one_2","One comes before two.","Um vem antes dos dois."
"one_3","One comes after zero.","Um vem depois de zero."
"one_4","I want one.","Eu quero um."
"two","Two","Dois"
"two_2","Two comes before three.","Dois vem antes das três."
"two_3","Two comes after one.","Dois vem depois de um."
"two_4","I want two.","Eu quero dois"
"three","Three","Três"
"three_2","Three comes before four.","Três vem antes das quatro."
"three_3","Three comes after two.","Três vem depois das duas."
"three_4","I want three.","Eu quero tres."
"four","Four","Quatro"
"four_2","Four comes before five.","Quatro vem antes das cinco."
"four_3","Four comes after three.","Quatro vem depois das três."
"four_4","I want four.","Eu quero quatro."
"five","Five","Cinco"
"five_2","Five comes before six.","Cinco vem antes das seis."
"five_3","Five comes after four.","Cinco vem depois das quatro."
"five_4","I want five.","Eu quero cinco."
"six","Six","Seis"
"six_2","Six comes before seven.","Seis vem antes das sete."
"six_3","Six comes after five.","Seis vem depois das cinco."
"six_4","I want fix.","Eu quero consertar."
"seven","Seven","Sete"
"seven_2","Seven comes before eight.","Sete vem antes das oito."
"seven_3","Seven comes after six.","Sete vem depois das seis."
"seven_4","I want seven.","Eu quero sete."
"eight","Eight","Oito"
"eight_2","Eight comes before nine.","Oito vem antes das nove."
"eight_3","Eight comes after seven.","Oito vem depois das sete."
"eight_4","I want eight.","Eu quero oito."
"nine","Nine","Nove"
"nine_2","Nine comes before ten.","Nove vem antes das dez."
"nine_3","Nine comes after eight.","Nove vem depois das oito."
"nine_4","I want nine.","Eu quero nove."
"ten","Ten","Dez"
"ten_2","Ten comes before eleven.","Dez vem antes das onze."
"ten_3","Ten comes after nine.","Dez vem depois das nove."
"ten_4","I want ten.","Eu quero dez."
"eleven","Eleven","Onze"
"eleven_2","Eleven comes before thirteen.","Onze vem antes das treze."
"eleven_3","Eleven comes after ten.","Onze depois das dez."
"eleven_4","I want eleven.","Eu quero onze."
"twenty","Twenty","Vinte"
"twenty_2","I can count up to twenty.","Eu posso contar até vinte."
"thirty","Thirty","Trinta"
"thirty_2","I can count up to thirty.","Eu posso contar até trinta."
"forty","Forty","Quarenta"
"forty_2","I can count up to forty.","Eu posso contar até quarenta."
"fifty","Fifty","Cinquenta"
"fifty_2","I can count up to fifty.","Eu posso contar até cinquenta."
"hundred","Hundred","Cem"
"hundred_2","I can count up to hundred.","Eu posso contar até cem."
"thousand","Thousand","Mil"
"thousand_2","I can count up to thousand.","Eu posso contar até mil."
"calculator","Calculator","Calculadora"
"calculator_2","I want to use a calculator.","Eu quero usar uma calculadora."
"calculator_3","Can you teach me how to use a calculator?","Você pode me ensinar como usar uma calculadora?"
"calculator_4","Can I barrow your calculator?","Posso carregar sua calculadora?"
"people","People","Pessoas"
"mother","Mother","Mãe"
"mother_2","Mommy!","Mamãe!"
"mother_3","I love my mother.","Eu amo minha mãe."
"mother_4","I love you mom.","Eu te amo, mãe."
"mother_5","I miss my mom.","Sinto falta da minha mãe."
"mother_6","Thank you for taking care of me.","Obrigado por cuidar de mim."
"mother_7","She is my mom.","Ela é minha mãe."
"mother_8","Can you help me find my mother?","Você pode me ajudar a encontrar minha mãe?"
"father","Father","Pai"
"father_2","Daddy!","Papai!"
"father_3","I love my father.","Eu amo meu pai."
"father_4","I love you dad.","Eu amo você pai."
"father_5","I miss my dad.","Sinto falta do meu pai."
"father_6","Thank you for taking care of me.","Obrigado por cuidar de mim."
"father_7","He is my dad.","Ele é meu pai."
"father_8","Can you help me find my father?","Você pode me ajudar a encontrar meu pai?"
"parents","Parents","Pais"
"parents_2","I love my parents.","Eu amo meus pais."
"parents_3","I love my parents.","Eu amo meus pais."
"parents_4","I miss my parents.","Sinto saudade dos meus pais."
"parents_5","They are my parents.","Eles são meus pais."
"parents_6","My parents are taking care of me.","Meus pais estão cuidando de mim."
"parents_8","Can you help me find my parents?","Você pode me ajudar a encontrar meus pais?"
"grandparents","Grandparents","Avós"
"grandparents_2","I love my grandparents.","Eu amo meus avós."
"grandparents_3","I love you grandparents.","Eu te amo avós."
"grandparents_4","I miss my grandparents.","Sinto falta dos meus avós."
"grandparents_5","They are my grandparents.","Eles são meus avós."
"grandparents_6","My grandparents are taking care of me.","Meus avós estão cuidando de mim."
"grandparents_8","Can you help me find my grandparents?","Você pode me ajudar a encontrar meus avós?"
"brother","Brother","Irmão"
"brother_2","I love my brother.","Eu amo meu irmão."
"brother_3","I love you brother.","Eu te amo, irmão."
"brother_4","I miss my brother.","Sinto falta do meu irmão."
"brother_5","He is my brother.","Ele é meu irmão."
"brother_6","My brother is taking care of me.","Meu irmão está cuidando de mim."
"brother_8","Can you help me find my brother?","Você pode me ajudar a encontrar meu irmão?"
"sister","Sister","Irmã"
"sister_2","I love my sister.","Eu amo minha irmã."
"sister_3","I love you sister.","Eu te amo, irmã."
"sister_4","I miss my sister.","Sinto saudades da minha irmã."
"sister_5","She is my sister.","Ela é minha irmã."
"sister_6","My sister is taking care of me.","Minha irmã está cuidando de mim."
"sister_8","Can you help me find my sister?","Você pode me ajudar a encontrar minha irmã?"
"uncle","Uncle","Tio"
"uncle_2","I love my uncle.","Eu amo meu tio."
"uncle_3","I love you uncle.","Eu te amo tio."
"uncle_4","I miss my uncle.","Sinto falta do meu tio."
"uncle_5","He is my uncle.","Ele é meu tio."
"uncle_8","Can you help me find my uncle?","Você pode me ajudar a encontrar meu tio?"
"aunt","Aunt","Tia"
"aunt_2","I love my aunt.","Eu amo minha tia."
"aunt_3","I love you aunt.","Eu te amo tia."
"aunt_4","I miss my aunt.","Sinto falta da minha tia."
"aunt_5","She is my aunt.","Ela é minha tia."
"aunt_8","Can you help me find my aunt?","Você pode me ajudar a encontrar minha tia?"
"teacher","Teacher","Professor"
"teacher_2","I love my teacher.","Eu amo meu professor."
"teacher_3","I love you teacher.","Eu te amo, professor."
"teacher_4","I don't like my teacher.","Eu não gosto da minha professora."
"teacher_5","I miss my teacher.","Sinto falta da minha professora."
"teacher_6","Thank you for the lesson.","Obrigado pela lição."
"therapist","Therapist","Terapeuta"
"therapist_2","I love my therapist.","Eu amo meu terapeuta."
"therapist_3","I love you therapist.","Eu te amo terapeuta."
"therapist_4","I don't like my therapist.","Eu não gosto do meu terapeuta."
"therapist_5","I miss my therapist.","Sinto falta do meu terapeuta."
"therapist_6","Thank you for the session.","Obrigado pela sessão."
"doctor","Doctor","Médico"
"doctor_2","I love my doctor.","Eu amo meu médico."
"doctor_3","I love you doctor.","Eu te amo doutor"
"doctor_4","I don't like my doctor.","Eu não gosto do meu médico."
"doctor_5","I miss my doctor.","Sinto falta do meu médico."
"doctor_6","Thank you for healing me.","Obrigado por me curar."
"friends","Friends","Amigos"
"friends_2","I love my friends.","Eu amo meus amigos."
"friends_3","Do you want to be my friend?","Você quer ser meu amigo?"
"friends_4","I don't like my friends.","Eu não gosto dos meus amigos."
"friends_5","I miss my friends.","Eu sinto falta dos meus amigos."
"friends_6","They are my friends.","Eles são meus amigos."
"friends_7","Thank you for playing with me.","Obrigado por brincar comigo."
"cousins","Cousins","Primos"
"cousins_2","I love my cousins.","Eu amo meus primos."
"cousins_3","I don't have cousins.","Eu não tenho primos."
"cousins_4","I miss my cousins.","Sinto falta dos meus primos."
"cousins_5","They are my cousins.","Eles são os meus primos."
"grandmother","Grandmother","Avó"
"grandmother_2","I love my grandmother.","Eu amo minha avó."
"grandmother_3","I love you grandma.","Eu te amo avó."
"grandmother_4","I miss my grandma.","Sinto falta da minha avó."
"grandmother_5","She is my grandma.","Ela é minha avó."
"grandfather","Grandfather","Avô"
"grandfather_2","I love my grandfather.","Eu amo meu avô."
"grandfather_3","I love you grandpa.","Eu te amo Vovô."
"grandfather_4","I miss my grandpa.","Sinto falta do meu avô."
"grandfather_5","He is my grandpa.","Ele é meu avô."
"stepfather","Stepfather","Padrasto"
"stepfather_2","I love my stepfather.","Eu amo meu padrasto."
"stepfather_3","He is my stepfather.","Ele é meu padrasto."
"stepfather_4","I miss my stepfather.","Sinto falta do meu padrasto."
"stepfather_5","He is my stepfather.","Ele é meu padrasto."
"stepmother","Stepmother","Madrasta"
"stepmother_2","I love my stepmother.","Eu amo minha madrasta."
"stepmother_3","She is my stepmother.","Ela é minha madrasta."
"stepmother_4","I miss my stepmother.","Sinto falta da minha madrasta."
"stepmother_5","She is my stepmother.","Ela é minha madrasta."
"stepsister","Stepsister","Meia-irmã"
"stepsister_2","I love my stepsister.","Eu amo minha meia-irmã."
"stepsister_3","She is my stepsister.","Ela é minha meia-irmã."
"stepsister_4","I miss my stepsister.","Sinto falta da minha meia-irmã."
"stepsister_5","She is my stepsister.","Ela é minha meia-irmã."
"stepbrother","Stepbrother","Meio-irmão"
"stepbrother_2","I love my stepbrother.","Eu amo meu meio-irmão."
"stepbrother_3","He is my stepbrother.","Ele é meu meio-irmão."
"stepbrother_4","I miss my stepbrother.","Sinto falta do meu meio-irmão."
"stepbrother_5","He is my stepbrother.","Ele é meu meio-irmão."
"half-brother","Half brother","Meio irmão"
"half-brother_2","I love my half brother.","Eu amo meu meio-irmão."
"half-brother_3","He is my half brother.","Ele é meu meio-irmão."
"half-brother_4","I miss my half brother.","Sinto falta do meu meio-irmão."
"half-brother_5","He is my half brother.","Ele é meu meio-irmão."
"half-sister","Half sister","Meia-irmã"
"half-sister_2","I love my half sister.","Eu amo minha meia-irmã."
"half-sister_3","She is my half sister.","Ela é minha meia-irmã."
"half-sister_4","I miss my half sister.","Sinto falta da minha meia-irmã."
"half-sister_5","She is my half sister.","Ela é minha meia-irmã."
"quarantine","Quarantine","Quarentena"
"protective-mask","Protective mask","Máscara protetora"
"stay-home","Stay home","Ficar em casa"
"toilet-paper","Toilet paper","Papel higiênico"
"sprayer","Sprayer","Pulverizador"
"disinfectant","Disinfectant","Desinfetante"
"thermometer","Thermometer","Termômetro"
"coughing","Coughing","Tosse"
"medical-assistance","Medical assistance","Assistência médica"
"hand-sanitizer","Hand sanitizer","Desinfetante para as mãos"
"gloves","Gloves","Luvas"
"social-distancing","Social distancing","Distanciamento social"
"mouth-mask","Mouth mask","Máscara boca"
"pandemic","Pandemic","Pandemia"
"working-at-home","Working at home","Trabalhando em casa"
"wet-wipes","Wet wipes","Lenços umedecidos"
"first-aid-kit","First aid kit","Kit de primeiros socorros"
"fitness","Fitness","Ginástica"
"e-learning","E-learning","E-learning"
"virus","Virus","Vírus"
"cleaning","Cleaning","Limpeza"
"school","School","Escola"
"desk","Desk","Escrivaninha"
"desk_2","Can I use this desk?","Posso usar esta mesa?"
"desk_3","Which desk is mine?","Qual mesa é minha?"
"desk_4","I spilled on my desk.","Eu derramei na minha mesa."
"desk_5","Don't scratch your desk.","Não arranhe sua mesa."
"chair","Chair","Cadeira"
"chair_2","Can I sit with you?","Posso me sentar com você?"
"chair_3","Which chair is mine?","Qual cadeira é minha?"
"chair_4","Is this chair taken?","Esta cadeira está ocupada?"
"chair_5","I spilled on my chair.","Eu derramei na minha cadeira."
"book","Book","Livro"
"book_2","Textbook","Livro didático"
"book_3","Workbook","Pasta de trabalho"
"book_4","Reading a book.","Lendo um livro."
"book_5","Can I borrow your book?","Posso emprestar seu livro?"
"book_6","Which page are we at?","Em que página estamos?"
"book_7","Flip the page.","Virar a página."
"book_8","I lost my book.","Eu perdi meu livro"
"notebook","Notebook","Caderno"
"notebook_2","Taking notes.","Tomando notas."
"notebook_3","I'm taking notes.","Estou anotando."
"notebook_4","I lost my notebook.","Perdi meu caderno."
"backpack","Backpack","Mochila"
"backpack_2","Carrying my backpack.","Carregando minha mochila."
"backpack_3","Putting my books in my backpack.","Colocando meus livros na minha mochila."
"backpack_4","I need a new backpack.","Eu preciso de uma mochila nova."
"backpack_5","Thank you for carrying my backpack.","Obrigado por carregar minha mochila."
"backpack_6","I lost my backpack.","Perdi minha mochila."
"backpack_7","My backpack is heavy.","Minha mochila é pesada."
"blackboard","Blackboard","Quadro-negro"
"blackboard_2","Look at the blackboard.","Olha para o quadro."
"blackboard_3","Cleaning the blackboard.","Limpando o quadro-negro."
"blackboard_4","Solving the problem on the blackboard.","Resolvendo o problema no quadro-negro."
"blackboard_5","Taking note on the blackboard.","Tomando nota no quadro-negro."
"blackboard_6","Give me a chalk.","Me dê um giz."
"teacher_7","I don't like this topic.","Eu não gosto deste tópico."
"teacher_8","Thank you for the lesson.","Obrigado pela lição."
"school-bus","School bus","Ônibus escolar"
"school-bus_2","School bus is coming.","O ônibus escolar está chegando."
"school-bus_3","Can I sit next to you?","Posso sentar ao seu lado?"
"school-bus_4","Thank you bus driver!","Obrigado motorista!"
"school-bus_5","School bus was late.","O ônibus escolar estava atrasado."
"pencil","Pencil","Lápis"
"pencil_2","I'm writing.","Estou escrevendo."
"pencil_3","I'm learning to write.","Estou aprendendo a escrever."
"pencil_4","I need a new pencil.","Eu preciso de um novo lápis."
"pencil_5","Can I borrow your pencil?","Posso emprestar seu lápis?"
"pencil_6","I lost my pencil.","Eu perdi meu lápis"
"eraser","Eraser","Apagador"
"eraser_2","I'm erasing.","Estou apagando."
"eraser_3","I need a new eraser.","Eu preciso de uma nova borracha."
"eraser_4","Can I borrow your eraser?","Posso emprestar a sua borracha?"
"eraser_5","I lost my eraser.","Eu perdi minha borracha."
"ruler","Ruler","governante"
"ruler_2","I'm measuring.","Estou medindo."
"ruler_3","I need a new ruler.","Eu preciso de uma nova régua."
"ruler_4","Can I borrow your ruler?","Posso emprestar sua régua?"
"ruler_5","I lost my ruler.","Eu perdi minha régua."
"sharpener","Sharpener","Apontador"
"sharpener_2","I'm sharpening my pencil.","Estou afiando meu lápis."
"sharpener_3","I need a new sharpener.","Eu preciso de um novo apontador."
"sharpener_4","Can I borrow your sharpener?","Posso pegar seu apontador emprestado?"
"sharpener_5","I lost my sharpener.","Perdi meu apontador."
"mathematics","Mathematics","Matemática"
"mathematics_2","I like mathematics.","Eu gosto de matemática"
"mathematics_3","I want to study mathematics.","Eu quero estudar matemática."
"mathematics_4","I don't like mathematics.","Eu não gosto de matemática"
"mathematics_5","When is mathematics class?","Quando é a aula de matemática?"
"mathematics_6","Can you help me with my mathematics homework?","Você pode me ajudar com minha lição de matemática?"
"literature","Literature","Literatura"
"literature_2","I like literature.","Eu gosto de literatura"
"literature_3","I want to study literature.","Eu quero estudar literatura."
"literature_4","I don't like literature.","Eu não gosto de literatura"
"literature_5","When is literature class?","Quando é a aula de literatura?"
"literature_6","Can you help me with my literature homework?","Você pode me ajudar com minha lição de casa de literatura?"
"science","Science","Ciência"
"science_2","I like science.","Eu gosto de Ciências."
"science_3","I want to study science.","Eu quero estudar ciências."
"science_4","I don't like science.","Eu não gosto de ciência."
"science_5","When is science class?","Quando é a aula de ciências?"
"science_6","Can you help me with my science homework?","Você pode me ajudar com minha lição de ciência?"
"art-class","Art class","Aula de arte"
"art-class_2","I like art class.","Eu gosto de aula de arte."
"art-class_3","I want to practice art skills.","Eu quero praticar habilidades artísticas."
"art-class_4","I don't like art class.","Eu não gosto de aula de arte."
"art-class_5","When is art class?","Quando é a aula de arte?"
"art-class_6","Can you help me with my art class homework?","Você pode me ajudar com a lição de casa da aula de arte?"
"music-class","Music class","Aula de música"
"music-class_2","I like music class.","Eu gosto de aula de música."
"music-class_3","I want to practice music skills.","Eu quero praticar habilidades musicais."
"music-class_4","I don't like music class.","Eu não gosto de aula de música."
"music-class_5","When is music class?","Quando é a aula de música?"
"music-class_6","Can you help me with my music class homework?","Você pode me ajudar com a lição de casa da aula de música?"
"geography","Geography","Geografia"
"geography_2","I like geography.","Eu gosto de geografia"
"geography_3","I want to study geography.","Eu quero estudar geografia."
"geography_4","I don't like geography.","Eu não gosto de geografia"
"geography_5","When is geography?","Quando é a geografia?"
"geography_6","Can you help me with my geography homework?","Você pode me ajudar com meus deveres de geografia?"
"telescope","Telescope","Telescópio"
"telescope_2","I'm using the telescope.","Estou usando o telescópio."
"telescope_3","I want to use the telescope.","Eu quero usar o telescópio."
"telescope_4","I want to look at the stars.","Eu quero olhar para as estrelas."
"glue","Glue","Cola"
"glue_2","I'm using glue.","Estou usando cola."
"glue_3","I need a new glue.","Eu preciso de uma nova cola."
"glue_4","Can I borrow your glue?","Posso emprestar sua cola?"
"glue_5","I lost my glue.","Eu perdi minha cola."
"shapes","Shapes","Formas"
"circle","Circle","Círculo"
"circle_2","This is circle shaped.","Isto é em forma de círculo."
"circle_3","Can you teach me how to draw a circle?","Você pode me ensinar como desenhar um círculo?"
"triangle","Triangle","Triângulo"
"triangle_2","This is triangle shaped.","Isto é em forma de triângulo."
"triangle_3","Can you teach me how to draw a triangle?","Você pode me ensinar como desenhar um triângulo?"
"square","Square","Quadrado"
"square_2","This is square shaped.","Isto é quadrado."
"square_3","Can you teach me how to draw a square?","Você pode me ensinar como desenhar um quadrado?"
"rectangle","Rectangle","Retângulo"
"rectangle_2","This is rectangle shaped.","Isso é retangular."
"rectangle_3","Can you teach me how to draw a rectangle?","Você pode me ensinar como desenhar um retângulo?"
"star","Star","Estrela"
"star_2","This is star shaped.","Isto é em forma de estrela."
"star_3","Can you teach me how to draw a star?","Você pode me ensinar como desenhar uma estrela?"
"pentagon","Pentagon","Pentágono"
"pentagon_2","This is pentagon shaped.","Isso é em forma de pentágono."
"pentagon_3","Can you teach me how to draw a pentagon?","Você pode me ensinar como desenhar um pentágono?"
"hexagon","Hexagon","Hexágono"
"hexagon_2","This is hexagon shaped.","Isso é hexagonal."
"hexagon_3","Can you teach me how to draw a hexagon?","Você pode me ensinar como desenhar um hexágono?"
"cross","Cross","Cruz"
"cross_2","This is cross shaped.","Isto é em forma de cruz."
"cross_3","Can you teach me how to draw a cross?","Você pode me ensinar como desenhar uma cruz?"
"ellipse","Ellipse","Elipse"
"ellipse_2","This is ellipse shaped.","Esta é a forma de elipse."
"ellipse_3","Can you teach me how to draw a ellipse?","Você pode me ensinar como desenhar uma elipse?"
"arrow","Arrow","Seta"
"arrow_2","This is arrow shaped.","Isto é em forma de flecha."
"arrow_3","Can you teach me how to draw a arrow?","Você pode me ensinar como desenhar uma flecha?"
"crescent","Crescent","Crescente"
"crescent_2","This is crescent shaped.","Este é em forma de crescente."
"crescent_3","Can you teach me how to draw a crescent?","Você pode me ensinar como desenhar um crescente?"
"heart","Heart","Coração"
"heart_2","This is heart shaped.","Isto é em forma de coração."
"heart_3","Can you teach me how to draw a heart?","Você pode me ensinar como desenhar um coração?"
"rhombus","Rhombus","Rhombus"
"rhombus_2","This is rhombus shaped.","Este é em forma de losango."
"rhombus_3","Can you teach me how to draw a rhombus?","Você pode me ensinar como desenhar um losango?"
"ring","Ring","Anel"
"ring_2","This is ring shaped.","Isto é em forma de anel."
"ring_3","Can you teach me how to draw a ring?","Você pode me ensinar como desenhar um anel?"
"semicircle","Semicircle","Semicírculo"
"semicircle_2","This is semicircle shaped.","Isso é em forma de semicírculo."
"semicircle_3","Can you teach me how to draw a semicircle?","Você pode me ensinar como desenhar um semicírculo?"
"trapezoid","Trapezoid","Trapézio"
"trapezoid_2","This is trapezoid shaped.","Isso é trapezoidal."
"trapezoid_3","Can you teach me how to draw a trapezoid?","Você pode me ensinar como desenhar um trapézio?"
"cube","Cube","Cubo"
"cube_2","This is cube shaped.","Isto é em forma de cubo."
"cube_3","Can you teach me how to draw a cube?","Você pode me ensinar como desenhar um cubo?"
"cylinder","Cylinder","Cilindro"
"cylinder_2","This is cylinder shaped.","Isto é em forma de cilindro."
"cylinder_3","Can you teach me how to draw a cylinder?","Você pode me ensinar como desenhar um cilindro?"