"activities","Activities","Activități"
"walking","Walking","Mersul pe jos"
"walking_2","I like walking","Îmi place să merg pe jos"
"walking_3","I don't like walking","Nu-mi place să merg"
"walking_4","Do you want to walk together?","Vrei să mergi împreună?"
"running","Running","Alergare"
"running_2","I like running.","Îmi place să alerg."
"running_3","I don't like running.","Nu-mi place să alerg."
"running_4","Do you want to go running?","Vrei să alergi?"
"talking","Talking","vorbind"
"talking_2","I like talking.","Îmi place să vorbesc."
"talking_3","I don't like talking.","Nu-mi place să vorbesc."
"talking_4","Do you want to talk with me?","Vrei sa vorbesti cu mine?"
"reading","Reading","Citind"
"reading_2","I like reading.","Îmi place să citesc."
"reading_3","I don't like reading.","Nu-mi place să citesc."
"reading_4","Do you want to read together?","Vrei să citești împreună?"
"football","Football","Fotbal"
"football_2","I like playing football.","Imi place sa joc fotbal."
"football_3","I don't like playing football.","Nu-mi place să joc fotbal."
"football_4","Do you want to play football?","Vrei sa joci fotbal?"
"basketball","Basketball","Baschet"
"basketball_2","I like playing basketball.","Imi place sa joc baschet."
"basketball_3","I don't like playing basketball.","Nu-mi place să joc baschet."
"basketball_4","Do you want to play basketball?","Vrei să joci baschet?"
"swimming","Swimming","Înot"
"swimming_2","I like swimming.","Îmi place înotul."
"swimming_3","I don't like swimming.","Nu-mi place să înot."
"swimming_4","Do you want to go to swimming?","Vrei să mergi la înot?"
"painting","Painting","pictura"
"painting_2","I like painting.","Îmi place să pictez."
"painting_3","I don't like painting.","Nu-mi place să pictez."
"painting_4","Do you want to paint together?","Vrei să pictezi împreună?"
"drawing","Drawing","Desen"
"drawing_2","I like drawing.","Îmi place să desenez."
"drawing_3","I don't like drawing.","Nu-mi place să desenez."
"drawing_4","Do you want to draw together?","Vrei să desenezi împreună?"
"cycling","Cycling","Ciclism"
"cycling_2","I like cycling.","Îmi place ciclismul."
"cycling_3","I don't like cycling.","Nu-mi place ciclismul."
"cycling_4","Do you want to go cycling?","Vrei să mergi cu bicicleta?"
"skating","Skating","Patinaj"
"skating_2","I like skating.","Îmi place patinajul."
"skating_3","I don't like skating.","Nu-mi place patinajul."
"skating_4","Do you want to go skating?","Vrei să mergi la patinaj?"
"sightseeing","Sightseeing","Turistic"
"sightseeing_2","I like sightseeing.","Îmi plac obiectivele turistice."
"sightseeing_3","I don't like sightseeing.","Nu-mi plac obiectivele turistice."
"sightseeing_4","Do you want to go for sightseeing?","Vrei să mergi la vizitarea obiectivelor turistice?"
"video-games","Video games","Jocuri video"
"video-games_2","I like playing video games.","Îmi place să joc jocuri video."
"video-games_3","I don't like playing video games.","Nu-mi place să joc jocuri video."
"video-games_4","Do you want to play games?","Vrei să joci jocuri?"
"tidying","Tidying","tidying"
"tidying_2","I like tidying my room.","Îmi place să-mi îngrijesc camera."
"tidying_3","I don't like tidying my room.","Nu-mi place să-mi îngrijesc camera."
"tidying_4","Can you help me tidy my room?","Poți să mă ajuți să-mi aranjez camera?"
"toys","Toys","Jucării"
"toys_2","I like toys.","Îmi plac jucăriile."
"toys_3","I don't like toys.","Nu-mi plac jucăriile."
"toys_4","Do you want to play with my toys?","Vrei să te joci cu jucăriile mele?"
"puzzle","Puzzle","Puzzle"
"puzzle_2","I like solving puzzle.","Îmi place să rezolv puzzle."
"puzzle_3","I don't like solving puzzle.","Nu-mi place să rezolv puzzle."
"puzzle_4","Do you want to solve puzzles with me?","Vrei să rezolvi puzzle-uri cu mine?"
"comics","Comics","Benzi desenate"
"comics_2","I like reading comics.","Îmi place să citesc benzi desenate."
"comics_3","I don't like reading comics.","Nu-mi place să citesc benzi desenate."
"comics_4","Do you want to read comics?","Vrei să citești benzi desenate?"
"chess","Chess","Şah"
"chess_2","I like playing chess.","Îmi place să joace șah."
"chess_3","I don't like playing chess.","Nu-mi place să joace șah."
"chess_4","Do you want to play chess with me?","Vrei să joci șah cu mine?"
"using-leeloo","Using Leeloo","Folosind Leeloo"
"using-leeloo_2","I like using leeloo.","Îmi place să folosesc leeloo."
"using-leeloo_3","I don't like using leeloo.","Nu-mi place să folosesc leeloo."
"using-leeloo_4","Can you change card packs on leeloo?","Puteți schimba pachetele de carduri pe leeloo?"
"texting","Texting","Scriind"
"texting_2","I like texting.","Îmi place textul."
"texting_3","I don't like texting.","Nu-mi place textul."
"knitting","Knitting","Tricotare"
"knitting_2","I like knitting.","Îmi place să tricot."
"knitting_3","I don't like knitting.","Nu-mi place să tricot."
"knitting_4","I want to learn how to knit.","Vreau să învăț cum să tricot."
"bowling","Bowling","Bowling"
"bowling_2","I like bowling.","Îmi place bowling-ul."
"bowling_3","I don't like bowling.","Nu-mi place bowling-ul."
"bowling_4","Do you want to play bowling with me?","Vrei să joci bowling cu mine?"
"watching-tv","Watching TV","Uitând la TV"
"watching-tv_2","I like watching tv.","Îmi place să mă uit la TV."
"watching-tv_3","I don't like watching tv.","Nu-mi place să mă uit la televizor."
"watching-tv_4","Do you want to watch tv?","Vrei să te uiți la televizor?"
"fishing","Fishing","Pescuit"
"fishing_2","I like fishing.","Îmi place pescuitul."
"fishing_3","I don't like fishing.","Nu-mi place să pescuiesc."
"fishing_4","Do you want to go to fishing?","Vrei să mergi la pescuit?"
"exercising","Exercising","exercitarea"
"exercising_2","I like exercising.","Îmi place să fac exerciții fizice."
"exercising_3","I don't like exercising.","Nu-mi place să fac exerciții fizice."
"exercising_4","Do you want to exercise with me?","Vrei să exerciți cu mine?"
"tennis","Tennis","Tenis"
"tennis_2","I like playing tennis.","Îmi place să joc tenis."
"tennis_3","I don't like playing tennis.","Nu-mi place să joc tenis."
"tennis_4","Do you want to play tennis with me?","Vrei să joci tenis cu mine?"
"animals","Animals","animale"
"cat","Cat","Pisică"
"cat_2","I like cats.","Imi plac pisicile."
"cat_3","I saw a cat.","Am văzut o pisică."
"cat_4","What noise does a cat make?","Ce zgomot produce o pisică?"
"cat_5","Can we get a cat as pet?","Putem primi o pisică ca animal de companie?"
"dog","Dog","Câine"
"dog_2","I like dog.","Îmi place caine."
"dog_3","I saw a dog.","Am văzut un câine."
"dog_4","What noise does a dog make?","Ce zgomot face un câine?"
"dog_5","Can we get a dog as pet?","Putem primi un câine ca animal de companie?"
"fish","Fish","Peşte"
"fish_2","I like fish.","Îmi place peștele."
"fish_3","I saw a fish.","Am văzut un pește."
"fish_4","What noise does a fish make?","Ce zgomot produce un pește?"
"fish_5","Can we get a fish as pet?","Putem obține un pește ca animal de companie?"
"rabbit","Rabbit","Iepure"
"rabbit_2","I like rabbits.","Îmi plac iepurii."
"rabbit_3","I saw a rabbit.","Am văzut un iepure."
"rabbit_4","What noise does a rabbit make?","Ce zgomot produce un iepure?"
"rabbit_5","Can we get a rabbit as pet?","Putem obține un iepure ca animal de companie?"
"butterfly","Butterfly","Fluture"
"butterfly_2","I like butterflies.","Îmi plac fluturii."
"butterfly_3","I saw a butterfly.","Am văzut un fluture."
"butterfly_4","What noise does a butterfly make?","Ce zgomot face un fluture?"
"kangaroo","Kangaroo","Cangur"
"kangaroo_2","I like kangaroos.","Îmi plac cangurii."
"kangaroo_3","I saw a kangaroo.","Am văzut un cangur."
"kangaroo_4","What noise does a kangaroo make?","Ce zgomot produce un cangur?"
"turtle","Turtle","Broasca testoasa"
"turtle_2","I like turtles.","Îmi plac țestoasele."
"turtle_3","I saw a turtle.","Am văzut o broască țestoasă."
"turtle_4","What noise does a turtle make?","Ce zgomot produce o broască țestoasă?"
"giraffe","Giraffe","Girafă"
"giraffe_2","I like giraffes.","Îmi plac girafele."
"giraffe_3","I saw a giraffe.","Am văzut o girafă."
"giraffe_4","What noise does a giraffe make?","Ce zgomot produce o girafă?"
"frog","Frog","Broască"
"frog_2","I like frogs.","Îmi plac broaștele."
"frog_3","I saw a frog.","Am văzut o broască."
"frog_4","What noise does a frog make?","Ce zgomot face o broască?"
"swan","Swan","Lebădă"
"swan_2","I like swans.","Îmi plac lebedele."
"swan_3","I saw a swan.","Am văzut o lebădă."
"swan_4","What noise does a swan make?","Ce zgomot produce o lebădă?"
"spider","Spider","Păianjen"
"spider_2","I like spiders.","Îmi plac păianjenii."
"spider_3","I saw a spider.","Am văzut un păianjen."
"spider_4","What noise does a spider make?","Ce zgomot produce un păianjen?"
"cow","Cow","Vacă"
"cow_2","I like cows.","Îmi plac vacile."
"cow_3","I saw a cow.","Am văzut o vacă."
"cow_4","What noise does a cow make?","Ce zgomot face o vacă?"
"duck","Duck","Rață"
"duck_2","I like ducks.","Îmi plac rațele."
"duck_3","I saw a duck.","Am văzut o rață."
"duck_4","What noise does a duck make?","Ce zgomot produce o rață?"
"horse","Horse","Cal"
"horse_2","I like horses.","Îmi plac caii."
"horse_3","I saw a horse.","Am văzut un cal."
"horse_4","What noise does a horse make?","Ce zgomot face un cal?"
"chicken","Chicken","Pui"
"chicken_2","I like chickens.","Îmi plac puii."
"chicken_3","I saw a chicken.","Am văzut un pui."
"chicken_4","What noise does a chicken make?","Ce zgomot produce un pui?"
"bee","Bee","albină"
"bee_2","I like bees.","Îmi plac albinele."
"bee_3","I saw a bee.","Am văzut o albină."
"bee_4","What noise does a bee make?","Ce zgomot face o albină?"
"pig","Pig","Porc"
"pig_2","I like pigs.","Îmi plac porcii."
"pig_3","I saw a pig.","Am văzut un porc."
"pig_4","What noise does a pig make?","Ce zgomot face un porc?"
"dove","Dove","Porumbel"
"dove_2","I like doves.","Îmi plac porumbeii."
"dove_3","I saw a dove.","Am văzut un porumbel."
"dove_4","What noise does a dove make?","Ce zgomot face un porumbel?"
"crab","Crab","Crab"
"crab_2","I like crabs.","Îmi plac crabii."
"crab_3","I saw a crab.","Am văzut un crab."
"crab_4","What noise does a crab make?","Ce zgomot produce un crab?"
"penguin","Penguin","Pinguin"
"penguin_2","I like penguins.","Îmi plac pinguinii."
"penguin_3","I saw a penguin.","Am văzut un pinguin."
"penguin_4","What noise does a penguin make?","Ce zgomot produce un pinguin?"
"elephant","Elephant","Elefant"
"elephant_2","I like elephants.","Îmi plac elefanții."
"elephant_3","I saw an elephant.","Am văzut un elefant."
"elephant_4","What noise does an elephant make?","Ce zgomot face un elefant?"
"zebra","Zebra","Zebră"
"zebra_2","I like zebras.","Îmi plac zebrele."
"zebra_3","I saw a zebra.","Am văzut o zebră."
"zebra_4","What noise does a zebra make?","Ce zgomot produce o zebră?"
"panda","Panda","urs panda"
"panda_2","I like pandas.","Îmi plac panda."
"panda_3","I saw a panda.","Am văzut un panda."
"panda_4","What noise does a panda make?","Ce zgomot produce un panda?"
"monkey","Monkey","Maimuţă"
"monkey_2","I like monkeys.","Îmi plac maimuțele."
"monkey_3","I saw a monkey.","Am văzut o maimuță."
"monkey_4","What noise does a monkey make?","Ce zgomot produce o maimuță?"
"camel","Camel","Cămilă"
"camel_2","I like camels.","Îmi plac cămile."
"camel_3","I saw a camel.","Am văzut o cămilă."
"camel_4","What noise does a camel make?","Ce zgomot produce o cămilă?"
"mouse","Mouse","Mouse"
"mouse_2","I like mice.","Îmi plac șoarecii."
"mouse_3","I saw a mouse.","Am văzut un șoarece."
"mouse_4","What noise does a mouse make?","Ce zgomot produce un mouse?"
"tiger","Tiger","Tigru"
"tiger_2","I like tigers.","Îmi plac tigrii."
"tiger_3","I saw a tiger.","Am văzut un tigru."
"tiger_4","What noise does a tiger make?","Ce zgomot face un tigru?"
"jellyfish","Jellyfish","meduză"
"jellyfish_2","I like jellyfishes.","Îmi plac jeleurile."
"jellyfish_3","I saw a jellyfish.","Am văzut o meduză."
"jellyfish_4","What noise does a jellyfish make?","Ce zgomot produce o meduză?"
"crocodile","Crocodile","Crocodil"
"crocodile_2","I like crocodiles.","Îmi plac crocodilii."
"crocodile_3","I saw a crocodile.","Am văzut un crocodil."
"crocodile_4","What noise does a crocodile make?","Ce zgomot produce un crocodil?"
"koala","Koala","Koala"
"koala_2","I like koalas.","Îmi plac koala."
"koala_3","I saw a koala.","Am văzut o koala."
"koala_4","What noise does a koala make?","Ce zgomot produce un koala?"
"ostrich","Ostrich","Struț"
"ostrich_2","I like ostriches.","Îmi plac strucile."
"ostrich_3","I saw an ostrich.","Am văzut un struț."
"ostrich_4","What noise does an ostrich make?","Ce zgomot face un struț?"
"racoon","Racoon","Racoon"
"racoon_2","I like racoons.","Îmi plac racoanele."
"racoon_3","I saw a racoon.","Am văzut un racoon."
"racoon_4","What noise does a racoon make?","Ce zgomot produce un racoon?"
"bat","Bat","Băţ"
"bat_2","I like bats.","Îmi plac liliecii."
"bat_3","I saw a bat.","Am văzut un liliac."
"bat_4","What noise does a bat make?","Ce zgomot produce un liliac?"
"eagle","Eagle","Vultur"
"eagle_2","I like eagles.","Îmi plac vulturii."
"eagle_3","I saw an eagle.","Am văzut un vultur."
"eagle_4","What noise does an eagle make?","Ce zgomot produce un vultur?"
"hippopotamus","Hippopotamus","Hipopotam"
"hippopotamus_2","I like hippopotamus.","Îmi place hipopotamul."
"hippopotamus_3","I saw a hippopotamus.","Am văzut un hipopotam."
"hippopotamus_4","What noise does a hippopotamus make?","Ce zgomot produce un hipopotam?"
"seal","Seal","Sigiliu"
"seal_2","I like seals.","Îmi plac sigiliile."
"seal_3","I saw a seal.","Am văzut o pecete."
"seal_4","What noise does a seal make?","Ce zgomot produce un sigiliu?"
"walrus","Walrus","Morsă"
"walrus_2","I like walruses.","Îmi plac miezul."
"walrus_3","I saw a walrus.","Am văzut o muscă."
"walrus_4","What noise does a walrus make?","Ce zgomot produce o mușchi?"
"seahorse","Seahorse","calut de mare"
"seahorse_2","I like seahorses.","Îmi plac caii de mare."
"seahorse_3","I saw a seahorse.","Am văzut un cal de mare."
"seahorse_4","What noise does a seahorse make?","Ce zgomot produce un cai de mare?"
"bull","Bull","Taur"
"bull_2","I like bulls.","Îmi plac taurii."
"bull_3","I saw a bull.","Am văzut un taur."
"bull_4","What noise does a bull make?","Ce zgomot produce un taur?"
"pelican","Pelican","Pelican"
"pelican_2","I like pelicans.","Îmi plac pelicanii."
"pelican_3","I saw a pelican.","Am văzut un pelican."
"pelican_4","What noise does a pelican make?","Ce zgomot face un pelican?"
"beaver","Beaver","Castor"
"beaver_2","I like beavers.","Îmi plac castorii."
"beaver_3","I saw a beaver.","Am văzut un castor."
"beaver_4","What noise does a beaver make?","Ce zgomot produce un castor?"
"goldfish","Goldfish","peștișor de aur"
"goldfish_2","I like goldfishes.","Îmi plac pestele de aur."
"goldfish_3","I saw a goldfish.","Am văzut un pește de aur."
"goldfish_4","What noise does a goldfish make?","Ce zgomot produce un pește de aur?"
"goldfish_5","Can we get a goldfish as pet?","Putem obține un pește de aur ca animal de companie?"
"rhinoceros","Rhinoceros","Rinocer"
"rhinoceros_2","I like rhinoceros.","Îmi place rinocerul."
"rhinoceros_3","I saw a rhinoceros.","Am văzut un rinocer."
"rhinoceros_4","What noise does a rhinoceros make?","Ce zgomot produce un rinocer?"
"snake","Snake","Şarpe"
"snake_2","I like snakes.","Îmi plac șerpii."
"snake_3","I saw a snake.","Am văzut un șarpe."
"snake_4","What noise does a snake make?","Ce zgomot face un șarpe?"
"lion","Lion","Leu"
"lion_2","I like lions.","Îmi plac leii."
"lion_3","I saw a lion.","Am văzut un leu."
"lion_4","What noise does a lion make?","Ce zgomot face un leu?"
"squid","Squid","Calamar"
"squid_2","I like squids.","Imi plac calmarii."
"squid_3","I saw a squid.","Am văzut un calmar."
"squid_4","What noise does a squid make?","Ce zgomot produce un calamar?"
"whale","Whale","Balenă"
"whale_2","I like whales.","Îmi plac balenele."
"whale_3","I saw a whale.","Am văzut o balenă."
"whale_4","What noise does a whale make?","Ce zgomot produce o balenă?"
"beetle","Beetle","Gândac"
"beetle_2","I like beetles.","Îmi plac gândacii."
"beetle_3","I saw a beetle.","Am văzut un gândac."
"beetle_4","What noise does a beetle make?","Ce zgomot face un gândac?"
"dolphin","Dolphin","Delfin"
"dolphin_2","I like dolphins.","Îmi plac delfinii."
"dolphin_3","I saw a dolphin.","Am văzut un delfin."
"dolphin_4","What noise does a dolphin make?","Ce zgomot produce un delfin?"
"starfish","Starfish","Stea de mare"
"starfish_2","I like starfishes.","Îmi plac stelele."
"starfish_3","I saw a starfish.","Am văzut o stea de mare."
"starfish_4","What noise does a starfish make?","Ce zgomot produce o stea de mare?"
"parakeet","Parakeet","Peruș"
"parakeet_2","I like parakeets.","Îmi plac parakeet-urile."
"parakeet_3","I saw a parakeet.","Am văzut un pakeet."
"parakeet_4","What noise does a parakeet make?","Ce zgomot produce un parakeet?"
"owl","Owl","Bufniţă"
"owl_2","I like owls.","Îmi plac bufnițele."
"owl_3","I saw an owl.","Am văzut o bufniță."
"owl_4","What noise does an owl make?","Ce zgomot produce o bufniță?"
"sheep","Sheep","Oaie"
"sheep_2","I like sheeps.","Îmi plac oile."
"sheep_3","I saw a sheep.","Am văzut o oaie."
"sheep_4","What noise does a sheep make?","Ce zgomot face o oaie?"
"clothes","Clothes","Haine"
"pants","Pants","Pantaloni"
"pants_2","My pants are dirty.","Pantalonii mei sunt murdari."
"pants_3","Can you help me wear my pants?","Mă poți ajuta să port pantalonii?"
"shirt","Shirt","Cămaşă"
"shirt_2","My shirt is dirty.","Cămașa mea este murdară."
"shirt_3","Can you help me wear my shirt?","Mă poți ajuta să port tricoul meu?"
"skirt","Skirt","fustă"
"skirt_2","My skirt is dirty.","Fusta mea este murdară."
"skirt_3","Can you help me wear my skirt?","Mă poți ajuta să port fusta?"
"panty","Panty","pentru chiloți sau pantalonași"
"panty_2","My underwear is dirty.","Lenjeria mea este murdară."
"panty_3","Can you help me wear my panty?","Mă poți ajuta să-mi port chiloța?"
"jacket","Jacket","Sacou"
"jacket_2","My jacket is dirty.","Geaca mea este murdară."
"jacket_3","Can you help me wear my jacket?","Mă poți ajuta să-mi port jacheta?"
"tie","Tie","Cravată"
"tie_2","I like wearing tie.","Îmi place să port cravată."
"tie_3","Can you help me tie my tie?","Mă poți ajuta să-mi leg cravata?"
"baseball-cap","Baseball cap","Șapcă de baseball"
"baseball-cap_2","I like wearing baseball cap.","Îmi place să port șapcă de baseball."
"baseball-cap_3","Which baseball cap should I wear?","Ce șapcă de baseball ar trebui să port?"
"dress","Dress","Rochie"
"dress_2","My dress is dirty.","Rochia mea este murdară."
"dress_3","Can you help me wear my dress?","Ma poti ajuta sa imi port rochia?"
"shoes","Shoes","Pantofi"
"shoes_2","My shoes are dirty.","Pantofii mei sunt murdari."
"shoes_3","Can you help me wear my shoes?","Mă poți ajuta să-mi port pantofii?"
"boots","Boots","Cizme"
"boots_2","My boots are dirty.","Cizmele mele sunt murdare."
"boots_3","Can you help me wear my boots?","Mă poți ajuta să-mi port cizmele?"
"sneakers","Sneakers","adidași"
"sneakers_2","I want to wear my sneakers.","Vreau să-mi port adidașii."
"sneakers_3","Can you help me wear my sneakers?","Mă poți ajuta să-mi port adidașii?"
"slippers","Slippers","Papuci"
"slippers_2","I want to wear my slippers.","Vreau să-mi port papucii."
"slippers_3","Can you help me wear my slippers?","Mă poți ajuta să-mi port papucii?"
"belt","Belt","curea"
"belt_2","I like wearing belt.","Îmi place să port curea."
"belt_3","Can you help me wear my belt?","Mă poți ajuta să-mi port centura?"
"socks","Socks","șosete"
"socks_2","My socks are dirty.","Șosetele mele sunt murdare."
"socks_3","Can you help me wear my socks?","Mă poți ajuta să-mi port șosetele?"
"swimsuit","Swimsuit","Costum de baie"
"swimsuit_2","I want to wear my swimsuit.","Vreau să-mi port costumul de baie."
"swimsuit_3","Can you help me wear my swimsuit?","Mă poți ajuta să-mi port costumul de baie?"
"sweater","Sweater","Pulover"
"sweater_2","My sweater is dirty.","Puloverul meu este murdar."
"sweater_3","Can you help me wear my sweater?","Mă poți ajuta să-mi port puloverul?"
"scarf","Scarf","Eșarfă"
"scarf_2","I like wearing scarf.","Îmi place să port eșarfă."
"scarf_3","Can you help me wear my scarf?","Mă poți ajuta să-mi port eșarfa?"
"denim-shorts","Denim shorts","Pantaloni scurți din denim"
"denim-shorts_2","My denim shorts are dirty.","Pantaloni scurți din denim sunt murdari."
"denim-shorts_3","Can you help me wear my denim shorts?","Mă poți ajuta să-mi port pantaloni scurți din denim?"
"hoodies","Hoodies","Hanorace"
"hoodies_2","I like wearing hoodies.","Îmi place să port tricouri."
"hoodies_3","Can you help me wear my hoodie?","Mă poți ajuta să-mi port haina?"
"swimming-shorts","Swimming shorts","Pantaloni scurți de înot"
"swimming-shorts_2","My swimming shorts are dirty.","Pantaloni scurți de înot sunt murdari."
"swimming-shorts_3","Can you help me wear my swimming shorts?","Mă poți ajuta să-mi port pantaloni scurți de înot?"
"bow-tie","Bow tie","Papion"
"bow-tie_2","I like wearing bow tie.","Îmi place să port papion."
"bow-tie_3","Can you help me wear my bow tie?","Mă poți ajuta să-mi port papion?"
"leather-jacket","Leather jacket","Geaca de piele"
"leather-jacket_2","I like wearing leather jacket.","Îmi place să port geacă de piele."
"leather-jacket_3","Can you help me wear my leather jacket?","Mă poți ajuta să port geaca de piele?"
"bathrobe","Bathrobe","Halat de baie"
"bathrobe_2","I like wearing bathrobe.","Îmi place să port halat de baie."
"bathrobe_3","Can you help me wear my bathrobe?","Mă poți ajuta să port halatul de baie?"
"jumpsuit","Jumpsuit","Salopeta"
"jumpsuit_2","I like wearing jumpsuit.","Îmi place să port salopeta."
"jumpsuit_3","Can you help me wear my jumpsuit?","Mă poți ajuta să-mi port salopeta?"
"fedora-hat","Fedora hat","Pălărie Fedora"
"fedora-hat_2","I like wearing fedora hat.","Îmi place să port pălărie fedora."
"fedora-hat_3","Can you help me wear my fedora hat?","Mă poți ajuta să-mi port pălăria fedora?"
"t-shirt","T-shirt","tricou"
"t-shirt_2","I like wearing t-shirt.","Îmi place să port tricou."
"t-shirt_3","Can you help me wear my t-shirt?","Mă poți ajuta să port tricoul meu?"
"sleeveless","Sleeveless","Fără mâneci"
"sleeveless_2","I like wearing sleeveless.","Îmi place să port fără mâneci."
"sleeveless_3","Can you help me wear my sleeveless?","Mă poți ajuta să-mi port fără mâneci?"
"boxers","Boxers","Boxerii"
"boxers_2","I like wearing boxers.","Îmi place să port boxeri."
"boxers_3","Can you help me wear my boxers?","Mă poți ajuta să-mi port boxerii?"
"vest","Vest","vestă"
"vest_2","I like wearing vest.","Îmi place să port vestă."
"vest_3","Can you help me wear my vest?","Mă poți ajuta să-mi port vesta?"
"pamela-hat","Pamela hat","Pălăria Pamela"
"pamela-hat_2","I like wearing pamela hat.","Îmi place să port pălărie pamela."
"pamela-hat_3","Can you help me wear my pamela hat?","Mă poți ajuta să-mi port pălăria pamela?"
"high-heels","High heels","Tocuri"
"high-heels_2","I like wearing high heels.","Îmi place să port tocuri înalte."
"high-heels_3","Can you help me wear my high heels?","Mă poți ajuta să-mi port tocurile înalte?"
"overalls","Overalls","salopete"
"overalls_2","I like wearing overalls.","Îmi place să port salopete."
"overalls_3","Can you help me wear my overalls?","Mă poți ajuta să-mi port salopeta?"
"kimono","Kimono","Chimono"
"kimono_2","I like wearing kimono.","Îmi place să port kimono."
"kimono_3","Can you help me wear my kimono?","Mă poți ajuta să-mi port kimono?"
"raincoat","Raincoat","Pelerina de ploaie"
"raincoat_2","I like wearing raincoat.","Îmi place să port pelerina de ploaie."
"raincoat_3","Can you help me wear my raincoat?","Ma poti ajuta sa imi port pelerina?"
"bandana","Bandana","Bandană"
"bandana_2","I like wearing bandana.","Îmi place să port bandana."
"bandana_3","Can you help me wear my bandana?","Mă poți ajuta să-mi port bandana?"
"beret","Beret","beretă"
"beret_2","I like wearing beret.","Îmi place să port bereta."
"beret_3","Can you help me wear my beret?","Mă poți ajuta să-mi port beretă?"
"knit-hat","Knit hat","Palarie din tricot"
"knit-hat_2","I like wearing knit hat.","Îmi place să port pălărie tricotată."
"knit-hat_3","Can you help me wear my knit hat?","Mă poți ajuta să port pălăria de tricot?"
"suspenders","Suspenders","Bretele"
"suspenders_2","I like wearing suspenders.","Îmi place să port bretele."
"suspenders_3","Can you help me wear my suspenders?","Mă poți ajuta să-mi port bretelele?"
"mitten","Mitten","Mănuşă de box"
"mitten_2","I like wearing mitten.","Îmi place să port mâncare."
"mitten_3","Can you help me wear my mitten?","Poți să mă ajuți să-mi port mănușa?"
"suit","Suit","Costum"
"suit_2","I like wearing suit.","Îmi place să port costum."
"suit_3","Can you help me wear my suit?","Mă poți ajuta să-mi port costumul?"
"coat","Coat","Palton"
"coat_2","I like wearing coat.","Îmi place să port haina."
"coat_3","Can you help me wear my coat?","Mă poți ajuta să-mi port haina?"
"trench-coat","Trench coat","Palton"
"trench-coat_2","I like wearing trench coat.","Îmi place să port haina de trenci."
"trench-coat_3","Can you help me wear my trench coat?","Mă poți ajuta să-mi port haina?"
"colors","Colors","colorate"
"crayons","Crayons","Creioane"
"crayons_2","I like crayons.","Îmi plac creioanele."
"crayons_3","Can you give me crayons?","Poți să-mi dai creioane?"
"crayons_4","I want to draw using my crayons.","Vreau să desenez folosind creioanele mele."
"red","Red","roșu"
"red_2","It is red.","Este roșu."
"red_3","My favorite color is red.","Culoarea mea preferată este roșu."
"red_4","Can you give me red paint?","Îmi poți da vopsea roșie?"
"blue","Blue","Albastru"
"blue_2","It is blue.","Este albastru."
"blue_3","My favorite color is blue.","Culoarea mea preferata este albastru."
"blue_4","Can you give me blue paint?","Îmi poți da vopsea albastră?"
"orange","Orange","portocale"
"orange_2","It is orange color.","Este de culoare portocalie."
"orange_3","My favorite color is orange.","Culoarea mea preferată este portocala."
"orange_4","Can you give me orange paint?","Îmi poți oferi vopsea de portocal"
"green","Green","Verde"
"green_2","It is green.","Este verde."
"green_3","My favorite color is green.","Culoarea mea preferata este verde."
"green_4","Can you give me green paint?","Îmi poți da vopsea verde?"
"yellow","Yellow","Galben"
"yellow_2","It is yellow.","Este galben."
"yellow_3","My favorite color is yellow.","Culoarea mea preferată este galbenul."
"yellow_4","Can you give me yellow paint?","Îmi poți da vopsea galbenă?"
"purple","Purple","Violet"
"purple_2","It is purple.","Este violet."
"purple_3","My favorite color is purple.","Culoarea mea preferată este violetul."
"purple_4","Can you give me purple paint?","Îmi poți da vopsea mov?"
"pink","Pink","Roz"
"pink_2","It is pink.","Este roz."
"pink_3","My favorite color is pink.","Culoarea mea preferata este roz."
"pink_4","Can you give me pink paint?","Îmi poți da vopsea roz?"
"brown","Brown","Maro"
"brown_2","It is brown.","Este maro."
"brown_3","My favorite color is brown.","Culoarea mea preferată este maro."
"brown_4","Can you give me brown paint?","Îmi poți da vopsea maro?"
"black","Black","Negru"
"black_2","It is black.","Este negru."
"black_3","My favorite color is black.","Culoarea mea preferata este negru."
"black_4","Can you give me black paint?","Îmi poți da vopsea neagră?"
"white","White","alb"
"white_2","It is white.","Este alb."
"white_3","My favorite color is white.","Culoarea mea preferată este albul."
"white_4","Can you give me white paint?","Îmi poți da vopsea albă?"
"gray","Gray","gri"
"gray_2","It is gray.","Este gri."
"gray_3","My favorite color is gray.","Culoarea mea preferată este gri."
"gray_4","Can you give me gray paint?","Îmi poți da vopsea gri?"
"transparent","Transparent","Transparent"
"transparent_2","It is transparent.","Este transparent."
"transparent_3","I can see behind transparent color.","Pot vedea în spatele culorii transparente."
"transparent_4","Can you help me erase?","Ma poti ajuta sa sterg?"
"cyan","Cyan","Cyan"
"cyan_2","It is cyan.","Este cian."
"cyan_3","My favorite color is cyan.","Culoarea mea preferată este cianul."
"cyan_4","Can you give me cyan paint?","Îmi poți da vopsea ciană?"
"violet","Violet","violet"
"violet_2","It is violet.","Este violet."
"violet_3","My favorite color is violet.","Culoarea mea preferată este violetul."
"violet_4","Can you give me violet paint?","Îmi poți da vopsea violetă?"
"turquoise","Turquoise","Turcoaz"
"turquoise_2","It is turquoise.","Este turcoaz."
"turquoise_3","My favorite color is turquoise.","Culoarea mea preferată este turcoazul."
"turquoise_4","Can you give me turquoise paint?","Îmi poți oferi vopsea turcoaz?"
"lime","Lime","Lămâie verde"
"lime_2","It is lime.","Este var."
"lime_3","My favorite color is lime.","Culoarea mea preferată este varul."
"lime_4","Can you give me lime paint?","Îmi poți da vopsea de var?"
"plum","Plum","Prună"
"plum_2","It is plum.","Este pruna."
"plum_3","My favorite color is plum.","Culoarea mea preferată este pruna."
"plum_4","Can you give me plum paint?","Îmi poți da vopsea cu prune?"
"tan","Tan","Bronza"
"tan_2","It is tan color.","Este culoare bronzată."
"tan_3","My favorite color is tan color.","Culoarea mea preferată este culoarea bronzată."
"tan_4","Can you give me tan color paint?","Îmi poți oferi vopsea de culoare bronzată?"
"avocado","Avocado","Avocado"
"avocado_2","It is avocado color.","Este de culoare avocado."
"avocado_3","My favorite color is avocado color.","Culoarea mea preferată este culoarea de avocado."
"avocado_4","Can you give me avocado color paint?","Îmi poți oferi vopsea de culoare avocado?"
"barbie-pink","Barbie pink","Barbie roz"
"barbie-pink_2","It is barbie pink color.","Este culoarea roz barbie."
"barbie-pink_3","My favorite color is barbie pink.","Culoarea mea preferată este rozul barbie."
"barbie-pink_4","Can you give me barbie pink paint?","Îmi poți oferi vopsea roz barbie?"
"blizzard-blue","Blizzard blue","Blizzard albastru"
"blizzard-blue_2","It is blizzard blue color.","Este de culoare albastru viscol."
"blizzard-blue_3","My favorite color is blizzard blue color.","Culoarea mea preferată este culoarea albastru viscol."
"blizzard-blue_4","Can you give me blizzard blue paint?","Îmi poți oferi vopsea albastru viscol?"
"conversation","Conversation","Conversaţie"
"me","Me","Pe mine"
"me_2","My name is {name}","Numele meu este {name}"
"me_3","I'm {name}","Sunt {nume}"
"me_4","Do you know my name?","Îmi cunoști numele?"
"me_5","What is your name?","Cum te numești?"
"me_6","Nice to meet you!","Încântat de cunoștință!"
"me_7","Do you like me?","Ma placi?"
"me_8","Can we be friends?","Putem fi prieteni?"
"me_9","I'm using assistive communication app.","Folosesc aplicația de comunicare asistativă."
"me_10","Who are you?","Cine ești tu?"
"hello","Hello","buna"
"hello_2","Hello.","Buna."
"hello_3","Hi.","Salut."
"hello_4","Greetings.","Salutari."
"hello_5","How are you?","Ce mai faci?"
"hello_6","Nice to meet you!","Încântat de cunoștință!"
"help","Help","Ajutor"
"help_2","Help me.","Ajuta-ma."
"help_3","Can you help me?","Ma poti ajuta?"
"help_4","I need help","am nevoie de ajutor"
"help_5","Do you need help?","Ai nevoie de ajutor?"
"yes","Yes","da"
"yes_2","Yes.","Da."
"yes_3","Yes please.","Da, te rog."
"yes_4","Alright.","În regulă."
"yes_5","Agreed.","De acord."
"yes_6","I want to.","Vreau sa."
"yes_7","I would like to.","Mi-ar placea sa."
"no","No","Nu"
"no_2","No.","Nu."
"no_3","Nope.","Nu."
"no_4","Never.","Nu."
"no_5","I don't want to.","Nu vreau."
"no_6","I don't like it.","Nu-mi place."
"no_7","You don't like it?","Nu-ți place?"
"no_8","Why you don't like it?","De ce nu îți place?"
"toilet","Toilet","Toaletă"
"toilet_2","I need to go to the toilet.","Am nevoie să merg la toaletă."
"toilet_3","I need to pee.","Eu am nevoie să fac pipi."
"toilet_4","I need to poop.","Am nevoie să cânt."
"toilet_5","Can you help me go to the toilet?","Mă poți ajuta să merg la toaletă?"
"toilet_6","Can you help me clean?","Ma poti ajuta sa curat?"
"toilet_7","I peed myself.","M-am făcut pipi."
"toilet_8","I pooped myself.","M-am poezat."
"what","What","Ce"
"what_2","What is that?","Ce este asta?"
"what_3","What does it mean?","Ce înseamnă?"
"what_4","What do you mean?","Ce vrei sa spui?"
"what_5","Can you explain it?","Îl poți explica?"
"what_6","Can you repeat what you said?","Poți repeta ceea ce ai spus?"
"what_7","I don't understand.","Nu inteleg."
"sleep","Sleep","Dormi"
"sleep_2","I want to sleep.","Vreau sa dorm."
"sleep_3","I don't want to sleep.","Nu vreau să dorm."
"sleep_4","I'm tired.","Sunt obosit."
"sleep_5","Are you tired?","Ești obosit?"
"sleep_6","When am I going to sleep?","Când mă culc?"
"sleep_7","I want to take a nap.","Vreau sa trag un pui de somn."
"bath","Bath","Baie"
"bath_2","I want to take a bath.","Vreau să fac o baie."
"bath_3","I like taking a bath.","Îmi place să fac baie."
"bath_4","I want to wash my hands.","Vreau să mă spăl pe mâini."
"bath_5","I want to take a shower.","Eu vreau sa fac un dus."
"bath_6","I want to clean myself.","Vreau să mă curăț."
"bath_7","Can you help me take a bath?","Mă poți ajuta să fac baie?"
"bath_8","I don't want to take a bath.","Nu vreau să fac baie."
"listen","Listen","Asculta"
"listen_2","Listen to me.","Asculta-ma."
"listen_3","Can you listen to me?","Mă poți asculta?"
"listen_4","Listen to music.","Asculta muzica."
"listen_5","Listening to my parents.","Ascultându-mi părinții."
"listen_6","Listen to what my application is saying!","Ascultă ce spune aplicația mea!"
"morning","Morning","Dimineaţă"
"morning_2","Good morning.","Buna dimineata."
"morning_3","I like mornings.","Îmi plac diminețile."
"morning_4","In the morning.","Dimineața."
"morning_5","Morning time.","Dimineața."
"morning_6","Is it morning?","Este dimineață?"
"night","Night","Noapte"
"night_2","Good night!","Noapte bună!"
"night_3","I like nights.","Îmi plac nopțile."
"night_4","At night.","Noaptea."
"night_5","Night time.","Noaptea."
"night_6","Is it night?","E noapte?"
"look","Look","Uite"
"look_2","Look at me.","Uita-te la mine."
"look_3","Look at this.","Uita-te la asta."
"look_4","Are you looking?","Te uiti?"
"look_5","Look at my drawing.","Uită-te la desenul meu."
"look_6","How do I look?","Cum arăt?"
"look_7","Look what I did.","Uite ce am făcut."
"look_8","Let's look at that.","Să ne uităm la asta."
"speak","Speak","Vorbi"
"speak_2","I'm learning how to speak.","Învăț cum să vorbesc."
"speak_3","I want to speak.","Vreau sa vorbesc."
"speak_4","Can I speak with you?","Pot vorbi cu tine?"
"speak_5","I like speaking.","Îmi place să vorbesc."
"speak_6","I'm using assistive communication app.","Folosesc aplicația de comunicare asistativă."
"play","Play","Joaca"
"play_2","I love playing.","Imi place sa ma joc."
"play_3","Can you play with me?","Te poți juca cu mine?"
"play_4","I want to play with you!","Vreau să mă joc cu tine!"
"play_5","I want to play with my friends.","Vreau să mă joc cu prietenii mei."
"play_6","I don't want to play with you.","Nu vreau să mă joc cu tine."
"outside","Outside","In afara"
"outside_2","I love going outside.","Îmi place să merg afară."
"outside_3","I want to go outside.","Vreau să ies afară."
"outside_4","Is it cold outside?","Este frig afară?"
"outside_5","I don't like outside.","Nu-mi place afară."
"outside_6","Can I go outside?","Pot ieși afară?"
"home","Home","Acasă"
"home_2","I love my home.","Îmi iubesc casa."
"home_3","I want to go home.","Vreau să mă duc acasă."
"home_4","Where is your home?","Unde este casa ta?"
"home_5","Home sweet home.","Casă dulce casă."
"home_6","I'm in the house.","Sunt în casă."
"home_7","I'm not in the house.","Nu sunt în casă."
"hurt","Hurt","Rănit"
"hurt_2","I'm hurt.","Eu sunt rănit."
"hurt_3","Are you hurt?","Ești rănit?"
"hurt_4","Did I hurt you?","Te-am rănit?"
"hurt_5","I didn't mean to hurt you!","N-am vrut să-ți fac rău!"
"hurt_6","Is it going to hurt?","O să doară?"
"hurt_7","I have a headache.","Mă doare capul."
"hurt_8","I have a stomach ache.","Mă doare stomacul."
"hurt_9","My genitals hurt.","Genitalele mele mă doare."
"hurt_10","My foot hurts.","Ma dor picioarele."
"feelings","Feelings","sentimente"
"happy","Happy","Fericit"
"happy_2","I'm happy.","Sunt fericit."
"happy_3","I feel happy.","Ma simt bucuros."
"happy_4","Do you feel happy?","Te simți fericit?"
"happy_5","I want to feel happy.","Vreau să mă simt fericit."
"happy_6","You are making me happy.","Mă faci fericită."
"sad","Sad","Trist"
"sad_2","I'm sad.","Sunt trist."
"sad_3","I feel sad.","Ma simt trist."
"sad_4","Do you feel sad?","Te simți trist?"
"sad_5","I don't want to feel sad.","Nu vreau să mă simt trist."
"sad_6","You are making me sad.","Mă faci trist."
"exhausted","Exhausted","Epuizat"
"exhausted_2","I'm exhausted.","Sunt extenuat."
"exhausted_3","I feel exhausted.","Mă simt epuizat."
"exhausted_4","Do you feel exhausted?","Te simți epuizat?"
"exhausted_5","I don't want to be exhausted.","Nu vreau să fiu epuizat."
"relaxed","Relaxed","Relaxat"
"relaxed_2","I'm relaxed.","Sunt relaxat."
"relaxed_3","I feel relaxed.","Mă simt relaxat."
"relaxed_4","Do you feel relaxed?","Te simți relaxat?"
"relaxed_5","I want to feel relaxed.","Vreau să mă simt relaxat."
"in-love","In love","Îndrăgostit"
"in-love_2","I'm in love.","Sunt îndrăgostit."
"in-love_3","I feel in love.","Ma simt indragostit."
"in-love_4","Are you in love?","Esti indragostit?"
"in-love_5","I want to fall in love.","Vreau sa ma indragostesc."
"in-love_6","Do you love me?","Ma iubesti?"
"stressed","Stressed","Accentuat"
"stressed_2","I'm stressed.","Sunt stresat."
"stressed_3","I feel stressed.","Ma simt stresat."
"stressed_4","Do you feel stressed?","Te simți stresat?"
"stressed_5","I don't want to feel stressed.","Nu vreau să mă simt stresat."
"thankful","Thankful","Recunoscător"
"thankful_2","I'm thankful.","Sunt recunoscator."
"thankful_3","I feel thankful.","Mă simt recunoscător."
"thankful_4","Do you feel thankful?","Te simți recunoscător?"
"thankful_5","I want to feel thankful.","Vreau să mă simt recunoscător."
"confused","Confused","Confuz"
"confused_2","I'm confused.","Sunt derutat."
"confused_3","I feel confused.","Ma simt confuz."
"confused_4","Do you feel confused?","Te simți confuz?"
"confused_5","You are confusing me.","Tu mă confunzi."
"joyful","Joyful","Vesel"
"joyful_2","I'm joyful.","Sunt vesel."
"joyful_3","I feel joyful.","Mă simt bucuroasă."
"joyful_4","Do you feel joyful?","Te simți bucuros?"
"joyful_5","I want to feel joyful.","Vreau să mă simt bucuroasă."
"angry","Angry","Furios"
"angry_2","I'm angry.","Sunt furios."
"angry_3","I feel angry.","Sunt nervos."
"angry_4","Do you feel angry?","Te simți supărat?"
"angry_5","I'm angry at you.","Sunt supărat pe tine."
"angry_6","You are making me angry.","Mă enervezi."
"smart","Smart","Inteligent"
"smart_2","I'm smart.","Sunt destept."
"smart_3","I feel smart.","Mă simt inteligent."
"smart_4","Do you feel smart?","Te simți inteligent?"
"smart_5","Am I smart?","Sunt inteligent?"
"smart_6","You are smart!","Esti destept!"
"afraid","Afraid","speriat"
"afraid_2","I'm afraid.","Mă tem."
"afraid_3","I feel afraid.","Mi-e frică."
"afraid_4","Do you feel afraid?","Te simți frică?"
"afraid_5","I don't want to feel afraid.","Nu vreau să mă simt frică."
"afraid_6","You are scaring me.","Tu ma sperii."
"ashamed","Ashamed","Ruşinat"
"ashamed_2","I'm ashamed.","Sunt rusinat."
"ashamed_3","I feel ashamed.","Ma simt rusinat."
"ashamed_4","Do you feel ashamed?","Te simți rușinat?"
"ashamed_5","I don't want to feel ashamed.","Nu vreau să mă simt rușinat."
"shocked","Shocked","şocat"
"shocked_2","I'm shocked.","Sunt șocat."
"shocked_3","I feel shocked.","Mă simt șocat."
"shocked_4","Do you feel shocked?","Te simți șocat?"
"shocked_5","You shocked me.","M-ai șocat."
"sick","Sick","Bolnav"
"sick_2","I'm sick.","Sunt bolnav."
"sick_3","I feel sick.","Ma simt rau."
"sick_4","Do you feel sick?","Te simți rău?"
"sick_5","I don't want to be sick.","Nu vreau să fiu bolnav."
"sick_6","I'm sick of the food.","M-am săturat de mâncare."
"frustrated","Frustrated","Frustrat"
"frustrated_2","I'm frustrated.","Sunt frustrat."
"frustrated_3","I feel frustrated.","Mă simt frustrat."
"frustrated_4","Do you feel frustrated?","Te simți frustrat?"
"frustrated_5","I don't want to feel frustrated.","Nu vreau să mă simt frustrat."
"excited","Excited","Excitat"
"excited_2","I'm excited.","Sunt entuziasmat."
"excited_3","I feel excited.","Mă simt entuziasmat."
"excited_4","Do you feel excited?","Te simți emoționat?"
"excited_5","I don't want to feel excited.","Nu vreau să mă simt entuziasmat."
"nauseated","Nauseated","nauseated"
"nauseated_2","I'm nauseated.","Sunt greață."
"nauseated_3","I feel nauseated.","Mă simt greață."
"nauseated_4","Do you feel nauseated?","Te simți greață?"
"nauseated_5","I don't want to feel nauseated.","Nu vreau să mă simt greață."
"agitated","Agitated","Agitat"
"agitated_2","I'm agitated.","Sunt agitat."
"agitated_3","I feel agitated.","Mă simt agitat."
"agitated_4","Do you feel agitated?","Te simți agitat?"
"agitated_5","I don't want to feel agitated.","Nu vreau să mă simt agitat."
"food","Food","Alimente"
"hungry","Hungry","înfometat"
"hungry_2","I'm hungry.","Sunt infometat."
"hungry_3","Are you hungry?","Iti este foame?"
"hungry_4","Can you make me food?","Îmi poți face mâncare?"
"hungry_5","What is for dinner?","Ce avem la cina?"
"thirsty","Thirsty","Însetat"
"thirsty_2","I'm thirsty.","Imi este sete."
"thirsty_3","Can I have some water?","Pot avea apă?"
"thirsty_4","Can I have a glass of water?","Pot să beau un pahar cu apă?"
"thirsty_5","I want something to drink.","Vreau ceva de băut."
"cutlery","Cutlery","Tacâmuri"
"cutlery_2","I need cutlery.","Am nevoie de tacâmuri."
"cutlery_3","Help me use cutlery.","Ajută-mă să folosesc tacâmuri."
"cutlery_4","I need a fork.","Am nevoie de o furculiță."
"cutlery_5","I need a spoon.","Am nevoie de o lingură."
"cutlery_6","I need chopsticks.","Am nevoie de betisoare."
"cutlery_7","I need a knife.","Am nevoie de un cuțit."
"cutlery_8","I need a napkin.","Am nevoie de un șervețel."
"apple","Apple","măr"
"apple_2","I like apple.","Îmi plac merele."
"apple_3","I don't like apple.","Nu-mi place mărul."
"apple_4","I want to eat an apple.","Vreau să mănânc un măr."
"carrot","Carrot","Morcov"
"carrot_2","I like carrot.","Imi place morcovul."
"carrot_3","I don't like carrot.","Nu-mi place morcovul."
"carrot_4","I want to eat a carrot.","Vreau să mănânc morcov."
"beans","Beans","Fasole"
"beans_2","I like beans.","Îmi plac fasolea."
"beans_3","I don't like beans.","Nu-mi plac fasolea."
"beans_4","I want to eat beans.","Vreau să mănânc fasole."
"chicken_5","I want fried chicken.","Vreau pui prăjit."
"chicken_6","I want boiled chicken.","Vreau pui fiert."
"chocolate","Chocolate","Ciocolată"
"chocolate_2","I like chocolate.","Imi place ciocolata."
"chocolate_3","I don't like chocolate.","Nu-mi place ciocolata."
"chocolate_4","I want to eat chocolate.","Vreau să mănânc ciocolată."
"chocolate_5","I want dark chocolate.","Vreau ciocolata neagra."
"chocolate_6","I want white chocolate.","Vreau ciocolata alba."
"milk","Milk","Lapte"
"milk_2","I like milk.","Imi place laptele."
"milk_3","I don't like milk.","Nu-mi place laptele."
"milk_4","I want to drink milk.","Vreau să beau lapte."
"milk_5","Can I have a glass of milk?","Pot să beau un pahar de lapte?"
"sandwich","Sandwich","Sandwich"
"sandwich_2","I like sandwich.","Îmi place sandvișul."
"sandwich_3","I don't like sandwich.","Nu-mi place sandvișul."
"sandwich_4","I want to eat a sandwich.","Vreau să mănânc un sandviș."
"sandwich_5","Can you make me a sandwich?","Poți să-mi faci un sandwich?"
"steak","Steak","Friptură"
"steak_2","I like steak.","Îmi place friptura."
"steak_3","I don't like steak.","Nu-mi place friptura."
"steak_4","I want to eat steak.","Vreau să mănânc friptură."
"steak_5","Can you cook steak for me?","Puteți găti friptura pentru mine?"
"banana","Banana","Banană"
"banana_2","I like banana.","Imi place banana."
"banana_3","I don't like banana.","Nu-mi place banana."
"banana_4","I want to eat a banana.","Vreau să mănânc o banană."
"pie","Pie","Plăcintă"
"pie_2","I like pie.","Îmi place plăcinta."
"pie_3","I don't like pie.","Nu-mi place plăcinta."
"pie_4","I want to eat pie.","Vreau să mănânc plăcintă."
"pie_5","Can you bake a pie for me?","Puteți coace o plăcintă pentru mine?"
"egg","Egg","Ou"
"egg_2","I like egg.","Îmi place oul."
"egg_3","I don't like egg.","Nu-mi place oul."
"egg_4","I want to eat egg.","Vreau să mănânc ou."
"egg_5","I want fried eggs.","Vreau ouă prăjite."
"egg_6","I want boiled eggs.","Vreau ouă fierte."
"noodles","Noodles","tăiței"
"noodles_2","I like noodles.","Îmi plac tăiței."
"noodles_3","I don't like noodles.","Nu-mi plac fideaua."
"noodles_4","I want to eat noodles.","Vreau să mănânc tăiței."
"noodles_5","Can you cook noodles for me?","Poți să gătești tăiței pentru mine?"
"salt","Salt","Sare"
"salt_2","I want salt.","Vreau sare."
"salt_3","Can you pass me the salt?","Poți să-mi treci sarea?"
"salt_4","Food is too salty.","Mâncarea este prea sărată."
"salt_5","My food needs some salt.","Mâncarea mea are nevoie de puțină sare."
"spices","Spices","condimente"
"spices_2","I like spicy food.","Îmi place mâncarea condimentată."
"spices_3","I don't like spicy food.","Nu-mi place mâncarea condimentată."
"spices_4","I want paprika.","Vreau paprika."
"spices_5","I want black pepper.","Vreau piper negru."
"pizza","Pizza","Pizza"
"pizza_2","I like pizza.","Imi place pizza."
"pizza_3","I don't like pizza.","Nu-mi place pizza."
"pizza_4","I want to eat pizza.","Vreau sa mananc pizza."
"pizza_5","Can you cook pizza for me?","Puteți găti pizza pentru mine?"
"pizza_6","Can we order pizza?","Putem comanda pizza?"
"cheese","Cheese","Brânză"
"cheese_2","I like cheese.","Îmi place brânza."
"cheese_3","I don't like cheese.","Nu-mi place brânza."
"cheese_4","I want to eat cheese.","Vreau să mănânc brânză."
"ice-cream","Ice cream","Inghetata"
"ice-cream_2","I like ice cream.","Imi place inghetata."
"ice-cream_3","I don't like ice cream.","Nu-mi place înghețata."
"ice-cream_4","I want to eat ice cream.","Vreau să mănânc înghețată."
"ice-cream_5","Can you buy ice cream for me?","Puteți cumpăra înghețată pentru mine?"
"tea","Tea","Ceai"
"tea_2","I like tea.","Imi place ceaiul."
"tea_3","I don't like tea.","Nu-mi place ceaiul."
"tea_4","I want to drink tea.","Vreau să beau ceai."
"tea_5","Can you make tea for me?","Puteți face ceai pentru mine?"
"coffee","Coffee","Cafea"
"coffee_2","I like coffee.","Imi place cafeaua."
"coffee_3","I don't like coffee.","Nu-mi place cafeaua."
"coffee_4","I want to drink coffee.","Vreau să beau cafea."
"coffee_5","Can you make coffee for me?","Îmi poți face cafea?"
"tomato","Tomato","Roșie"
"tomato_2","I like tomato.","Îmi place roșia."
"tomato_3","I don't like tomato.","Nu-mi place roșia."
"tomato_4","I want to eat tomato.","Vreau să mănânc roșii."
"cereal","Cereal","Cereale"
"cereal_2","I like cereal.","Îmi plac cerealele."
"cereal_3","I don't like cereal.","Nu-mi plac cerealele."
"cereal_4","I want to eat cereal.","Vreau să mănânc cereale."
"cereal_5","Can you make my cereal?","Îmi poți face cereale?"
"burger","Burger","Burger"
"burger_2","I like burger.","Îmi place burgerul."
"burger_3","I don't like burger.","Nu-mi place burgerul."
"burger_4","I want to eat burger.","Vreau să mănânc burger."
"burger_5","Can you cook burger for me?","Poți să gătești burger pentru mine?"
"burger_6","Can we order burger?","Putem comanda burger?"
"french-fries","French fries","cartofi prăjiți"
"french-fries_2","I like french fries.","Îmi plac cartofii prăjiți."
"french-fries_3","I don't like french fries.","Nu-mi plac cartofii prăjiți."
"french-fries_4","I want to eat french fries.","Vreau să mănânc cartofi prăjiți."
"french-fries_5","Can you cook french fries for me?","Puteți găti cartofi prăjiți pentru mine?"
"french-fries_6","Can we order french fries?","Putem comanda cartofi prăjiți?"
"spinach","Spinach","Spanac"
"spinach_2","I like spinach.","Îmi plac spanacul."
"spinach_3","I don't like spinach.","Nu-mi place spanacul."
"spinach_4","I want to eat spinach.","Vreau să mănânc spanac."
"rice","Rice","Orez"
"rice_2","I like rice.","Imi place orezul."
"rice_3","I don't like rice.","Nu-mi place orezul."
"rice_4","I want to eat rice.","Vreau să mănânc orez."
"rice_5","Can you cook rice for me?","Poți găti orez pentru mine?"
"bread","Bread","Pâine"
"bread_2","I like bread.","Imi place painea."
"bread_3","I don't like bread.","Nu-mi place pâinea."
"bread_4","I want to eat bread.","Vreau să mănânc pâine."
"bread_5","Can you buy some bread?","Puteți cumpăra niște pâine?"
"pasta","Pasta","Paste"
"pasta_2","I like pasta.","Îmi plac pastele."
"pasta_3","I don't like pasta.","Nu-mi plac pastele."
"pasta_4","I want to eat pasta.","Vreau să mănânc paste."
"pasta_5","Can you cook pasta for me?","Poți să gătești paste pentru mine?"
"sauce","Sauce","Sos"
"sauce_2","I like sauce.","Îmi place sosul."
"sauce_3","I don't like sauce.","Nu-mi place sosul."
"sauce_4","I want some sauce.","Vreau sos."
"sauce_5","Can I have ketchup?","Pot avea ketchup?"
"sauce_6","Can I have mayonnaise?","Pot avea maioneză?"
"sauce_7","Can I have mustard?","Pot avea muștar?"
"sauce_8","Can I have ranch sauce?","Pot să am sos de ranch?"
"kebab","Kebab","Kebab"
"kebab_2","I like kebab.","Îmi place kebabul."
"kebab_3","I don't like kebab.","Nu-mi place kebabul."
"kebab_4","I want to eat kebab.","Vreau să mănânc kebab."
"kebab_5","Can you cook kebab for me?","Poți să gătești kebab pentru mine?"
"kebab_6","Can we order kebab?","Putem comanda kebab?"
"numbers","Numbers","numere"
"one","One","unu"
"one_2","One comes before two.","Unul vine înainte de două."
"one_3","One comes after zero.","Unul vine după zero."
"one_4","I want one.","Vreau una."
"two","Two","Două"
"two_2","Two comes before three.","Doi vin înainte de trei."
"two_3","Two comes after one.","Doi vin după unul."
"two_4","I want two.","Vreau două."
"three","Three","Trei"
"three_2","Three comes before four.","Trei vin înainte de patru."
"three_3","Three comes after two.","Trei vin după două."
"three_4","I want three.","Vreau trei."
"four","Four","patru"
"four_2","Four comes before five.","Patru vine înainte de cinci."
"four_3","Four comes after three.","Patru vine după trei."
"four_4","I want four.","Vreau patru."
"five","Five","Cinci"
"five_2","Five comes before six.","Cinci vin înainte de șase."
"five_3","Five comes after four.","Cinci vin după patru."
"five_4","I want five.","Vreau cinci."
"six","Six","Şase"
"six_2","Six comes before seven.","Șase vine înainte de șapte."
"six_3","Six comes after five.","Șase vine după cinci."
"six_4","I want fix.","Vreau remediere."
"seven","Seven","Șapte"
"seven_2","Seven comes before eight.","Șapte vin înainte de opt."
"seven_3","Seven comes after six.","Șapte vin după șase."
"seven_4","I want seven.","Vreau șapte."
"eight","Eight","Opt"
"eight_2","Eight comes before nine.","Opt vin înainte de nouă."
"eight_3","Eight comes after seven.","Opt vin după șapte."
"eight_4","I want eight.","Vreau opt."
"nine","Nine","Nouă"
"nine_2","Nine comes before ten.","Nouă vine înainte de zece."
"nine_3","Nine comes after eight.","Nouă vine după opt."
"nine_4","I want nine.","Vreau nouă."
"ten","Ten","Zece"
"ten_2","Ten comes before eleven.","Zece vine înainte de unsprezece."
"ten_3","Ten comes after nine.","Zece vine după nouă."
"ten_4","I want ten.","Vreau zece."
"eleven","Eleven","Unsprezece"
"eleven_2","Eleven comes before thirteen.","Unsprezece vine înainte de treisprezece ani."
"eleven_3","Eleven comes after ten.","Unsprezece vine după zece."
"eleven_4","I want eleven.","Vreau unsprezece."
"twenty","Twenty","Douăzeci"
"twenty_2","I can count up to twenty.","Pot număra până la douăzeci."
"thirty","Thirty","Treizeci"
"thirty_2","I can count up to thirty.","Pot număra până la treizeci."
"forty","Forty","Patruzeci"
"forty_2","I can count up to forty.","Pot număra până la patruzeci."
"fifty","Fifty","Cincizeci"
"fifty_2","I can count up to fifty.","Pot număra până la cincizeci."
"hundred","Hundred","Sută"
"hundred_2","I can count up to hundred.","Pot număra până la sute."
"thousand","Thousand","Mie"
"thousand_2","I can count up to thousand.","Pot număra până la mii."
"calculator","Calculator","Calculator"
"calculator_2","I want to use a calculator.","Vreau să folosesc un calculator."
"calculator_3","Can you teach me how to use a calculator?","Poți să mă înveți cum să folosesc un calculator?"
"calculator_4","Can I barrow your calculator?","Pot să vă calculez calculatorul?"
"people","People","oameni"
"mother","Mother","Mamă"
"mother_2","Mommy!","Mami!"
"mother_3","I love my mother.","Îmi place mama mea."
"mother_4","I love you mom.","Te iubesc mama."
"mother_5","I miss my mom.","Îmi este dor de mama mea."
"mother_6","Thank you for taking care of me.","Mulțumesc că ai grijă de mine."
"mother_7","She is my mom.","Ea este mama mea."
"mother_8","Can you help me find my mother?","Mă poți ajuta să-mi găsesc mama?"
"father","Father","Tată"
"father_2","Daddy!","Tati!"
"father_3","I love my father.","Îmi iubesc tatăl."
"father_4","I love you dad.","Te iubesc tata."
"father_5","I miss my dad.","Mi-e dor de tatăl meu."
"father_6","Thank you for taking care of me.","Mulțumesc că ai grijă de mine."
"father_7","He is my dad.","El este tatăl meu."
"father_8","Can you help me find my father?","Mă poți ajuta să-mi găsesc tatăl?"
"parents","Parents","Părinţi"
"parents_2","I love my parents.","Îmi iubesc părinții."
"parents_3","I love my parents.","Îmi iubesc părinții."
"parents_4","I miss my parents.","Mi-e dor de părinții mei."
"parents_5","They are my parents.","Ei sunt parintii mei."
"parents_6","My parents are taking care of me.","Părinții mei au grijă de mine."
"parents_8","Can you help me find my parents?","Mă poți ajuta să-mi găsesc părinții?"
"grandparents","Grandparents","bunici"
"grandparents_2","I love my grandparents.","Îmi iubesc bunicii."
"grandparents_3","I love you grandparents.","Te iubesc bunici."
"grandparents_4","I miss my grandparents.","Mi-e dor de bunici."
"grandparents_5","They are my grandparents.","Sunt bunicii mei."
"grandparents_6","My grandparents are taking care of me.","Bunicii mei au grijă de mine."
"grandparents_8","Can you help me find my grandparents?","Mă poți ajuta să-mi găsesc bunicii?"
"brother","Brother","Frate"
"brother_2","I love my brother.","Imi iubesc fratele."
"brother_3","I love you brother.","Te iubesc, frate."
"brother_4","I miss my brother.","Mi-e dor de fratele meu."
"brother_5","He is my brother.","El este fratele meu."
"brother_6","My brother is taking care of me.","Fratele meu are grijă de mine."
"brother_8","Can you help me find my brother?","Mă poți ajuta să-mi găsesc fratele?"
"sister","Sister","soră"
"sister_2","I love my sister.","O iubesc pe sora mea."
"sister_3","I love you sister.","Te iubesc sora."
"sister_4","I miss my sister.","Mi-e dor de sora mea."
"sister_5","She is my sister.","Ea este sora mea."
"sister_6","My sister is taking care of me.","Sora mea are grijă de mine."
"sister_8","Can you help me find my sister?","Mă poți ajuta să-mi găsesc sora?"
"uncle","Uncle","unchi"
"uncle_2","I love my uncle.","Îl iubesc pe unchiul meu."
"uncle_3","I love you uncle.","Te iubesc unchiule."
"uncle_4","I miss my uncle.","Mi-e dor de unchiul meu."
"uncle_5","He is my uncle.","El este unchiul meu."
"uncle_8","Can you help me find my uncle?","Mă poți ajuta să-mi găsesc unchiul?"
"aunt","Aunt","Mătuşă"
"aunt_2","I love my aunt.","O iubesc pe matusa mea."
"aunt_3","I love you aunt.","Te iubesc matusa."
"aunt_4","I miss my aunt.","Mi-e dor de mătușa mea."
"aunt_5","She is my aunt.","Ea este matusa mea."
"aunt_8","Can you help me find my aunt?","Mă poți ajuta să-mi găsesc mătușa?"
"teacher","Teacher","Profesor"
"teacher_2","I love my teacher.","Imi iubesc profesoara."
"teacher_3","I love you teacher.","Te iubesc profesor."
"teacher_4","I don't like my teacher.","Nu-mi place profesorul meu."
"teacher_5","I miss my teacher.","Mi-e dor de profesorul meu."
"teacher_6","Thank you for the lesson.","Vă mulțumim pentru lecție."
"therapist","Therapist","Terapeut"
"therapist_2","I love my therapist.","Îmi iubesc terapeutul."
"therapist_3","I love you therapist.","Te iubesc terapeut."
"therapist_4","I don't like my therapist.","Nu-mi place terapeutul meu."
"therapist_5","I miss my therapist.","Mi-e dor de terapeutul meu."
"therapist_6","Thank you for the session.","Vă mulțumim pentru sesiune."
"doctor","Doctor","Doctor"
"doctor_2","I love my doctor.","Îmi iubesc doctorul."
"doctor_3","I love you doctor.","Te iubesc doctore."
"doctor_4","I don't like my doctor.","Nu-mi place doctorul meu."
"doctor_5","I miss my doctor.","Mi-e dor de doctor."
"doctor_6","Thank you for healing me.","Mulțumesc că m-ai vindecat."
"friends","Friends","Prieteni"
"friends_2","I love my friends.","Imi iubesc prietenii."
"friends_3","Do you want to be my friend?","Vrei sa fi prietenul meu?"
"friends_4","I don't like my friends.","Nu-mi plac prietenii mei."
"friends_5","I miss my friends.","Mi-e dor de prietenii mei."
"friends_6","They are my friends.","Ei sunt prietenii mei."
"friends_7","Thank you for playing with me.","Vă mulțumesc că ați jucat cu mine."
"cousins","Cousins","Veri"
"cousins_2","I love my cousins.","Îmi iubesc verii mei."
"cousins_3","I don't have cousins.","Nu am veri."
"cousins_4","I miss my cousins.","Mi-e dor de verișorii mei."
"cousins_5","They are my cousins.","Ei sunt verisorii mei."
"grandmother","Grandmother","bunică"
"grandmother_2","I love my grandmother.","O iubesc pe bunica mea."
"grandmother_3","I love you grandma.","Te iubesc, bunico."
"grandmother_4","I miss my grandma.","Mi-e dor de bunica."
"grandmother_5","She is my grandma.","Este bunica mea."
"grandfather","Grandfather","bunic"
"grandfather_2","I love my grandfather.","Îl iubesc pe bunicul meu."
"grandfather_3","I love you grandpa.","Te iubesc bunicule."
"grandfather_4","I miss my grandpa.","Mi-e dor de bunicul meu."
"grandfather_5","He is my grandpa.","El este bunicul meu."
"stepfather","Stepfather","Tatăl vitreg"
"stepfather_2","I love my stepfather.","Îl iubesc pe tatăl meu vitreg."
"stepfather_3","He is my stepfather.","El este tatăl meu vitreg."
"stepfather_4","I miss my stepfather.","Mi-e dor de tatăl meu vitreg."
"stepfather_5","He is my stepfather.","El este tatăl meu vitreg."
"stepmother","Stepmother","vitrega"
"stepmother_2","I love my stepmother.","O iubesc pe mama mea vitregă."
"stepmother_3","She is my stepmother.","Este mama mea vitregă."
"stepmother_4","I miss my stepmother.","Mi-e dor de mama mea vitregă."
"stepmother_5","She is my stepmother.","Este mama mea vitregă."
"stepsister","Stepsister","Soră vitregă"
"stepsister_2","I love my stepsister.","Îmi iubesc păstorul."
"stepsister_3","She is my stepsister.","Ea este păstorul meu."
"stepsister_4","I miss my stepsister.","Mi-e dor de păstorul meu."
"stepsister_5","She is my stepsister.","Ea este păstorul meu."
"stepbrother","Stepbrother","Frate vitreg"
"stepbrother_2","I love my stepbrother.","Îmi iubesc fratele vitreg."
"stepbrother_3","He is my stepbrother.","El este fratele meu vitreg."
"stepbrother_4","I miss my stepbrother.","Mi-e dor de fratele meu vitreg."
"stepbrother_5","He is my stepbrother.","El este fratele meu vitreg."
"half-brother","Half brother","Frate vitreg"
"half-brother_2","I love my half brother.","Îmi iubesc fratele meu jumătate."
"half-brother_3","He is my half brother.","El este fratele meu jumătate."
"half-brother_4","I miss my half brother.","Mi-e dor de jumătatea mea frate."
"half-brother_5","He is my half brother.","El este fratele meu jumătate."
"half-sister","Half sister","Sora jumătate"
"half-sister_2","I love my half sister.","O iubesc pe jumătatea mea soră."
"half-sister_3","She is my half sister.","Este jumătatea mea soră."
"half-sister_4","I miss my half sister.","Mi-e dor de jumătatea mea soră."
"half-sister_5","She is my half sister.","Este jumătatea mea soră."
"quarantine","Quarantine","Carantină"
"protective-mask","Protective mask","Mască de protecție"
"stay-home","Stay home","Stai acasă"
"toilet-paper","Toilet paper","Hârtie igienica"
"sprayer","Sprayer","Pulverizator"
"disinfectant","Disinfectant","Dezinfectant"
"thermometer","Thermometer","Termometru"
"coughing","Coughing","tușit"
"medical-assistance","Medical assistance","Asistenta medicala"
"hand-sanitizer","Hand sanitizer","Dezinfectant mâini"
"gloves","Gloves","mănuși"
"social-distancing","Social distancing","Distanțare socială"
"mouth-mask","Mouth mask","Masca gurii"
"pandemic","Pandemic","Pandemic"
"working-at-home","Working at home","Muncind acasa"
"wet-wipes","Wet wipes","Servetele umede"
"first-aid-kit","First aid kit","Trusă de prim ajutor"
"fitness","Fitness","Fitness"
"e-learning","E-learning","E-learning"
"virus","Virus","Virus"
"cleaning","Cleaning","curățenie"
"school","School","Şcoală"
"desk","Desk","Birou"
"desk_2","Can I use this desk?","Pot folosi acest birou?"
"desk_3","Which desk is mine?","Ce birou este al meu?"
"desk_4","I spilled on my desk.","Am vărsat pe biroul meu."
"desk_5","Don't scratch your desk.","Nu-ți zgâria biroul."
"chair","Chair","Scaun"
"chair_2","Can I sit with you?","Pot să stau cu tine?"
"chair_3","Which chair is mine?","Care scaun este al meu?"
"chair_4","Is this chair taken?","Este luat acest scaun?"
"chair_5","I spilled on my chair.","M-am vărsat pe scaun."
"book","Book","Carte"
"book_2","Textbook","Manual"
"book_3","Workbook","Workbook"
"book_4","Reading a book.","Citind o carte."
"book_5","Can I borrow your book?","Pot sa imprumut cartea ta?"
"book_6","Which page are we at?","La ce pagină suntem?"
"book_7","Flip the page.","Întoarceți pagina."
"book_8","I lost my book.","Mi-am pierdut cartea."
"notebook","Notebook","Caiet"
"notebook_2","Taking notes.","Luând note."
"notebook_3","I'm taking notes.","Iau note."
"notebook_4","I lost my notebook.","Mi-am pierdut caietul."
"backpack","Backpack","Rucsac"
"backpack_2","Carrying my backpack.","Îmi port rucsacul."
"backpack_3","Putting my books in my backpack.","Îmi bag cărțile în rucsac."
"backpack_4","I need a new backpack.","Am nevoie de un rucsac nou."
"backpack_5","Thank you for carrying my backpack.","Vă mulțumesc că mi-ați purtat rucsacul."
"backpack_6","I lost my backpack.","Mi-am pierdut rucsacul."
"backpack_7","My backpack is heavy.","Rucsacul meu este greu."
"blackboard","Blackboard","Tabla de scris"
"blackboard_2","Look at the blackboard.","Uită-te la tablă."
"blackboard_3","Cleaning the blackboard.","Curățarea tablei."
"blackboard_4","Solving the problem on the blackboard.","Rezolvarea problemei de pe tablă."
"blackboard_5","Taking note on the blackboard.","Luând notă pe tablă."
"blackboard_6","Give me a chalk.","Dă-mi o cretă."
"teacher_7","I don't like this topic.","Nu-mi place acest subiect."
"teacher_8","Thank you for the lesson.","Vă mulțumim pentru lecție."
"school-bus","School bus","Autobuz scolar"
"school-bus_2","School bus is coming.","Autobuzul școlar vine."
"school-bus_3","Can I sit next to you?","Pot să stau lângă tine?"
"school-bus_4","Thank you bus driver!","Mulțumesc șofer de autobuz!"
"school-bus_5","School bus was late.","Autobuzul școlar a întârziat."
"pencil","Pencil","Creion"
"pencil_2","I'm writing.","Scriu."
"pencil_3","I'm learning to write.","Învăț să scriu."
"pencil_4","I need a new pencil.","Am nevoie de un creion nou."
"pencil_5","Can I borrow your pencil?","Pot sa îți împrumut creionul?"
"pencil_6","I lost my pencil.","Mi-am pierdut creionul."
"eraser","Eraser","Radieră"
"eraser_2","I'm erasing.","Șterg."
"eraser_3","I need a new eraser.","Am nevoie de o nouă radieră."
"eraser_4","Can I borrow your eraser?","Pot să vă împrumutați ștergătorul?"
"eraser_5","I lost my eraser.","Mi-am pierdut radiatorul."
"ruler","Ruler","Rigla"
"ruler_2","I'm measuring.","Mă măsoară."
"ruler_3","I need a new ruler.","Am nevoie de un nou conducător."
"ruler_4","Can I borrow your ruler?","Pot împrumuta domnitorul tău?"
"ruler_5","I lost my ruler.","Mi-am pierdut domnitorul."
"sharpener","Sharpener","Ascuţitoare"
"sharpener_2","I'm sharpening my pencil.","Îmi ascuțesc creionul."
"sharpener_3","I need a new sharpener.","Am nevoie de un ascuțitor nou."
"sharpener_4","Can I borrow your sharpener?","Pot împrumuta ascuțitorul tău?"
"sharpener_5","I lost my sharpener.","Mi-am pierdut ascuțitorul."
"mathematics","Mathematics","Matematică"
"mathematics_2","I like mathematics.","Îmi place matematica."
"mathematics_3","I want to study mathematics.","Vreau să studiez matematica."
"mathematics_4","I don't like mathematics.","Nu-mi place matematica."
"mathematics_5","When is mathematics class?","Când este clasa de matematică?"
"mathematics_6","Can you help me with my mathematics homework?","Ma poti ajuta cu temele de matematica?"
"literature","Literature","Literatură"
"literature_2","I like literature.","Îmi place literatura."
"literature_3","I want to study literature.","Vreau să studiez literatura."
"literature_4","I don't like literature.","Nu-mi place literatura."
"literature_5","When is literature class?","Când este o clasă de literatură?"
"literature_6","Can you help me with my literature homework?","Mă poți ajuta cu temele mele de literatură?"
"science","Science","Ştiinţă"
"science_2","I like science.","Îmi place știința."
"science_3","I want to study science.","Vreau să studiez știința."
"science_4","I don't like science.","Nu-mi place știința."
"science_5","When is science class?","Când este curs de știință?"
"science_6","Can you help me with my science homework?","Mă poți ajuta cu temele de știință?"
"art-class","Art class","Clasa de artă"
"art-class_2","I like art class.","Îmi place clasa de artă."
"art-class_3","I want to practice art skills.","Vreau să exersez abilități de artă."
"art-class_4","I don't like art class.","Nu-mi place clasa de artă."
"art-class_5","When is art class?","Când este clasa de artă?"
"art-class_6","Can you help me with my art class homework?","Mă poți ajuta cu temele mele de artă?"
"music-class","Music class","Curs de muzică"
"music-class_2","I like music class.","Îmi place clasa de muzică."
"music-class_3","I want to practice music skills.","Vreau să exersez abilități de muzică."
"music-class_4","I don't like music class.","Nu-mi place clasa de muzică."
"music-class_5","When is music class?","Când este clasa de muzică?"
"music-class_6","Can you help me with my music class homework?","Mă poți ajuta cu temele pentru clasa de muzică?"
"geography","Geography","Geografie"
"geography_2","I like geography.","Îmi place geografia."
"geography_3","I want to study geography.","Vreau să studiez geografia."
"geography_4","I don't like geography.","Nu-mi place geografia."
"geography_5","When is geography?","Când este geografia?"
"geography_6","Can you help me with my geography homework?","Mă poți ajuta cu temele pentru geografie?"
"telescope","Telescope","Telescop"
"telescope_2","I'm using the telescope.","Folosesc telescopul."
"telescope_3","I want to use the telescope.","Vreau să folosesc telescopul."
"telescope_4","I want to look at the stars.","Vreau să mă uit la stele."
"glue","Glue","Lipici"
"glue_2","I'm using glue.","Folosesc clei."
"glue_3","I need a new glue.","Am nevoie de un lipici nou."
"glue_4","Can I borrow your glue?","Îți pot împrumuta lipiciul?"
"glue_5","I lost my glue.","Mi-am pierdut lipiciul."
"shapes","Shapes","forme"
"circle","Circle","Cerc"
"circle_2","This is circle shaped.","Acesta este în formă de cerc."
"circle_3","Can you teach me how to draw a circle?","Poți să mă înveți cum să desenez un cerc?"
"triangle","Triangle","Triunghi"
"triangle_2","This is triangle shaped.","Acesta este în formă de triunghi."
"triangle_3","Can you teach me how to draw a triangle?","Poți să mă înveți cum să desenez un triunghi?"
"square","Square","Pătrat"
"square_2","This is square shaped.","Acesta este în formă de pătrat."
"square_3","Can you teach me how to draw a square?","Poți să mă înveți cum să desenez un pătrat?"
"rectangle","Rectangle","Dreptunghi"
"rectangle_2","This is rectangle shaped.","Acesta este în formă de dreptunghi."
"rectangle_3","Can you teach me how to draw a rectangle?","Poți să mă înveți cum să desenez un dreptunghi?"
"star","Star","Stea"
"star_2","This is star shaped.","Aceasta are formă de stea."
"star_3","Can you teach me how to draw a star?","Poți să mă înveți cum să desenez o stea?"
"pentagon","Pentagon","Pentagon"
"pentagon_2","This is pentagon shaped.","Acesta este în formă de pentagon."
"pentagon_3","Can you teach me how to draw a pentagon?","Poți să mă înveți cum să desenez un pentagon?"
"hexagon","Hexagon","Hexagon"
"hexagon_2","This is hexagon shaped.","Acesta este în formă de hexagon."
"hexagon_3","Can you teach me how to draw a hexagon?","Poți să mă înveți cum să desenez un hexagon?"
"cross","Cross","Traversa"
"cross_2","This is cross shaped.","Aceasta este în formă de cruce."
"cross_3","Can you teach me how to draw a cross?","Poți să mă înveți cum să desenez o cruce?"
"ellipse","Ellipse","Elipsă"
"ellipse_2","This is ellipse shaped.","Aceasta este în formă de elipsă."
"ellipse_3","Can you teach me how to draw a ellipse?","Poți să mă înveți cum să desenez o elipsă?"
"arrow","Arrow","Săgeată"
"arrow_2","This is arrow shaped.","Aceasta este în formă de săgeată."
"arrow_3","Can you teach me how to draw a arrow?","Poți să mă înveți cum să desenez o săgeată?"
"crescent","Crescent","Semilună"
"crescent_2","This is crescent shaped.","Aceasta este în formă de semilună."
"crescent_3","Can you teach me how to draw a crescent?","Poți să mă înveți cum să desenez o semilună?"
"heart","Heart","inimă"
"heart_2","This is heart shaped.","Aceasta este în formă de inimă."
"heart_3","Can you teach me how to draw a heart?","Poți să mă înveți cum să atrag o inimă?"
"rhombus","Rhombus","Romb"
"rhombus_2","This is rhombus shaped.","Acesta este în formă de romboi."
"rhombus_3","Can you teach me how to draw a rhombus?","Poți să mă înveți cum să desenez un romboi?"
"ring","Ring","Inel"
"ring_2","This is ring shaped.","Acesta este în formă de inel."
"ring_3","Can you teach me how to draw a ring?","Poți să mă înveți cum să desenez un inel?"
"semicircle","Semicircle","Semicerc"
"semicircle_2","This is semicircle shaped.","Aceasta este în formă de semicerc."
"semicircle_3","Can you teach me how to draw a semicircle?","Poți să mă înveți cum să desenez un semicerc?"
"trapezoid","Trapezoid","trapez"
"trapezoid_2","This is trapezoid shaped.","Acesta este în formă de trapez."
"trapezoid_3","Can you teach me how to draw a trapezoid?","Poți să mă înveți cum să desenez un trapez?"
"cube","Cube","cub"
"cube_2","This is cube shaped.","Acesta este în formă de cub."
"cube_3","Can you teach me how to draw a cube?","Poți să mă înveți cum să desenez un cub?"
"cylinder","Cylinder","Cilindru"
"cylinder_2","This is cylinder shaped.","Acesta este în formă de cilindru."
"cylinder_3","Can you teach me how to draw a cylinder?","Poți să mă înveți cum să desenez un cilindru?"