"activities","Activities","verksamhet"
"walking","Walking","Gående"
"walking_2","I like walking","jag gillar att gå"
"walking_3","I don't like walking","Jag gillar inte att gå"
"walking_4","Do you want to walk together?","Vill du gå tillsammans?"
"running","Running","Löpning"
"running_2","I like running.","Jag gillar att springa."
"running_3","I don't like running.","Jag gillar inte att springa."
"running_4","Do you want to go running?","Vill du springa?"
"talking","Talking","Talande"
"talking_2","I like talking.","Jag gillar att prata."
"talking_3","I don't like talking.","Jag gillar inte att prata."
"talking_4","Do you want to talk with me?","Vill du prata med mig?"
"reading","Reading","Läsning"
"reading_2","I like reading.","Jag gillar att läsa."
"reading_3","I don't like reading.","Jag gillar inte att läsa."
"reading_4","Do you want to read together?","Vill du läsa tillsammans?"
"football","Football","Fotboll"
"football_2","I like playing football.","Jag gillar att spela fotboll."
"football_3","I don't like playing football.","Jag gillar inte att spela fotboll."
"football_4","Do you want to play football?","Vill du spela fotboll?"
"basketball","Basketball","Basketboll"
"basketball_2","I like playing basketball.","Jag gillar att spela basket."
"basketball_3","I don't like playing basketball.","Jag gillar inte att spela basket."
"basketball_4","Do you want to play basketball?","Vill du spela basket?"
"swimming","Swimming","Simning"
"swimming_2","I like swimming.","Jag gillar simning."
"swimming_3","I don't like swimming.","Jag gillar inte att simma."
"swimming_4","Do you want to go to swimming?","Vill du bada?"
"painting","Painting","Målning"
"painting_2","I like painting.","Jag gillar att måla."
"painting_3","I don't like painting.","Jag gillar inte att måla."
"painting_4","Do you want to paint together?","Vill du måla tillsammans?"
"drawing","Drawing","Teckning"
"drawing_2","I like drawing.","Jag gillar att rita."
"drawing_3","I don't like drawing.","Jag gillar inte att rita."
"drawing_4","Do you want to draw together?","Vill du dra tillsammans?"
"cycling","Cycling","Cykling"
"cycling_2","I like cycling.","Jag gillar att cykla."
"cycling_3","I don't like cycling.","Jag gillar inte att cykla."
"cycling_4","Do you want to go cycling?","Vill du cykla?"
"skating","Skating","Skridskoåkning"
"skating_2","I like skating.","Jag gillar skridskoåkning."
"skating_3","I don't like skating.","Jag gillar inte skridskoåkning."
"skating_4","Do you want to go skating?","Vill du åka skridskor?"
"sightseeing","Sightseeing","Sightseeing"
"sightseeing_2","I like sightseeing.","Jag gillar sightseeing."
"sightseeing_3","I don't like sightseeing.","Jag gillar inte sightseeing."
"sightseeing_4","Do you want to go for sightseeing?","Vill du åka på sightseeing?"
"video-games","Video games","Videospel"
"video-games_2","I like playing video games.","Jag gillar att spela videospel."
"video-games_3","I don't like playing video games.","Jag gillar inte att spela videospel."
"video-games_4","Do you want to play games?","Vill du spela spel?"
"tidying","Tidying","städa"
"tidying_2","I like tidying my room.","Jag gillar att städa mitt rum."
"tidying_3","I don't like tidying my room.","Jag gillar inte att städa mitt rum."
"tidying_4","Can you help me tidy my room?","Kan du hjälpa mig att städa mitt rum?"
"toys","Toys","leksaker"
"toys_2","I like toys.","Jag gillar leksaker."
"toys_3","I don't like toys.","Jag gillar inte leksaker."
"toys_4","Do you want to play with my toys?","Vill du leka med mina leksaker?"
"puzzle","Puzzle","Pussel"
"puzzle_2","I like solving puzzle.","Jag gillar att lösa pussel."
"puzzle_3","I don't like solving puzzle.","Jag gillar inte att lösa pussel."
"puzzle_4","Do you want to solve puzzles with me?","Vill du lösa pussel med mig?"
"comics","Comics","Serier"
"comics_2","I like reading comics.","Jag gillar att läsa serier."
"comics_3","I don't like reading comics.","Jag gillar inte att läsa serier."
"comics_4","Do you want to read comics?","Vill du läsa serier?"
"chess","Chess","Schack"
"chess_2","I like playing chess.","Jag gillar att spela schack."
"chess_3","I don't like playing chess.","Jag gillar inte att spela schack."
"chess_4","Do you want to play chess with me?","Vill du spela schack med mig?"
"using-leeloo","Using Leeloo","Använda Leeloo"
"using-leeloo_2","I like using leeloo.","Jag gillar att använda leeloo."
"using-leeloo_3","I don't like using leeloo.","Jag gillar inte att använda leeloo."
"using-leeloo_4","Can you change card packs on leeloo?","Kan du byta kortpaket på leeloo?"
"texting","Texting","textning"
"texting_2","I like texting.","Jag gillar att skicka text."
"texting_3","I don't like texting.","Jag gillar inte SMS."
"knitting","Knitting","Stickning"
"knitting_2","I like knitting.","Jag gillar att sticka."
"knitting_3","I don't like knitting.","Jag gillar inte att sticka."
"knitting_4","I want to learn how to knit.","Jag vill lära mig att sticka."
"bowling","Bowling","Bowling"
"bowling_2","I like bowling.","Jag gillar bowling."
"bowling_3","I don't like bowling.","Jag gillar inte bowling."
"bowling_4","Do you want to play bowling with me?","Vill du spela bowling med mig?"
"watching-tv","Watching TV","Tittar på tv"
"watching-tv_2","I like watching tv.","Jag gillar att titta på tv."
"watching-tv_3","I don't like watching tv.","Jag gillar inte att titta på tv."
"watching-tv_4","Do you want to watch tv?","Vill du titta på tv?"
"fishing","Fishing","Fiske"
"fishing_2","I like fishing.","Jag gillar att fiska."
"fishing_3","I don't like fishing.","Jag gillar inte fiske."
"fishing_4","Do you want to go to fishing?","Vill du fiska?"
"exercising","Exercising","utövar"
"exercising_2","I like exercising.","Jag gillar att träna."
"exercising_3","I don't like exercising.","Jag gillar inte att träna."
"exercising_4","Do you want to exercise with me?","Vill du träna med mig?"
"tennis","Tennis","Tennis"
"tennis_2","I like playing tennis.","Jag gillar att spela tennis."
"tennis_3","I don't like playing tennis.","Jag gillar inte att spela tennis."
"tennis_4","Do you want to play tennis with me?","Vill du spela tennis med mig?"
"animals","Animals","djur"
"cat","Cat","Katt"
"cat_2","I like cats.","Jag gillar katter."
"cat_3","I saw a cat.","Jag såg en katt."
"cat_4","What noise does a cat make?","Vilket ljud gör en katt?"
"cat_5","Can we get a cat as pet?","Kan vi få en katt som husdjur?"
"dog","Dog","Hund"
"dog_2","I like dog.","Jag gillar hund."
"dog_3","I saw a dog.","Jag såg en hund."
"dog_4","What noise does a dog make?","Vilket ljud gör en hund?"
"dog_5","Can we get a dog as pet?","Kan vi få en hund som husdjur?"
"fish","Fish","Fisk"
"fish_2","I like fish.","Jag tycker om fisk."
"fish_3","I saw a fish.","Jag såg en fisk."
"fish_4","What noise does a fish make?","Vilket ljud gör en fisk?"
"fish_5","Can we get a fish as pet?","Kan vi få en fisk som husdjur?"
"rabbit","Rabbit","Kanin"
"rabbit_2","I like rabbits.","Jag gillar kaniner."
"rabbit_3","I saw a rabbit.","Jag såg en kanin."
"rabbit_4","What noise does a rabbit make?","Vilket ljud gör en kanin?"
"rabbit_5","Can we get a rabbit as pet?","Kan vi få en kanin som husdjur?"
"butterfly","Butterfly","Fjäril"
"butterfly_2","I like butterflies.","Jag gillar fjärilar."
"butterfly_3","I saw a butterfly.","Jag såg en fjäril."
"butterfly_4","What noise does a butterfly make?","Vilket ljud gör en fjäril?"
"kangaroo","Kangaroo","Känguru"
"kangaroo_2","I like kangaroos.","Jag gillar känguruer."
"kangaroo_3","I saw a kangaroo.","Jag såg en känguru."
"kangaroo_4","What noise does a kangaroo make?","Vilket ljud gör en känguru?"
"turtle","Turtle","Sköldpadda"
"turtle_2","I like turtles.","Jag gillar sköldpaddor."
"turtle_3","I saw a turtle.","Jag såg en sköldpadda."
"turtle_4","What noise does a turtle make?","Vilket ljud gör en sköldpadda?"
"giraffe","Giraffe","Giraff"
"giraffe_2","I like giraffes.","Jag gillar giraffer."
"giraffe_3","I saw a giraffe.","Jag såg en giraff."
"giraffe_4","What noise does a giraffe make?","Vilket ljud gör en giraff?"
"frog","Frog","Groda"
"frog_2","I like frogs.","Jag gillar grodor."
"frog_3","I saw a frog.","Jag såg en groda."
"frog_4","What noise does a frog make?","Vilket ljud gör en groda?"
"swan","Swan","Svan"
"swan_2","I like swans.","Jag gillar svanar."
"swan_3","I saw a swan.","Jag såg en svan."
"swan_4","What noise does a swan make?","Vilket ljud gör en svan?"
"spider","Spider","Spindel"
"spider_2","I like spiders.","Jag gillar spindlar."
"spider_3","I saw a spider.","Jag såg en spindel."
"spider_4","What noise does a spider make?","Vilket ljud gör en spindel?"
"cow","Cow","Ko"
"cow_2","I like cows.","Jag gillar kor."
"cow_3","I saw a cow.","Jag såg en ko."
"cow_4","What noise does a cow make?","Vilket ljud gör en ko?"
"duck","Duck","Anka"
"duck_2","I like ducks.","Jag gillar ankor."
"duck_3","I saw a duck.","Jag såg en anka."
"duck_4","What noise does a duck make?","Vilket ljud gör en anka?"
"horse","Horse","Häst"
"horse_2","I like horses.","Jag gillar hästar."
"horse_3","I saw a horse.","Jag såg en häst."
"horse_4","What noise does a horse make?","Vilket ljud gör en häst?"
"chicken","Chicken","Kyckling"
"chicken_2","I like chickens.","Jag gillar kycklingar."
"chicken_3","I saw a chicken.","Jag såg en kyckling."
"chicken_4","What noise does a chicken make?","Vilket ljud gör en kyckling?"
"bee","Bee","Bi"
"bee_2","I like bees.","Jag gillar bin."
"bee_3","I saw a bee.","Jag såg ett bi."
"bee_4","What noise does a bee make?","Vilket ljud gör ett bi?"
"pig","Pig","Gris"
"pig_2","I like pigs.","Jag gillar svin."
"pig_3","I saw a pig.","Jag såg en gris."
"pig_4","What noise does a pig make?","Vilket ljud gör en gris?"
"dove","Dove","Duva"
"dove_2","I like doves.","Jag gillar duvor."
"dove_3","I saw a dove.","Jag såg en duva."
"dove_4","What noise does a dove make?","Vilket ljud gör en duva?"
"crab","Crab","krabba"
"crab_2","I like crabs.","Jag gillar krabbor."
"crab_3","I saw a crab.","Jag såg en krabba."
"crab_4","What noise does a crab make?","Vilket ljud gör en krabba?"
"penguin","Penguin","Pingvin"
"penguin_2","I like penguins.","Jag gillar pingviner."
"penguin_3","I saw a penguin.","Jag såg en pingvin."
"penguin_4","What noise does a penguin make?","Vilket ljud gör en pingvin?"
"elephant","Elephant","Elefant"
"elephant_2","I like elephants.","Jag gillar elefanter."
"elephant_3","I saw an elephant.","Jag såg en elefant."
"elephant_4","What noise does an elephant make?","Vilket ljud gör en elefant?"
"zebra","Zebra","Zebra"
"zebra_2","I like zebras.","Jag gillar sebraer."
"zebra_3","I saw a zebra.","Jag såg en sebra."
"zebra_4","What noise does a zebra make?","Vilket ljud gör en sebra?"
"panda","Panda","Panda"
"panda_2","I like pandas.","Jag gillar pandor."
"panda_3","I saw a panda.","Jag såg en panda."
"panda_4","What noise does a panda make?","Vilket ljud gör en panda?"
"monkey","Monkey","Apa"
"monkey_2","I like monkeys.","Jag gillar apor."
"monkey_3","I saw a monkey.","Jag såg en apa."
"monkey_4","What noise does a monkey make?","Vilket ljud gör en apa?"
"camel","Camel","Kamel"
"camel_2","I like camels.","Jag gillar kameler."
"camel_3","I saw a camel.","Jag såg en kamel."
"camel_4","What noise does a camel make?","Vilket ljud gör en kamel?"
"mouse","Mouse","Mus"
"mouse_2","I like mice.","Jag gillar möss."
"mouse_3","I saw a mouse.","Jag såg en mus."
"mouse_4","What noise does a mouse make?","Vilket ljud gör en mus?"
"tiger","Tiger","Tiger"
"tiger_2","I like tigers.","Jag gillar tigrar."
"tiger_3","I saw a tiger.","Jag såg en tiger."
"tiger_4","What noise does a tiger make?","Vilket ljud gör en tiger?"
"jellyfish","Jellyfish","Manet"
"jellyfish_2","I like jellyfishes.","Jag gillar maneter."
"jellyfish_3","I saw a jellyfish.","Jag såg en manet."
"jellyfish_4","What noise does a jellyfish make?","Vilket ljud gör en manet?"
"crocodile","Crocodile","Krokodil"
"crocodile_2","I like crocodiles.","Jag gillar krokodiler."
"crocodile_3","I saw a crocodile.","Jag såg en krokodil."
"crocodile_4","What noise does a crocodile make?","Vilket ljud gör en krokodil?"
"koala","Koala","Koala"
"koala_2","I like koalas.","Jag gillar koalor."
"koala_3","I saw a koala.","Jag såg en koala."
"koala_4","What noise does a koala make?","Vilket ljud gör en koala?"
"ostrich","Ostrich","Struts"
"ostrich_2","I like ostriches.","Jag gillar strutsar."
"ostrich_3","I saw an ostrich.","Jag såg en struts."
"ostrich_4","What noise does an ostrich make?","Vilket ljud gör en struts?"
"racoon","Racoon","Racoon"
"racoon_2","I like racoons.","Jag gillar racoons."
"racoon_3","I saw a racoon.","Jag såg en racoon."
"racoon_4","What noise does a racoon make?","Vilket ljud gör en racoon?"
"bat","Bat","fladdermus"
"bat_2","I like bats.","Jag gillar fladdermöss."
"bat_3","I saw a bat.","Jag såg en fladdermus."
"bat_4","What noise does a bat make?","Vilket ljud gör en fladdermus?"
"eagle","Eagle","Örn"
"eagle_2","I like eagles.","Jag gillar örnar."
"eagle_3","I saw an eagle.","Jag såg en örn."
"eagle_4","What noise does an eagle make?","Vilket ljud gör en örn?"
"hippopotamus","Hippopotamus","Flodhäst"
"hippopotamus_2","I like hippopotamus.","Jag gillar flodhäst."
"hippopotamus_3","I saw a hippopotamus.","Jag såg en flodhäst."
"hippopotamus_4","What noise does a hippopotamus make?","Vilket ljud gör en flodhäst?"
"seal","Seal","Täta"
"seal_2","I like seals.","Jag gillar sälar."
"seal_3","I saw a seal.","Jag såg en säl."
"seal_4","What noise does a seal make?","Vilket ljud gör en tätning?"
"walrus","Walrus","Valross"
"walrus_2","I like walruses.","Jag gillar valrossar."
"walrus_3","I saw a walrus.","Jag såg en valross."
"walrus_4","What noise does a walrus make?","Vilket ljud gör en valross?"
"seahorse","Seahorse","Sjöhäst"
"seahorse_2","I like seahorses.","Jag gillar sjöhästar."
"seahorse_3","I saw a seahorse.","Jag såg en sjöhäst."
"seahorse_4","What noise does a seahorse make?","Vilket ljud gör en sjöhäst?"
"bull","Bull","Tjur"
"bull_2","I like bulls.","Jag gillar tjurar."
"bull_3","I saw a bull.","Jag såg en tjur."
"bull_4","What noise does a bull make?","Vilket ljud gör en tjur?"
"pelican","Pelican","Pelikan"
"pelican_2","I like pelicans.","Jag gillar pelikaner."
"pelican_3","I saw a pelican.","Jag såg en pelikan."
"pelican_4","What noise does a pelican make?","Vilket ljud gör en pelikan?"
"beaver","Beaver","Bäver"
"beaver_2","I like beavers.","Jag gillar bäver."
"beaver_3","I saw a beaver.","Jag såg en bäver."
"beaver_4","What noise does a beaver make?","Vilket ljud gör en bäver?"
"goldfish","Goldfish","Guldfisk"
"goldfish_2","I like goldfishes.","Jag gillar guldfiskar."
"goldfish_3","I saw a goldfish.","Jag såg en guldfisk."
"goldfish_4","What noise does a goldfish make?","Vilket ljud gör en guldfisk?"
"goldfish_5","Can we get a goldfish as pet?","Kan vi få en guldfisk som husdjur?"
"rhinoceros","Rhinoceros","Noshörning"
"rhinoceros_2","I like rhinoceros.","Jag gillar noshörning."
"rhinoceros_3","I saw a rhinoceros.","Jag såg en noshörning."
"rhinoceros_4","What noise does a rhinoceros make?","Vilket ljud gör en noshörning?"
"snake","Snake","Orm"
"snake_2","I like snakes.","Jag gillar ormar."
"snake_3","I saw a snake.","Jag såg en orm."
"snake_4","What noise does a snake make?","Vilket ljud gör en orm?"
"lion","Lion","Lion"
"lion_2","I like lions.","Jag gillar lejon."
"lion_3","I saw a lion.","Jag såg ett lejon."
"lion_4","What noise does a lion make?","Vilket ljud gör en lejon?"
"squid","Squid","Bläckfisk"
"squid_2","I like squids.","Jag gillar bläckfiskar."
"squid_3","I saw a squid.","Jag såg en bläckfisk."
"squid_4","What noise does a squid make?","Vilket ljud gör en bläckfisk?"
"whale","Whale","Val"
"whale_2","I like whales.","Jag gillar valar."
"whale_3","I saw a whale.","Jag såg en val."
"whale_4","What noise does a whale make?","Vilket ljud gör en val?"
"beetle","Beetle","Skalbagge"
"beetle_2","I like beetles.","Jag gillar skalbaggar."
"beetle_3","I saw a beetle.","Jag såg en skalbagge."
"beetle_4","What noise does a beetle make?","Vilket ljud gör en skalbagge?"
"dolphin","Dolphin","Delfin"
"dolphin_2","I like dolphins.","Jag gillar delfiner."
"dolphin_3","I saw a dolphin.","Jag såg en delfin."
"dolphin_4","What noise does a dolphin make?","Vilket ljud gör en delfin?"
"starfish","Starfish","Sjöstjärna"
"starfish_2","I like starfishes.","Jag gillar sjöstjärnor."
"starfish_3","I saw a starfish.","Jag såg en sjöstjärna."
"starfish_4","What noise does a starfish make?","Vilket ljud gör en sjöstjärna?"
"parakeet","Parakeet","Parakit"
"parakeet_2","I like parakeets.","Jag gillar parakiter."
"parakeet_3","I saw a parakeet.","Jag såg en parakiter."
"parakeet_4","What noise does a parakeet make?","Vilket ljud gör en parakit?"
"owl","Owl","Uggla"
"owl_2","I like owls.","Jag gillar ugglor."
"owl_3","I saw an owl.","Jag såg en uggla."
"owl_4","What noise does an owl make?","Vilket ljud gör en uggla?"
"sheep","Sheep","Får"
"sheep_2","I like sheeps.","Jag gillar får."
"sheep_3","I saw a sheep.","Jag såg ett får."
"sheep_4","What noise does a sheep make?","Vilket ljud gör ett får?"
"clothes","Clothes","Kläder"
"pants","Pants","Byxor"
"pants_2","My pants are dirty.","Mina byxor är smutsiga."
"pants_3","Can you help me wear my pants?","Kan du hjälpa mig att bära mina byxor?"
"shirt","Shirt","Skjorta"
"shirt_2","My shirt is dirty.","Min skjorta är smutsig."
"shirt_3","Can you help me wear my shirt?","Kan du hjälpa mig att bära min skjorta?"
"skirt","Skirt","Kjol"
"skirt_2","My skirt is dirty.","Min kjol är smutsig."
"skirt_3","Can you help me wear my skirt?","Kan du hjälpa mig att bära min kjol?"
"panty","Panty","Panty"
"panty_2","My underwear is dirty.","Min underkläder är smutsig."
"panty_3","Can you help me wear my panty?","Kan du hjälpa mig att bära trosan?"
"jacket","Jacket","Jacka"
"jacket_2","My jacket is dirty.","Min jacka är smutsig."
"jacket_3","Can you help me wear my jacket?","Kan du hjälpa mig att bära min jacka?"
"tie","Tie","Slips"
"tie_2","I like wearing tie.","Jag gillar att bära slips."
"tie_3","Can you help me tie my tie?","Kan du hjälpa mig att knyta mitt slips?"
"baseball-cap","Baseball cap","Basebollkeps"
"baseball-cap_2","I like wearing baseball cap.","Jag gillar att bära baseballmössa."
"baseball-cap_3","Which baseball cap should I wear?","Vilket baseballlock ska jag bära?"
"dress","Dress","Klänning"
"dress_2","My dress is dirty.","Min klänning är smutsig."
"dress_3","Can you help me wear my dress?","Kan du hjälpa mig att bära min klänning?"
"shoes","Shoes","Skor"
"shoes_2","My shoes are dirty.","Mina skor är smutsiga."
"shoes_3","Can you help me wear my shoes?","Kan du hjälpa mig att bära mina skor?"
"boots","Boots","stövlar"
"boots_2","My boots are dirty.","Mina stövlar är smutsiga."
"boots_3","Can you help me wear my boots?","Kan du hjälpa mig att bära mina stövlar?"
"sneakers","Sneakers","gymnastikskor"
"sneakers_2","I want to wear my sneakers.","Jag vill bära mina sneakers."
"sneakers_3","Can you help me wear my sneakers?","Kan du hjälpa mig att bära mina sneakers?"
"slippers","Slippers","Tofflor"
"slippers_2","I want to wear my slippers.","Jag vill ha mina tofflor."
"slippers_3","Can you help me wear my slippers?","Kan du hjälpa mig att bära mina tofflor?"
"belt","Belt","Bälte"
"belt_2","I like wearing belt.","Jag gillar att bära bälte."
"belt_3","Can you help me wear my belt?","Kan du hjälpa mig att bära mitt bälte?"
"socks","Socks","Strumpor"
"socks_2","My socks are dirty.","Mina strumpor är smutsiga."
"socks_3","Can you help me wear my socks?","Kan du hjälpa mig att bära mina strumpor?"
"swimsuit","Swimsuit","Baddräkt"
"swimsuit_2","I want to wear my swimsuit.","Jag vill ha min baddräkt."
"swimsuit_3","Can you help me wear my swimsuit?","Kan du hjälpa mig att bära min baddräkt?"
"sweater","Sweater","Tröja"
"sweater_2","My sweater is dirty.","Min tröja är smutsig."
"sweater_3","Can you help me wear my sweater?","Kan du hjälpa mig att bära min tröja?"
"scarf","Scarf","Scarf"
"scarf_2","I like wearing scarf.","Jag gillar att ha på mig halsduk."
"scarf_3","Can you help me wear my scarf?","Kan du hjälpa mig att bära min halsduk?"
"denim-shorts","Denim shorts","Jeansshorts"
"denim-shorts_2","My denim shorts are dirty.","Mina jeans-shorts är smutsiga."
"denim-shorts_3","Can you help me wear my denim shorts?","Kan du hjälpa mig att bära mina jeansbyxor?"
"hoodies","Hoodies","hoodies"
"hoodies_2","I like wearing hoodies.","Jag gillar att bära hoodies."
"hoodies_3","Can you help me wear my hoodie?","Kan du hjälpa mig att bära min hoodie?"
"swimming-shorts","Swimming shorts","Badbyxor"
"swimming-shorts_2","My swimming shorts are dirty.","Mina badshorts är smutsiga."
"swimming-shorts_3","Can you help me wear my swimming shorts?","Kan du hjälpa mig att bära mina badbyxor?"
"bow-tie","Bow tie","Fluga"
"bow-tie_2","I like wearing bow tie.","Jag gillar att bära slips."
"bow-tie_3","Can you help me wear my bow tie?","Kan du hjälpa mig att bära mitt fluga?"
"leather-jacket","Leather jacket","Läderjacka"
"leather-jacket_2","I like wearing leather jacket.","Jag gillar att bära läderjacka."
"leather-jacket_3","Can you help me wear my leather jacket?","Kan du hjälpa mig att bära min skinnjacka?"
"bathrobe","Bathrobe","Badrock"
"bathrobe_2","I like wearing bathrobe.","Jag gillar att ha badrock."
"bathrobe_3","Can you help me wear my bathrobe?","Kan du hjälpa mig att bära min badrock?"
"jumpsuit","Jumpsuit","Jumpsuit"
"jumpsuit_2","I like wearing jumpsuit.","Jag gillar att ha på mig jumpsuit."
"jumpsuit_3","Can you help me wear my jumpsuit?","Kan du hjälpa mig att bära min jumpsuit?"
"fedora-hat","Fedora hat","Fedora hatt"
"fedora-hat_2","I like wearing fedora hat.","Jag gillar att ha på mig fedorahatt."
"fedora-hat_3","Can you help me wear my fedora hat?","Kan du hjälpa mig att bära min fedorahatt?"
"t-shirt","T-shirt","T-shirt"
"t-shirt_2","I like wearing t-shirt.","Jag gillar att bära t-shirt."
"t-shirt_3","Can you help me wear my t-shirt?","Kan du hjälpa mig att bära min t-shirt?"
"sleeveless","Sleeveless","Ärmlös"
"sleeveless_2","I like wearing sleeveless.","Jag gillar att ha ärmlös."
"sleeveless_3","Can you help me wear my sleeveless?","Kan du hjälpa mig att bära min ärmlösa?"
"boxers","Boxers","Boxers"
"boxers_2","I like wearing boxers.","Jag gillar att bära boxare."
"boxers_3","Can you help me wear my boxers?","Kan du hjälpa mig att bära mina boxare?"
"vest","Vest","Väst"
"vest_2","I like wearing vest.","Jag gillar att bära väst."
"vest_3","Can you help me wear my vest?","Kan du hjälpa mig att bära min väst?"
"pamela-hat","Pamela hat","Pamela hatt"
"pamela-hat_2","I like wearing pamela hat.","Jag gillar att bära pamela hatt."
"pamela-hat_3","Can you help me wear my pamela hat?","Kan du hjälpa mig att bära min pamela hatt?"
"high-heels","High heels","Högklackat"
"high-heels_2","I like wearing high heels.","Jag gillar att ha höga klackar."
"high-heels_3","Can you help me wear my high heels?","Kan du hjälpa mig att bära mina höga klackar?"
"overalls","Overalls","Overall"
"overalls_2","I like wearing overalls.","Jag gillar att ha overall."
"overalls_3","Can you help me wear my overalls?","Kan du hjälpa mig att bära mina overallar?"
"kimono","Kimono","Kimono"
"kimono_2","I like wearing kimono.","Jag gillar att bära kimono."
"kimono_3","Can you help me wear my kimono?","Kan du hjälpa mig att bära min kimono?"
"raincoat","Raincoat","regnkappa"
"raincoat_2","I like wearing raincoat.","Jag gillar att ha regnrock."
"raincoat_3","Can you help me wear my raincoat?","Kan du hjälpa mig att bära min regnrock?"
"bandana","Bandana","Bandana"
"bandana_2","I like wearing bandana.","Jag gillar att bära bandana."
"bandana_3","Can you help me wear my bandana?","Kan du hjälpa mig att bära min bandana?"
"beret","Beret","Basker"
"beret_2","I like wearing beret.","Jag gillar att bära basker."
"beret_3","Can you help me wear my beret?","Kan du hjälpa mig att bära min basker?"
"knit-hat","Knit hat","Stickad hatt"
"knit-hat_2","I like wearing knit hat.","Jag gillar att bära stickad hatt."
"knit-hat_3","Can you help me wear my knit hat?","Kan du hjälpa mig att bära min stickade hatt?"
"suspenders","Suspenders","Hängslen"
"suspenders_2","I like wearing suspenders.","Jag gillar att ha hängslen."
"suspenders_3","Can you help me wear my suspenders?","Kan du hjälpa mig att bära hängslen?"
"mitten","Mitten","Vante"
"mitten_2","I like wearing mitten.","Jag gillar att bära vante."
"mitten_3","Can you help me wear my mitten?","Kan du hjälpa mig att bära min vante?"
"suit","Suit","Kostym"
"suit_2","I like wearing suit.","Jag gillar att ha på mig kostym."
"suit_3","Can you help me wear my suit?","Kan du hjälpa mig att bära min kostym?"
"coat","Coat","Täcka"
"coat_2","I like wearing coat.","Jag gillar att bära kappa."
"coat_3","Can you help me wear my coat?","Kan du hjälpa mig att bära min kappa?"
"trench-coat","Trench coat","Däckskal"
"trench-coat_2","I like wearing trench coat.","Jag gillar att ha trenchcoat."
"trench-coat_3","Can you help me wear my trench coat?","Kan du hjälpa mig att bära min dikerock?"
"colors","Colors","Färger"
"crayons","Crayons","kritor"
"crayons_2","I like crayons.","Jag gillar kritor."
"crayons_3","Can you give me crayons?","Kan du ge mig kritor?"
"crayons_4","I want to draw using my crayons.","Jag vill rita med mina kritor."
"red","Red","Röd"
"red_2","It is red.","Den är röd."
"red_3","My favorite color is red.","Min favoritfärg är röd."
"red_4","Can you give me red paint?","Kan du ge mig röd färg?"
"blue","Blue","Blå"
"blue_2","It is blue.","Den är blå."
"blue_3","My favorite color is blue.","Min favoritfärg är blå."
"blue_4","Can you give me blue paint?","Kan du ge mig blå färg?"
"orange","Orange","Orange"
"orange_2","It is orange color.","Det är orange färg."
"orange_3","My favorite color is orange.","Min favoritfärg är orange."
"orange_4","Can you give me orange paint?","Kan du ge mig orange färg?"
"green","Green","Grön"
"green_2","It is green.","Den är grön."
"green_3","My favorite color is green.","Min favoritfärg är grön."
"green_4","Can you give me green paint?","Kan du ge mig grön färg?"
"yellow","Yellow","Gul"
"yellow_2","It is yellow.","Den är gul."
"yellow_3","My favorite color is yellow.","Min favoritfärg är gul."
"yellow_4","Can you give me yellow paint?","Kan du ge mig gul färg?"
"purple","Purple","Lila"
"purple_2","It is purple.","Det är lila."
"purple_3","My favorite color is purple.","Min favoritfärg är lila."
"purple_4","Can you give me purple paint?","Kan du ge mig lila färg?"
"pink","Pink","Rosa"
"pink_2","It is pink.","Det är rosa."
"pink_3","My favorite color is pink.","Min favoritfärg är rosa."
"pink_4","Can you give me pink paint?","Kan du ge mig rosa färg?"
"brown","Brown","Brun"
"brown_2","It is brown.","Den är brun."
"brown_3","My favorite color is brown.","Min favoritfärg är brun."
"brown_4","Can you give me brown paint?","Kan du ge mig brun färg?"
"black","Black","Svart"
"black_2","It is black.","Den är svart."
"black_3","My favorite color is black.","Min favoritfärg är svart."
"black_4","Can you give me black paint?","Kan du ge mig svart färg?"
"white","White","Vit"
"white_2","It is white.","Det är vitt."
"white_3","My favorite color is white.","Min favoritfärg är vit."
"white_4","Can you give me white paint?","Kan du ge mig vit färg?"
"gray","Gray","grå"
"gray_2","It is gray.","Det är grått."
"gray_3","My favorite color is gray.","Min favoritfärg är grå."
"gray_4","Can you give me gray paint?","Kan du ge mig grå färg?"
"transparent","Transparent","Transparent"
"transparent_2","It is transparent.","Det är transparent."
"transparent_3","I can see behind transparent color.","Jag kan se bakom transparent färg."
"transparent_4","Can you help me erase?","Kan du hjälpa mig att radera?"
"cyan","Cyan","cyan"
"cyan_2","It is cyan.","Det är cyan."
"cyan_3","My favorite color is cyan.","Min favoritfärg är cyan."
"cyan_4","Can you give me cyan paint?","Kan du ge mig cyanfärg?"
"violet","Violet","Violett"
"violet_2","It is violet.","Det är lila."
"violet_3","My favorite color is violet.","Min favoritfärg är violetta."
"violet_4","Can you give me violet paint?","Kan du ge mig violett färg?"
"turquoise","Turquoise","Turkos"
"turquoise_2","It is turquoise.","Det är turkos."
"turquoise_3","My favorite color is turquoise.","Min favoritfärg är turkos."
"turquoise_4","Can you give me turquoise paint?","Kan du ge mig turkosfärg?"
"lime","Lime","Kalk"
"lime_2","It is lime.","Det är kalk."
"lime_3","My favorite color is lime.","Min favoritfärg är kalk."
"lime_4","Can you give me lime paint?","Kan du ge mig limefärg?"
"plum","Plum","Plommon"
"plum_2","It is plum.","Det är plommon."
"plum_3","My favorite color is plum.","Min favoritfärg är plommon."
"plum_4","Can you give me plum paint?","Kan du ge mig plommonfärg?"
"tan","Tan","Solbränna"
"tan_2","It is tan color.","Det är solbränd färg."
"tan_3","My favorite color is tan color.","Min favoritfärg är solbränd färg."
"tan_4","Can you give me tan color paint?","Kan du ge mig solbränna färg?"
"avocado","Avocado","Avokado"
"avocado_2","It is avocado color.","Det är avokadofärg."
"avocado_3","My favorite color is avocado color.","Min favoritfärg är avokadofärg."
"avocado_4","Can you give me avocado color paint?","Kan du ge mig avokadofärgfärg?"
"barbie-pink","Barbie pink","Barbie rosa"
"barbie-pink_2","It is barbie pink color.","Det är barbie rosa färg."
"barbie-pink_3","My favorite color is barbie pink.","Min favoritfärg är barbie pink."
"barbie-pink_4","Can you give me barbie pink paint?","Kan du ge mig barbie pink paint?"
"blizzard-blue","Blizzard blue","Snöstormblått"
"blizzard-blue_2","It is blizzard blue color.","Det är snöstormblå färg."
"blizzard-blue_3","My favorite color is blizzard blue color.","Min favoritfärg är snöstormblå färg."
"blizzard-blue_4","Can you give me blizzard blue paint?","Kan du ge mig snöstormblå färg?"
"conversation","Conversation","Konversation"
"me","Me","Mig"
"me_2","My name is {name}","Mitt namn är {namn}"
"me_3","I'm {name}","Jag är {name}"
"me_4","Do you know my name?","Vet du vad jag heter?"
"me_5","What is your name?","Vad heter du?"
"me_6","Nice to meet you!","Trevligt att träffas!"
"me_7","Do you like me?","Gillar du mig?"
"me_8","Can we be friends?","Kan vi vara vänner?"
"me_9","I'm using assistive communication app.","Jag använder app för hjälpkommunikation."
"me_10","Who are you?","Vem är du?"
"hello","Hello","Hej"
"hello_2","Hello.","Hallå."
"hello_3","Hi.","Hej."
"hello_4","Greetings.","Hälsningar."
"hello_5","How are you?","Hur mår du?"
"hello_6","Nice to meet you!","Trevligt att träffas!"
"help","Help","Hjälp"
"help_2","Help me.","Hjälp mig."
"help_3","Can you help me?","Kan du hjälpa mig?"
"help_4","I need help","jag behöver hjälp"
"help_5","Do you need help?","Behöver du hjälp?"
"yes","Yes","Ja"
"yes_2","Yes.","Ja."
"yes_3","Yes please.","Ja tack."
"yes_4","Alright.","OK."
"yes_5","Agreed.","Gick med på."
"yes_6","I want to.","Jag vill."
"yes_7","I would like to.","Jag skulle vilja."
"no","No","Nej"
"no_2","No.","Nej."
"no_3","Nope.","Nej."
"no_4","Never.","Aldrig."
"no_5","I don't want to.","Jag vill inte."
"no_6","I don't like it.","Jag gillar det inte."
"no_7","You don't like it?","Gillar du inte det?"
"no_8","Why you don't like it?","Varför tycker du inte om det?"
"toilet","Toilet","Toalett"
"toilet_2","I need to go to the toilet.","Jag behöver gå på toaletten."
"toilet_3","I need to pee.","Jag måste kissa."
"toilet_4","I need to poop.","Jag måste bajsa."
"toilet_5","Can you help me go to the toilet?","Kan du hjälpa mig gå på toaletten?"
"toilet_6","Can you help me clean?","Kan du hjälpa mig att rensa?"
"toilet_7","I peed myself.","Jag kissa mig själv."
"toilet_8","I pooped myself.","Jag pooped själv."
"what","What","Vad"
"what_2","What is that?","Vad är det där?"
"what_3","What does it mean?","Vad betyder det?"
"what_4","What do you mean?","Vad menar du?"
"what_5","Can you explain it?","Kan du förklara det?"
"what_6","Can you repeat what you said?","Kan du upprepa det du sa?"
"what_7","I don't understand.","jag förstår inte."
"sleep","Sleep","Sömn"
"sleep_2","I want to sleep.","Jag vill sova."
"sleep_3","I don't want to sleep.","Jag vill inte sova."
"sleep_4","I'm tired.","Jag är trött."
"sleep_5","Are you tired?","Är du trött?"
"sleep_6","When am I going to sleep?","När ska jag sova?"
"sleep_7","I want to take a nap.","Jag vill ta en tupplur."
"bath","Bath","Bad"
"bath_2","I want to take a bath.","Jag vill ta ett bad."
"bath_3","I like taking a bath.","Jag gillar att ta ett bad."
"bath_4","I want to wash my hands.","Jag vill tvätta händerna."
"bath_5","I want to take a shower.","Jag vill ta en dusch."
"bath_6","I want to clean myself.","Jag vill städa mig själv."
"bath_7","Can you help me take a bath?","Kan du hjälpa mig att bada?"
"bath_8","I don't want to take a bath.","Jag vill inte ta ett bad."
"listen","Listen","Lyssna"
"listen_2","Listen to me.","Lyssna på mig."
"listen_3","Can you listen to me?","Kan du lyssna på mig?"
"listen_4","Listen to music.","Lyssna på musik."
"listen_5","Listening to my parents.","Lyssnar på mina föräldrar."
"listen_6","Listen to what my application is saying!","Lyssna på vad min ansökan säger!"
"morning","Morning","Morgon"
"morning_2","Good morning.","God morgon."
"morning_3","I like mornings.","Jag gillar morgnar."
"morning_4","In the morning.","På morgonen."
"morning_5","Morning time.","Morgon tid."
"morning_6","Is it morning?","Är det morgon?"
"night","Night","Natt"
"night_2","Good night!","Godnatt!"
"night_3","I like nights.","Jag gillar nätter."
"night_4","At night.","På natten."
"night_5","Night time.","Natttid."
"night_6","Is it night?","Är det natt?"
"look","Look","Se"
"look_2","Look at me.","Titta på mig."
"look_3","Look at this.","Titta på det här."
"look_4","Are you looking?","Tittar du?"
"look_5","Look at my drawing.","Titta på min ritning."
"look_6","How do I look?","Hur ser jag ut?"
"look_7","Look what I did.","Titta vad jag gjorde."
"look_8","Let's look at that.","Låt oss titta på det."
"speak","Speak","Tala"
"speak_2","I'm learning how to speak.","Jag lär mig att tala."
"speak_3","I want to speak.","Jag vill prata."
"speak_4","Can I speak with you?","Kan jag prata med dig?"
"speak_5","I like speaking.","Jag gillar att prata."
"speak_6","I'm using assistive communication app.","Jag använder app för hjälpkommunikation."
"play","Play","Spela"
"play_2","I love playing.","Jag älskar att spela."
"play_3","Can you play with me?","Kan du leka med mig?"
"play_4","I want to play with you!","Jag vill leka med dig!"
"play_5","I want to play with my friends.","Jag vill spela med mina vänner."
"play_6","I don't want to play with you.","Jag vill inte spela med dig."
"outside","Outside","Utanför"
"outside_2","I love going outside.","Jag älskar att gå utanför."
"outside_3","I want to go outside.","Jag vill gå ut."
"outside_4","Is it cold outside?","Det är kallt ute?"
"outside_5","I don't like outside.","Jag gillar inte utanför."
"outside_6","Can I go outside?","Kan jag gå utanför?"
"home","Home","Hem"
"home_2","I love my home.","Jag älskar mitt hem."
"home_3","I want to go home.","Jag vill gå hem."
"home_4","Where is your home?","Var är ditt hem?"
"home_5","Home sweet home.","Hem kära hem."
"home_6","I'm in the house.","Jag är i huset."
"home_7","I'm not in the house.","Jag är inte i huset."
"hurt","Hurt","Ont"
"hurt_2","I'm hurt.","Jag är sårad."
"hurt_3","Are you hurt?","Är du sårad?"
"hurt_4","Did I hurt you?","Sårade jag dig?"
"hurt_5","I didn't mean to hurt you!","Jag tänkte inte skada dig!"
"hurt_6","Is it going to hurt?","Kommer det att göra ont?"
"hurt_7","I have a headache.","Jag har huvudvärk."
"hurt_8","I have a stomach ache.","Jag har ont i magen."
"hurt_9","My genitals hurt.","Mina könsorgan ont."
"hurt_10","My foot hurts.","Min fot gör ont."
"feelings","Feelings","känslor"
"happy","Happy","Lycklig"
"happy_2","I'm happy.","Jag är glad."
"happy_3","I feel happy.","Jag känner mig glad."
"happy_4","Do you feel happy?","Känner du dig lycklig?"
"happy_5","I want to feel happy.","Jag vill känna mig lycklig."
"happy_6","You are making me happy.","Du gör mig lycklig."
"sad","Sad","Ledsen"
"sad_2","I'm sad.","Jag är ledsen."
"sad_3","I feel sad.","Jag känner mig ledsen."
"sad_4","Do you feel sad?","Känner du dig ledsen?"
"sad_5","I don't want to feel sad.","Jag vill inte känna mig ledsen."
"sad_6","You are making me sad.","Du gör mig ledsen."
"exhausted","Exhausted","Utmattad"
"exhausted_2","I'm exhausted.","Jag är utmattad."
"exhausted_3","I feel exhausted.","Jag känner mig utmattad."
"exhausted_4","Do you feel exhausted?","Känner du dig utmattad?"
"exhausted_5","I don't want to be exhausted.","Jag vill inte vara utmattad."
"relaxed","Relaxed","Avslappnad"
"relaxed_2","I'm relaxed.","Jag är avslappnad."
"relaxed_3","I feel relaxed.","Jag känner mig avslappnad."
"relaxed_4","Do you feel relaxed?","Känner du dig avslappnad?"
"relaxed_5","I want to feel relaxed.","Jag vill känna mig avslappnad."
"in-love","In love","Förälskad"
"in-love_2","I'm in love.","Jag är kär."
"in-love_3","I feel in love.","Jag känner mig förälskad."
"in-love_4","Are you in love?","Är du kär?"
"in-love_5","I want to fall in love.","Jag vill bli kär."
"in-love_6","Do you love me?","Älskar du mig?"
"stressed","Stressed","stressad"
"stressed_2","I'm stressed.","Jag är stressad."
"stressed_3","I feel stressed.","Jag känner mig stressad."
"stressed_4","Do you feel stressed?","Känner du dig stressad?"
"stressed_5","I don't want to feel stressed.","Jag vill inte känna mig stressad."
"thankful","Thankful","Tacksam"
"thankful_2","I'm thankful.","Jag är tacksam."
"thankful_3","I feel thankful.","Jag känner mig tacksam."
"thankful_4","Do you feel thankful?","Känner du dig tacksam?"
"thankful_5","I want to feel thankful.","Jag vill känna mig tacksam."
"confused","Confused","Förvirrad"
"confused_2","I'm confused.","Jag är förvirrad."
"confused_3","I feel confused.","Jag känner mig förvirrad."
"confused_4","Do you feel confused?","Känner du dig förvirrad?"
"confused_5","You are confusing me.","Du förvirrar mig."
"joyful","Joyful","Glad"
"joyful_2","I'm joyful.","Jag är glad."
"joyful_3","I feel joyful.","Jag känner mig glad."
"joyful_4","Do you feel joyful?","Känner du dig glad?"
"joyful_5","I want to feel joyful.","Jag vill känna mig glad."
"angry","Angry","Arg"
"angry_2","I'm angry.","Jag är arg."
"angry_3","I feel angry.","Jag känner mig arg."
"angry_4","Do you feel angry?","Känner du dig arg?"
"angry_5","I'm angry at you.","Jag är arg på dig."
"angry_6","You are making me angry.","Du gör mig arg."
"smart","Smart","Smart"
"smart_2","I'm smart.","Jag är smart."
"smart_3","I feel smart.","Jag känner mig smart."
"smart_4","Do you feel smart?","Känner du dig smart?"
"smart_5","Am I smart?","Är jag smart?"
"smart_6","You are smart!","Du är smart!"
"afraid","Afraid","Rädd"
"afraid_2","I'm afraid.","Jag är rädd."
"afraid_3","I feel afraid.","Jag känner mig rädd."
"afraid_4","Do you feel afraid?","Känner du dig rädd?"
"afraid_5","I don't want to feel afraid.","Jag vill inte känna mig rädd."
"afraid_6","You are scaring me.","Du skrämmer mig."
"ashamed","Ashamed","Skamsen"
"ashamed_2","I'm ashamed.","Jag skäms."
"ashamed_3","I feel ashamed.","Jag skäms."
"ashamed_4","Do you feel ashamed?","Känner du dig skäms?"
"ashamed_5","I don't want to feel ashamed.","Jag vill inte skämmas."
"shocked","Shocked","chockad"
"shocked_2","I'm shocked.","Jag är chockad."
"shocked_3","I feel shocked.","Jag känner mig chockad."
"shocked_4","Do you feel shocked?","Känner du dig chockad?"
"shocked_5","You shocked me.","Du chockade mig."
"sick","Sick","Sjuk"
"sick_2","I'm sick.","Jag är sjuk."
"sick_3","I feel sick.","Jag mår illa."
"sick_4","Do you feel sick?","Känner du dig sjuk?"
"sick_5","I don't want to be sick.","Jag vill inte vara sjuk."
"sick_6","I'm sick of the food.","Jag är trött på maten."
"frustrated","Frustrated","Frustrerad"
"frustrated_2","I'm frustrated.","Jag är frustrerad."
"frustrated_3","I feel frustrated.","Jag känner mig frustrerad."
"frustrated_4","Do you feel frustrated?","Känner du dig frustrerad?"
"frustrated_5","I don't want to feel frustrated.","Jag vill inte känna mig frustrerad."
"excited","Excited","Upphetsad"
"excited_2","I'm excited.","Jag är glad."
"excited_3","I feel excited.","Jag känner mig exalterad."
"excited_4","Do you feel excited?","Känner du dig upphetsad?"
"excited_5","I don't want to feel excited.","Jag vill inte känna mig upphetsad."
"nauseated","Nauseated","illamående"
"nauseated_2","I'm nauseated.","Jag är illamående."
"nauseated_3","I feel nauseated.","Jag känner mig illamående."
"nauseated_4","Do you feel nauseated?","Känner du dig illamående?"
"nauseated_5","I don't want to feel nauseated.","Jag vill inte känna mig illamående."
"agitated","Agitated","upprörd"
"agitated_2","I'm agitated.","Jag är upprörd."
"agitated_3","I feel agitated.","Jag känner mig upprörd."
"agitated_4","Do you feel agitated?","Känner du dig upprörd?"
"agitated_5","I don't want to feel agitated.","Jag vill inte känna agiterad."
"food","Food","Mat"
"hungry","Hungry","Hungrig"
"hungry_2","I'm hungry.","Jag är hungrig."
"hungry_3","Are you hungry?","Är du hungrig?"
"hungry_4","Can you make me food?","Kan du göra mig mat?"
"hungry_5","What is for dinner?","Vad blir det till middag?"
"thirsty","Thirsty","Törstig"
"thirsty_2","I'm thirsty.","Jag är törstig."
"thirsty_3","Can I have some water?","Kan jag få lite vatten?"
"thirsty_4","Can I have a glass of water?","Kan jag få ett glas vatten?"
"thirsty_5","I want something to drink.","Jag vill ha något att dricka."
"cutlery","Cutlery","Bestick"
"cutlery_2","I need cutlery.","Jag behöver bestick."
"cutlery_3","Help me use cutlery.","Hjälp mig att använda bestick."
"cutlery_4","I need a fork.","Jag behöver en gaffel."
"cutlery_5","I need a spoon.","Jag behöver en sked."
"cutlery_6","I need chopsticks.","Jag behöver pinnar."
"cutlery_7","I need a knife.","Jag behöver en kniv."
"cutlery_8","I need a napkin.","Jag behöver en servett."
"apple","Apple","Äpple"
"apple_2","I like apple.","Jag gillar äpple."
"apple_3","I don't like apple.","Jag gillar inte äpple."
"apple_4","I want to eat an apple.","Jag vill äta ett äpple."
"carrot","Carrot","Morot"
"carrot_2","I like carrot.","Jag gillar morot."
"carrot_3","I don't like carrot.","Jag gillar inte morot."
"carrot_4","I want to eat a carrot.","Jag vill äta en morot."
"beans","Beans","bönor"
"beans_2","I like beans.","Jag gillar bönor."
"beans_3","I don't like beans.","Jag gillar inte bönor."
"beans_4","I want to eat beans.","Jag vill äta bönor."
"chicken_5","I want fried chicken.","Jag vill ha stekt kyckling."
"chicken_6","I want boiled chicken.","Jag vill ha kokt kyckling."
"chocolate","Chocolate","Choklad"
"chocolate_2","I like chocolate.","Jag gillar choklad."
"chocolate_3","I don't like chocolate.","Jag gillar inte choklad."
"chocolate_4","I want to eat chocolate.","Jag vill äta choklad."
"chocolate_5","I want dark chocolate.","Jag vill ha mörk choklad."
"chocolate_6","I want white chocolate.","Jag vill ha vit choklad."
"milk","Milk","Mjölk"
"milk_2","I like milk.","Jag gillar mjölk."
"milk_3","I don't like milk.","Jag gillar inte mjölk."
"milk_4","I want to drink milk.","Jag vill dricka mjölk."
"milk_5","Can I have a glass of milk?","Kan jag ta ett glas mjölk?"
"sandwich","Sandwich","Smörgås"
"sandwich_2","I like sandwich.","Jag gillar smörgås."
"sandwich_3","I don't like sandwich.","Jag gillar inte smörgås."
"sandwich_4","I want to eat a sandwich.","Jag vill äta en smörgås."
"sandwich_5","Can you make me a sandwich?","Kan du göra mig en smörgås?"
"steak","Steak","Biff"
"steak_2","I like steak.","Jag gillar biff."
"steak_3","I don't like steak.","Jag gillar inte biff."
"steak_4","I want to eat steak.","Jag vill äta biff."
"steak_5","Can you cook steak for me?","Kan du laga stek för mig?"
"banana","Banana","Banan"
"banana_2","I like banana.","Jag gillar banan."
"banana_3","I don't like banana.","Jag gillar inte banan."
"banana_4","I want to eat a banana.","Jag vill äta en banan."
"pie","Pie","Paj"
"pie_2","I like pie.","Jag gillar paj."
"pie_3","I don't like pie.","Jag gillar inte paj."
"pie_4","I want to eat pie.","Jag vill äta paj."
"pie_5","Can you bake a pie for me?","Kan du baka en paj för mig?"
"egg","Egg","Ägg"
"egg_2","I like egg.","Jag gillar ägg."
"egg_3","I don't like egg.","Jag gillar inte ägg."
"egg_4","I want to eat egg.","Jag vill äta ägg."
"egg_5","I want fried eggs.","Jag vill ha stekt ägg."
"egg_6","I want boiled eggs.","Jag vill ha kokta ägg."
"noodles","Noodles","Spaghetti"
"noodles_2","I like noodles.","Jag gillar nudlar."
"noodles_3","I don't like noodles.","Jag gillar inte nudlar."
"noodles_4","I want to eat noodles.","Jag vill äta nudlar."
"noodles_5","Can you cook noodles for me?","Kan du laga nudlar till mig?"
"salt","Salt","Salt"
"salt_2","I want salt.","Jag vill ha salt."
"salt_3","Can you pass me the salt?","Kan du skicka mig saltet?"
"salt_4","Food is too salty.","Maten är för salt."
"salt_5","My food needs some salt.","Min mat behöver lite salt."
"spices","Spices","Kryddor"
"spices_2","I like spicy food.","Jag gillar kryddig mat."
"spices_3","I don't like spicy food.","Jag gillar inte kryddig mat."
"spices_4","I want paprika.","Jag vill ha paprika."
"spices_5","I want black pepper.","Jag vill ha svartpeppar."
"pizza","Pizza","Pizza"
"pizza_2","I like pizza.","Jag gillar pizza."
"pizza_3","I don't like pizza.","Jag gillar inte pizza."
"pizza_4","I want to eat pizza.","Jag vill äta pizza."
"pizza_5","Can you cook pizza for me?","Kan du laga pizza för mig?"
"pizza_6","Can we order pizza?","Kan vi beställa pizza?"
"cheese","Cheese","Ost"
"cheese_2","I like cheese.","Jag gillar ost."
"cheese_3","I don't like cheese.","Jag gillar inte ost."
"cheese_4","I want to eat cheese.","Jag vill äta ost."
"ice-cream","Ice cream","Glass"
"ice-cream_2","I like ice cream.","Jag gillar glass."
"ice-cream_3","I don't like ice cream.","Jag gillar inte glass."
"ice-cream_4","I want to eat ice cream.","Jag vill äta glass."
"ice-cream_5","Can you buy ice cream for me?","Kan du köpa glass till mig?"
"tea","Tea","Te"
"tea_2","I like tea.","Jag gillar te."
"tea_3","I don't like tea.","Jag gillar inte te."
"tea_4","I want to drink tea.","Jag vill dricka te."
"tea_5","Can you make tea for me?","Kan du laga te för mig?"
"coffee","Coffee","Kaffe"
"coffee_2","I like coffee.","Jag tycker om kaffe."
"coffee_3","I don't like coffee.","Jag gillar inte kaffe."
"coffee_4","I want to drink coffee.","Jag vill dricka kaffe."
"coffee_5","Can you make coffee for me?","Kan du laga kaffe till mig?"
"tomato","Tomato","Tomat"
"tomato_2","I like tomato.","Jag gillar tomat."
"tomato_3","I don't like tomato.","Jag gillar inte tomat."
"tomato_4","I want to eat tomato.","Jag vill äta tomat."
"cereal","Cereal","Flingor"
"cereal_2","I like cereal.","Jag gillar spannmål."
"cereal_3","I don't like cereal.","Jag gillar inte spannmål."
"cereal_4","I want to eat cereal.","Jag vill äta spannmål."
"cereal_5","Can you make my cereal?","Kan du göra mitt spannmål?"
"burger","Burger","Burger"
"burger_2","I like burger.","Jag gillar hamburgare."
"burger_3","I don't like burger.","Jag gillar inte hamburgare."
"burger_4","I want to eat burger.","Jag vill äta hamburgare."
"burger_5","Can you cook burger for me?","Kan du laga hamburgare för mig?"
"burger_6","Can we order burger?","Kan vi beställa hamburgare?"
"french-fries","French fries","pommes frites"
"french-fries_2","I like french fries.","Jag gillar pommes frites."
"french-fries_3","I don't like french fries.","Jag gillar inte pommes frites."
"french-fries_4","I want to eat french fries.","Jag vill äta pommes frites."
"french-fries_5","Can you cook french fries for me?","Kan du laga pommes frites för mig?"
"french-fries_6","Can we order french fries?","Kan vi beställa pommes frites?"
"spinach","Spinach","Spenat"
"spinach_2","I like spinach.","Jag gillar spenat."
"spinach_3","I don't like spinach.","Jag gillar inte spenat."
"spinach_4","I want to eat spinach.","Jag vill äta spenat."
"rice","Rice","Ris"
"rice_2","I like rice.","Jag gillar ris."
"rice_3","I don't like rice.","Jag gillar inte ris."
"rice_4","I want to eat rice.","Jag vill äta ris."
"rice_5","Can you cook rice for me?","Kan du laga ris för mig?"
"bread","Bread","Bröd"
"bread_2","I like bread.","Jag gillar bröd."
"bread_3","I don't like bread.","Jag gillar inte bröd."
"bread_4","I want to eat bread.","Jag vill äta bröd."
"bread_5","Can you buy some bread?","Kan du köpa lite bröd?"
"pasta","Pasta","Pasta"
"pasta_2","I like pasta.","Jag gillar pasta."
"pasta_3","I don't like pasta.","Jag gillar inte pasta."
"pasta_4","I want to eat pasta.","Jag vill äta pasta."
"pasta_5","Can you cook pasta for me?","Kan du laga pasta för mig?"
"sauce","Sauce","Sås"
"sauce_2","I like sauce.","Jag gillar sås."
"sauce_3","I don't like sauce.","Jag gillar inte sås."
"sauce_4","I want some sauce.","Jag vill ha sås."
"sauce_5","Can I have ketchup?","Kan jag få ketchup?"
"sauce_6","Can I have mayonnaise?","Kan jag få majonnäs?"
"sauce_7","Can I have mustard?","Kan jag få senap?"
"sauce_8","Can I have ranch sauce?","Kan jag få ranch sås?"
"kebab","Kebab","Kebab"
"kebab_2","I like kebab.","Jag gillar kebab."
"kebab_3","I don't like kebab.","Jag gillar inte kebab."
"kebab_4","I want to eat kebab.","Jag vill äta kebab."
"kebab_5","Can you cook kebab for me?","Kan du laga kebab för mig?"
"kebab_6","Can we order kebab?","Kan vi beställa kebab?"
"numbers","Numbers","Tal"
"one","One","Ett"
"one_2","One comes before two.","En kommer före två."
"one_3","One comes after zero.","En kommer efter noll."
"one_4","I want one.","Jag vill ha en."
"two","Two","Två"
"two_2","Two comes before three.","Två kommer före tre."
"two_3","Two comes after one.","Två kommer efter en."
"two_4","I want two.","Jag vill ha två."
"three","Three","Tre"
"three_2","Three comes before four.","Tre kommer före fyra."
"three_3","Three comes after two.","Tre kommer efter två."
"three_4","I want three.","Jag vill ha tre."
"four","Four","fyra"
"four_2","Four comes before five.","Fyra kommer före fem."
"four_3","Four comes after three.","Fyra kommer efter tre."
"four_4","I want four.","Jag vill ha fyra."
"five","Five","Fem"
"five_2","Five comes before six.","Fem kommer före sex."
"five_3","Five comes after four.","Fem kommer efter fyra."
"five_4","I want five.","Jag vill ha fem."
"six","Six","Sex"
"six_2","Six comes before seven.","Sex kommer före sju."
"six_3","Six comes after five.","Sex kommer efter fem."
"six_4","I want fix.","Jag vill fixa."
"seven","Seven","sju"
"seven_2","Seven comes before eight.","Sju kommer före åtta."
"seven_3","Seven comes after six.","Sju kommer efter sex."
"seven_4","I want seven.","Jag vill ha sju."
"eight","Eight","Åtta"
"eight_2","Eight comes before nine.","Åtta kommer före nio."
"eight_3","Eight comes after seven.","Åtta kommer efter sju."
"eight_4","I want eight.","Jag vill ha åtta."
"nine","Nine","Nio"
"nine_2","Nine comes before ten.","Nio kommer före tio."
"nine_3","Nine comes after eight.","Nio kommer efter åtta."
"nine_4","I want nine.","Jag vill ha nio."
"ten","Ten","Tio"
"ten_2","Ten comes before eleven.","Tio kommer före elva."
"ten_3","Ten comes after nine.","Tio kommer efter nio."
"ten_4","I want ten.","Jag vill ha tio."
"eleven","Eleven","Elva"
"eleven_2","Eleven comes before thirteen.","Elva kommer före tretton."
"eleven_3","Eleven comes after ten.","Elva kommer efter tio."
"eleven_4","I want eleven.","Jag vill ha elva."
"twenty","Twenty","Tjugo"
"twenty_2","I can count up to twenty.","Jag kan räkna upp till tjugo."
"thirty","Thirty","Trettio"
"thirty_2","I can count up to thirty.","Jag kan räkna upp till trettio."
"forty","Forty","Fyrtio"
"forty_2","I can count up to forty.","Jag kan räkna upp till fyrtio."
"fifty","Fifty","Femtio"
"fifty_2","I can count up to fifty.","Jag kan räkna upp till femtio."
"hundred","Hundred","Hundra"
"hundred_2","I can count up to hundred.","Jag kan räkna upp till hundra."
"thousand","Thousand","Tusen"
"thousand_2","I can count up to thousand.","Jag kan räkna upp till tusen."
"calculator","Calculator","Kalkylator"
"calculator_2","I want to use a calculator.","Jag vill använda en miniräknare."
"calculator_3","Can you teach me how to use a calculator?","Kan du lära mig att använda en miniräknare?"
"calculator_4","Can I barrow your calculator?","Kan jag spärra din miniräknare?"
"people","People","människor"
"mother","Mother","Mor"
"mother_2","Mommy!","Mamma!"
"mother_3","I love my mother.","Jag älskar min mamma."
"mother_4","I love you mom.","Jag älskar dig mamma."
"mother_5","I miss my mom.","Jag saknar min mamma."
"mother_6","Thank you for taking care of me.","Tack för att du har tagit hand om mig."
"mother_7","She is my mom.","Hon är min mamma."
"mother_8","Can you help me find my mother?","Kan du hjälpa mig hitta min mamma?"
"father","Father","Far"
"father_2","Daddy!","Pappa!"
"father_3","I love my father.","Jag älskar min pappa."
"father_4","I love you dad.","Jag älskar dig pappa."
"father_5","I miss my dad.","Jag saknar min pappa."
"father_6","Thank you for taking care of me.","Tack för att du har tagit hand om mig."
"father_7","He is my dad.","Han är min pappa."
"father_8","Can you help me find my father?","Kan du hjälpa mig hitta min far?"
"parents","Parents","Föräldrar"
"parents_2","I love my parents.","Jag älskar mina föräldrar."
"parents_3","I love my parents.","Jag älskar mina föräldrar."
"parents_4","I miss my parents.","Jag saknar mina föräldrar."
"parents_5","They are my parents.","De är mina föräldrar."
"parents_6","My parents are taking care of me.","Mina föräldrar tar hand om mig."
"parents_8","Can you help me find my parents?","Kan du hjälpa mig hitta mina föräldrar?"
"grandparents","Grandparents","Farföräldrar"
"grandparents_2","I love my grandparents.","Jag älskar mina morföräldrar."
"grandparents_3","I love you grandparents.","Jag älskar er morföräldrar."
"grandparents_4","I miss my grandparents.","Jag saknar mina morföräldrar."
"grandparents_5","They are my grandparents.","De är mina morföräldrar."
"grandparents_6","My grandparents are taking care of me.","Mina morföräldrar tar hand om mig."
"grandparents_8","Can you help me find my grandparents?","Kan du hjälpa mig hitta mina morföräldrar?"
"brother","Brother","bror"
"brother_2","I love my brother.","Jag älskar min bror."
"brother_3","I love you brother.","Jag älskar dig bror."
"brother_4","I miss my brother.","Jag saknar min bror."
"brother_5","He is my brother.","Han är min bror."
"brother_6","My brother is taking care of me.","Min bror tar hand om mig."
"brother_8","Can you help me find my brother?","Kan du hjälpa mig hitta min bror?"
"sister","Sister","Syster"
"sister_2","I love my sister.","Jag älskar min syster."
"sister_3","I love you sister.","Jag älskar dig syster."
"sister_4","I miss my sister.","Jag saknar min syster."
"sister_5","She is my sister.","Hon är min syster."
"sister_6","My sister is taking care of me.","Min syster tar hand om mig."
"sister_8","Can you help me find my sister?","Kan du hjälpa mig hitta min syster?"
"uncle","Uncle","Farbror"
"uncle_2","I love my uncle.","Jag älskar min farbror."
"uncle_3","I love you uncle.","Jag älskar dig farbror."
"uncle_4","I miss my uncle.","Jag saknar min farbror."
"uncle_5","He is my uncle.","Han är min farbror."
"uncle_8","Can you help me find my uncle?","Kan du hjälpa mig hitta min farbror?"
"aunt","Aunt","Moster"
"aunt_2","I love my aunt.","Jag älskar min moster."
"aunt_3","I love you aunt.","Jag älskar dig moster."
"aunt_4","I miss my aunt.","Jag saknar min moster."
"aunt_5","She is my aunt.","Hon är min moster."
"aunt_8","Can you help me find my aunt?","Kan du hjälpa mig hitta min moster?"
"teacher","Teacher","Lärare"
"teacher_2","I love my teacher.","Jag älskar min lärare."
"teacher_3","I love you teacher.","Jag älskar dig lärare."
"teacher_4","I don't like my teacher.","Jag gillar inte min lärare."
"teacher_5","I miss my teacher.","Jag saknar min lärare."
"teacher_6","Thank you for the lesson.","Tack för lektionen."
"therapist","Therapist","Terapeut"
"therapist_2","I love my therapist.","Jag älskar min terapeut."
"therapist_3","I love you therapist.","Jag älskar dig terapeut."
"therapist_4","I don't like my therapist.","Jag gillar inte min terapeut."
"therapist_5","I miss my therapist.","Jag saknar min terapeut."
"therapist_6","Thank you for the session.","Tack för sessionen."
"doctor","Doctor","Läkare"
"doctor_2","I love my doctor.","Jag älskar min läkare."
"doctor_3","I love you doctor.","Jag älskar dig läkare."
"doctor_4","I don't like my doctor.","Jag gillar inte min läkare."
"doctor_5","I miss my doctor.","Jag saknar min läkare."
"doctor_6","Thank you for healing me.","Tack för att du läkt mig."
"friends","Friends","Vänner"
"friends_2","I love my friends.","Jag älskar mina vänner."
"friends_3","Do you want to be my friend?","Vill du bli min vän?"
"friends_4","I don't like my friends.","Jag gillar inte mina vänner."
"friends_5","I miss my friends.","Jag saknar mina kompisar."
"friends_6","They are my friends.","De är mina vänner."
"friends_7","Thank you for playing with me.","Tack för att du spelade med mig."
"cousins","Cousins","Cousins"
"cousins_2","I love my cousins.","Jag älskar mina kusiner."
"cousins_3","I don't have cousins.","Jag har inte kusiner."
"cousins_4","I miss my cousins.","Jag saknar mina kusiner."
"cousins_5","They are my cousins.","De är mina kusiner."
"grandmother","Grandmother","Mormor"
"grandmother_2","I love my grandmother.","Jag älskar min mormor."
"grandmother_3","I love you grandma.","Jag älskar dig farmor."
"grandmother_4","I miss my grandma.","Jag saknar min mormor."
"grandmother_5","She is my grandma.","Hon är min mormor."
"grandfather","Grandfather","Farfar"
"grandfather_2","I love my grandfather.","Jag älskar min farfar."
"grandfather_3","I love you grandpa.","Jag älskar dig morfar."
"grandfather_4","I miss my grandpa.","Jag saknar min morfar."
"grandfather_5","He is my grandpa.","Han är min morfar."
"stepfather","Stepfather","Styvfar"
"stepfather_2","I love my stepfather.","Jag älskar min styvfar."
"stepfather_3","He is my stepfather.","Han är min styvfar."
"stepfather_4","I miss my stepfather.","Jag saknar min styvfar."
"stepfather_5","He is my stepfather.","Han är min styvfar."
"stepmother","Stepmother","Styvmor"
"stepmother_2","I love my stepmother.","Jag älskar min styvmor."
"stepmother_3","She is my stepmother.","Hon är min styvmor."
"stepmother_4","I miss my stepmother.","Jag saknar min styvmor."
"stepmother_5","She is my stepmother.","Hon är min styvmor."
"stepsister","Stepsister","styvsyster"
"stepsister_2","I love my stepsister.","Jag älskar min styvsyster."
"stepsister_3","She is my stepsister.","Hon är min styvsyster."
"stepsister_4","I miss my stepsister.","Jag saknar min styvsyster."
"stepsister_5","She is my stepsister.","Hon är min styvsyster."
"stepbrother","Stepbrother","styvbror"
"stepbrother_2","I love my stepbrother.","Jag älskar min styvbror."
"stepbrother_3","He is my stepbrother.","Han är min styvbror."
"stepbrother_4","I miss my stepbrother.","Jag saknar min styvbror."
"stepbrother_5","He is my stepbrother.","Han är min styvbror."
"half-brother","Half brother","Halvbror"
"half-brother_2","I love my half brother.","Jag älskar min halvbror."
"half-brother_3","He is my half brother.","Han är min halvbror."
"half-brother_4","I miss my half brother.","Jag saknar min halvbror."
"half-brother_5","He is my half brother.","Han är min halvbror."
"half-sister","Half sister","Halvsyster"
"half-sister_2","I love my half sister.","Jag älskar min halvsöster."
"half-sister_3","She is my half sister.","Hon är min halvsöster."
"half-sister_4","I miss my half sister.","Jag saknar min halvsöster."
"half-sister_5","She is my half sister.","Hon är min halvsöster."
"quarantine","Quarantine","Karantän"
"protective-mask","Protective mask","Skyddsmask"
"stay-home","Stay home","Stanna hemma"
"toilet-paper","Toilet paper","Toalettpapper"
"sprayer","Sprayer","Spruta"
"disinfectant","Disinfectant","Desinfektionsmedel"
"thermometer","Thermometer","Termometer"
"coughing","Coughing","hosta"
"medical-assistance","Medical assistance","Sjukvård"
"hand-sanitizer","Hand sanitizer","Handsprit"
"gloves","Gloves","Handskar"
"social-distancing","Social distancing","Social distansering"
"mouth-mask","Mouth mask","Munmask"
"pandemic","Pandemic","Pandemisk"
"working-at-home","Working at home","Arbetar hemma"
"wet-wipes","Wet wipes","Våtservetter"
"first-aid-kit","First aid kit","Första hjälpen låda"
"fitness","Fitness","Kondition"
"e-learning","E-learning","E-learning"
"virus","Virus","Virus"
"cleaning","Cleaning","Rengöring"
"school","School","Skola"
"desk","Desk","Skrivbord"
"desk_2","Can I use this desk?","Kan jag använda det här skrivbordet?"
"desk_3","Which desk is mine?","Vilket skrivbord är mitt?"
"desk_4","I spilled on my desk.","Jag spillde på mitt skrivbord."
"desk_5","Don't scratch your desk.","Skrapa inte ditt skrivbord."
"chair","Chair","Stol"
"chair_2","Can I sit with you?","Kan jag sitta med dig?"
"chair_3","Which chair is mine?","Vilken stol är min?"
"chair_4","Is this chair taken?","Är den här stolen taget?"
"chair_5","I spilled on my chair.","Jag spillde på min stol."
"book","Book","bok"
"book_2","Textbook","Lärobok"
"book_3","Workbook","arbetsbok"
"book_4","Reading a book.","Läser en bok."
"book_5","Can I borrow your book?","Kan jag låna din bok?"
"book_6","Which page are we at?","Vilken sida är vi på?"
"book_7","Flip the page.","Vänd sidan."
"book_8","I lost my book.","Jag tappade min bok."
"notebook","Notebook","Anteckningsbok"
"notebook_2","Taking notes.","Skriva anteckningar."
"notebook_3","I'm taking notes.","Jag antecknar."
"notebook_4","I lost my notebook.","Jag tappade min anteckningsbok."
"backpack","Backpack","Ryggsäck"
"backpack_2","Carrying my backpack.","Bär min ryggsäck."
"backpack_3","Putting my books in my backpack.","Lägg mina böcker i ryggsäcken."
"backpack_4","I need a new backpack.","Jag behöver en ny ryggsäck."
"backpack_5","Thank you for carrying my backpack.","Tack för att du bär min ryggsäck."
"backpack_6","I lost my backpack.","Jag tappade min ryggsäck."
"backpack_7","My backpack is heavy.","Min ryggsäck är tung."
"blackboard","Blackboard","Svarta tavlan"
"blackboard_2","Look at the blackboard.","Titta på svarta tavlan."
"blackboard_3","Cleaning the blackboard.","Rengöring av tavlan."
"blackboard_4","Solving the problem on the blackboard.","Lösa problemet på tavlan."
"blackboard_5","Taking note on the blackboard.","Noterar på tavlan."
"blackboard_6","Give me a chalk.","Ge mig en krita."
"teacher_7","I don't like this topic.","Jag gillar inte det här ämnet."
"teacher_8","Thank you for the lesson.","Tack för lektionen."
"school-bus","School bus","Skolbuss"
"school-bus_2","School bus is coming.","Skolbussen kommer."
"school-bus_3","Can I sit next to you?","Kan jag sitta bredvid dig?"
"school-bus_4","Thank you bus driver!","Tack busschaufför!"
"school-bus_5","School bus was late.","Skolbussen var sent."
"pencil","Pencil","Penna"
"pencil_2","I'm writing.","Jag skriver."
"pencil_3","I'm learning to write.","Jag lär mig att skriva."
"pencil_4","I need a new pencil.","Jag behöver en ny penna."
"pencil_5","Can I borrow your pencil?","Kan jag låna din penna?"
"pencil_6","I lost my pencil.","Jag tappade min penna."
"eraser","Eraser","Suddgummi"
"eraser_2","I'm erasing.","Jag raderar."
"eraser_3","I need a new eraser.","Jag behöver ett nytt radergummi."
"eraser_4","Can I borrow your eraser?","Kan jag låna ditt radergummi?"
"eraser_5","I lost my eraser.","Jag tappade mitt radergummi."
"ruler","Ruler","Linjal"
"ruler_2","I'm measuring.","Jag mäter."
"ruler_3","I need a new ruler.","Jag behöver en ny linjal."
"ruler_4","Can I borrow your ruler?","Kan jag låna din linjal?"
"ruler_5","I lost my ruler.","Jag tappade min linjal."
"sharpener","Sharpener","Pennvässare"
"sharpener_2","I'm sharpening my pencil.","Jag skärper min blyertspenna."
"sharpener_3","I need a new sharpener.","Jag behöver en ny slipare."
"sharpener_4","Can I borrow your sharpener?","Kan jag låna din vässare?"
"sharpener_5","I lost my sharpener.","Jag tappade min slipare."
"mathematics","Mathematics","Matematik"
"mathematics_2","I like mathematics.","Jag gillar matematik."
"mathematics_3","I want to study mathematics.","Jag vill studera matematik."
"mathematics_4","I don't like mathematics.","Jag gillar inte matematik."
"mathematics_5","When is mathematics class?","När är matematik klassen?"
"mathematics_6","Can you help me with my mathematics homework?","Kan du hjälpa mig med mina läxor i matematik?"
"literature","Literature","Litteratur"
"literature_2","I like literature.","Jag gillar litteratur."
"literature_3","I want to study literature.","Jag vill studera litteratur."
"literature_4","I don't like literature.","Jag gillar inte litteratur."
"literature_5","When is literature class?","När är litteraturklass?"
"literature_6","Can you help me with my literature homework?","Kan du hjälpa mig med mina litteraturläxor?"
"science","Science","Vetenskap"
"science_2","I like science.","Jag gillar vetenskap."
"science_3","I want to study science.","Jag vill studera vetenskap."
"science_4","I don't like science.","Jag gillar inte vetenskap."
"science_5","When is science class?","När är naturvetenskap?"
"science_6","Can you help me with my science homework?","Kan du hjälpa mig med mina vetenskapsläxor?"
"art-class","Art class","Konstklass"
"art-class_2","I like art class.","Jag gillar konstklass."
"art-class_3","I want to practice art skills.","Jag vill utöva konstfärdigheter."
"art-class_4","I don't like art class.","Jag gillar inte konstklass."
"art-class_5","When is art class?","När är konstklass?"
"art-class_6","Can you help me with my art class homework?","Kan du hjälpa mig med mina läxor i konstklassen?"
"music-class","Music class","Musik klass"
"music-class_2","I like music class.","Jag gillar musikklass."
"music-class_3","I want to practice music skills.","Jag vill öva på musikfärdigheter."
"music-class_4","I don't like music class.","Jag gillar inte musikklass."
"music-class_5","When is music class?","När är musikklass?"
"music-class_6","Can you help me with my music class homework?","Kan du hjälpa mig med mina läxor i musikklass?"
"geography","Geography","Geografi"
"geography_2","I like geography.","Jag gillar geografi."
"geography_3","I want to study geography.","Jag vill studera geografi."
"geography_4","I don't like geography.","Jag gillar inte geografi."
"geography_5","When is geography?","När är geografi?"
"geography_6","Can you help me with my geography homework?","Kan du hjälpa mig med mina geografiska läxor?"
"telescope","Telescope","Teleskop"
"telescope_2","I'm using the telescope.","Jag använder teleskopet."
"telescope_3","I want to use the telescope.","Jag vill använda teleskopet."
"telescope_4","I want to look at the stars.","Jag vill titta på stjärnorna."
"glue","Glue","Lim"
"glue_2","I'm using glue.","Jag använder lim."
"glue_3","I need a new glue.","Jag behöver ett nytt lim."
"glue_4","Can I borrow your glue?","Kan jag låna ditt lim?"
"glue_5","I lost my glue.","Jag tappade mitt lim."
"shapes","Shapes","former"
"circle","Circle","Cirkel"
"circle_2","This is circle shaped.","Detta är cirkelformat."
"circle_3","Can you teach me how to draw a circle?","Kan du lära mig att rita en cirkel?"
"triangle","Triangle","Triangel"
"triangle_2","This is triangle shaped.","Detta är triangelformat."
"triangle_3","Can you teach me how to draw a triangle?","Kan du lära mig att rita en triangel?"
"square","Square","Fyrkant"
"square_2","This is square shaped.","Detta är fyrkantigt."
"square_3","Can you teach me how to draw a square?","Kan du lära mig att rita en fyrkant?"
"rectangle","Rectangle","Rektangel"
"rectangle_2","This is rectangle shaped.","Detta är rektangelformat."
"rectangle_3","Can you teach me how to draw a rectangle?","Kan du lära mig att rita en rektangel?"
"star","Star","Stjärna"
"star_2","This is star shaped.","Detta är stjärnformat."
"star_3","Can you teach me how to draw a star?","Kan du lära mig att rita en stjärna?"
"pentagon","Pentagon","Pentagon"
"pentagon_2","This is pentagon shaped.","Detta är femkantig."
"pentagon_3","Can you teach me how to draw a pentagon?","Kan du lära mig att rita en femkant?"
"hexagon","Hexagon","Sexhörning"
"hexagon_2","This is hexagon shaped.","Detta är hexagonformat."
"hexagon_3","Can you teach me how to draw a hexagon?","Kan du lära mig att rita en sexhörning?"
"cross","Cross","Korsa"
"cross_2","This is cross shaped.","Detta är korsformat."
"cross_3","Can you teach me how to draw a cross?","Kan du lära mig att dra ett kors?"
"ellipse","Ellipse","Ellips"
"ellipse_2","This is ellipse shaped.","Detta är ellipsformat."
"ellipse_3","Can you teach me how to draw a ellipse?","Kan du lära mig att rita en ellips?"
"arrow","Arrow","Pil"
"arrow_2","This is arrow shaped.","Detta är pilformat."
"arrow_3","Can you teach me how to draw a arrow?","Kan du lära mig att rita en pil?"
"crescent","Crescent","Halvmåne"
"crescent_2","This is crescent shaped.","Detta är halvmåneformat."
"crescent_3","Can you teach me how to draw a crescent?","Kan du lära mig hur man drar en halvmåne?"
"heart","Heart","Hjärta"
"heart_2","This is heart shaped.","Detta är hjärtformade."
"heart_3","Can you teach me how to draw a heart?","Kan du lära mig att dra ett hjärta?"
"rhombus","Rhombus","Romb"
"rhombus_2","This is rhombus shaped.","Detta är rombformat."
"rhombus_3","Can you teach me how to draw a rhombus?","Kan du lära mig att rita en romb?"
"ring","Ring","Ringa"
"ring_2","This is ring shaped.","Detta är ringformat."
"ring_3","Can you teach me how to draw a ring?","Kan du lära mig att rita en ring?"
"semicircle","Semicircle","Halvcirkel"
"semicircle_2","This is semicircle shaped.","Detta är halvcirkelformat."
"semicircle_3","Can you teach me how to draw a semicircle?","Kan du lära mig att rita en halvcirkel?"
"trapezoid","Trapezoid","trapezoid"
"trapezoid_2","This is trapezoid shaped.","Detta är trapetsformat."
"trapezoid_3","Can you teach me how to draw a trapezoid?","Kan du lära mig att rita en trapezoid?"
"cube","Cube","Kub"
"cube_2","This is cube shaped.","Detta är kubformat."
"cube_3","Can you teach me how to draw a cube?","Kan du lära mig att rita en kub?"
"cylinder","Cylinder","Cylinder"
"cylinder_2","This is cylinder shaped.","Detta är cylinderformat."
"cylinder_3","Can you teach me how to draw a cylinder?","Kan du lära mig att rita en cylinder?"