"activities","Activities","Діяльності"
"walking","Walking","Ходьба"
"walking_2","I like walking","Мені подобається гуляти"
"walking_3","I don't like walking","Мені не подобається гуляти"
"walking_4","Do you want to walk together?","Ви хочете гуляти разом?"
"running","Running","Біг"
"running_2","I like running.","Мені подобається бігати."
"running_3","I don't like running.","Мені не подобається бігати."
"running_4","Do you want to go running?","Ви хочете бігти?"
"talking","Talking","Розмови"
"talking_2","I like talking.","Мені подобається розмовляти."
"talking_3","I don't like talking.","Мені не подобається говорити."
"talking_4","Do you want to talk with me?","Ви хочете поговорити зі мною?"
"reading","Reading","Читання"
"reading_2","I like reading.","Я люблю читати."
"reading_3","I don't like reading.","Мені не подобається читати."
"reading_4","Do you want to read together?","Ви хочете читати разом?"
"football","Football","Футбол"
"football_2","I like playing football.","Мені подобається грати у футбол."
"football_3","I don't like playing football.","Мені не подобається грати у футбол."
"football_4","Do you want to play football?","Ви хочете пограти у футбол?"
"basketball","Basketball","Баскетбол"
"basketball_2","I like playing basketball.","Мені подобається грати в баскетбол."
"basketball_3","I don't like playing basketball.","Мені не подобається грати в баскетбол."
"basketball_4","Do you want to play basketball?","Ви хочете пограти в баскетбол?"
"swimming","Swimming","Плавання"
"swimming_2","I like swimming.","Я люблю плавати."
"swimming_3","I don't like swimming.","Я не люблю плавання."
"swimming_4","Do you want to go to swimming?","Ви хочете плавати?"
"painting","Painting","Живопис"
"painting_2","I like painting.","Мені подобається живопис."
"painting_3","I don't like painting.","Я не люблю малювати."
"painting_4","Do you want to paint together?","Ви хочете малювати разом?"
"drawing","Drawing","Малювання"
"drawing_2","I like drawing.","Мені подобається малювати."
"drawing_3","I don't like drawing.","Мені не подобається малювати."
"drawing_4","Do you want to draw together?","Ви хочете малювати разом?"
"cycling","Cycling","Велоспорт"
"cycling_2","I like cycling.","Мені подобається їзда на велосипеді."
"cycling_3","I don't like cycling.","Я не люблю їздити на велосипеді."
"cycling_4","Do you want to go cycling?","Ви хочете їздити на велосипеді?"
"skating","Skating","Катання на ковзанах"
"skating_2","I like skating.","Мені подобається катання на ковзанах."
"skating_3","I don't like skating.","Я не люблю ковзани."
"skating_4","Do you want to go skating?","Ви хочете кататися на ковзанах?"
"sightseeing","Sightseeing","Екскурсії"
"sightseeing_2","I like sightseeing.","Мені подобаються екскурсії."
"sightseeing_3","I don't like sightseeing.","Мені не подобаються екскурсії."
"sightseeing_4","Do you want to go for sightseeing?","Ви хочете відвідати екскурсії?"
"video-games","Video games","Відео ігри"
"video-games_2","I like playing video games.","Мені подобається грати у відеоігри."
"video-games_3","I don't like playing video games.","Мені не подобається грати у відеоігри."
"video-games_4","Do you want to play games?","Ви хочете пограти в ігри?"
"tidying","Tidying","Прибирання"
"tidying_2","I like tidying my room.","Мені подобається прибирати свою кімнату."
"tidying_3","I don't like tidying my room.","Мені не подобається прибирати свою кімнату."
"tidying_4","Can you help me tidy my room?","Чи можете ви допомогти мені привести в порядок свою кімнату?"
"toys","Toys","Іграшки"
"toys_2","I like toys.","Мені подобаються іграшки."
"toys_3","I don't like toys.","Я не люблю іграшки."
"toys_4","Do you want to play with my toys?","Ви хочете пограти з моїми іграшками?"
"puzzle","Puzzle","Головоломка"
"puzzle_2","I like solving puzzle.","Мені подобається розгадування головоломки."
"puzzle_3","I don't like solving puzzle.","Мені не подобається розгадувати головоломки."
"puzzle_4","Do you want to solve puzzles with me?","Ви хочете розгадувати загадки зі мною?"
"comics","Comics","Комікси"
"comics_2","I like reading comics.","Мені подобається читати комікси."
"comics_3","I don't like reading comics.","Мені не подобається читати комікси."
"comics_4","Do you want to read comics?","Ви хочете читати комікси?"
"chess","Chess","Шахи"
"chess_2","I like playing chess.","Мені подобається грати в шахи."
"chess_3","I don't like playing chess.","Мені не подобається грати в шахи."
"chess_4","Do you want to play chess with me?","Хочеш зі мною грати в шахи?"
"using-leeloo","Using Leeloo","Використання Leeloo"
"using-leeloo_2","I like using leeloo.","Мені подобається використовувати лелу."
"using-leeloo_3","I don't like using leeloo.","Мені не подобається використовувати лелу."
"using-leeloo_4","Can you change card packs on leeloo?","Чи можете ви змінити пакети карт на leeloo?"
"texting","Texting","Текстові повідомлення"
"texting_2","I like texting.","Мені подобається текстові повідомлення."
"texting_3","I don't like texting.","Мені не подобається текстові повідомлення."
"knitting","Knitting","В'язання"
"knitting_2","I like knitting.","Мені подобається в'язання."
"knitting_3","I don't like knitting.","Мені не подобається в'язання."
"knitting_4","I want to learn how to knit.","Я хочу навчитися в’язати."
"bowling","Bowling","Боулінг"
"bowling_2","I like bowling.","Мені подобається боулінг."
"bowling_3","I don't like bowling.","Мені не подобається боулінг."
"bowling_4","Do you want to play bowling with me?","Ви хочете пограти зі мною в боулінг?"
"watching-tv","Watching TV","Перегляд телевізора"
"watching-tv_2","I like watching tv.","Мені подобається дивитися телевізор."
"watching-tv_3","I don't like watching tv.","Мені не подобається дивитися телевізор."
"watching-tv_4","Do you want to watch tv?","Ви хочете дивитись телевізор?"
"fishing","Fishing","Риболовля"
"fishing_2","I like fishing.","Мені подобається рибалка."
"fishing_3","I don't like fishing.","Я не люблю риболовлю."
"fishing_4","Do you want to go to fishing?","Ви хочете піти на риболовлю?"
"exercising","Exercising","Вправа"
"exercising_2","I like exercising.","Мені подобається займатися фізичними вправами."
"exercising_3","I don't like exercising.","Мені не подобається займатися фізичними вправами."
"exercising_4","Do you want to exercise with me?","Ви хочете займатися зі мною?"
"tennis","Tennis","Теніс"
"tennis_2","I like playing tennis.","Мені подобається грати в теніс."
"tennis_3","I don't like playing tennis.","Мені не подобається грати в теніс."
"tennis_4","Do you want to play tennis with me?","Ви хочете зі мною пограти в теніс?"
"animals","Animals","Тварини"
"cat","Cat","Кіт"
"cat_2","I like cats.","Я люблю котів."
"cat_3","I saw a cat.","Я побачив кота."
"cat_4","What noise does a cat make?","Який шум видає кішка?"
"cat_5","Can we get a cat as pet?","Чи можемо ми завести кота домашньою твариною?"
"dog","Dog","Собака"
"dog_2","I like dog.","Мені подобається собака."
"dog_3","I saw a dog.","Я побачив собаку."
"dog_4","What noise does a dog make?","Який шум видає собака?"
"dog_5","Can we get a dog as pet?","Чи можемо ми придбати собаку як домашню тварину?"
"fish","Fish","Риба"
"fish_2","I like fish.","Мені подобається риба."
"fish_3","I saw a fish.","Я побачив рибу."
"fish_4","What noise does a fish make?","Який шум видає риба?"
"fish_5","Can we get a fish as pet?","Чи можемо ми придбати рибу як домашню тварину?"
"rabbit","Rabbit","Кролик"
"rabbit_2","I like rabbits.","Мені подобаються кролики."
"rabbit_3","I saw a rabbit.","Я побачив кролика."
"rabbit_4","What noise does a rabbit make?","Який шум видає кролик?"
"rabbit_5","Can we get a rabbit as pet?","Чи можемо ми придбати кролика як домашнього улюбленця?"
"butterfly","Butterfly","Метелик"
"butterfly_2","I like butterflies.","Мені подобаються метелики."
"butterfly_3","I saw a butterfly.","Я побачив метелика."
"butterfly_4","What noise does a butterfly make?","Який шум видає метелик?"
"kangaroo","Kangaroo","Кенгуру"
"kangaroo_2","I like kangaroos.","Мені подобаються кенгуру."
"kangaroo_3","I saw a kangaroo.","Я побачив кенгуру."
"kangaroo_4","What noise does a kangaroo make?","Який шум видає кенгуру?"
"turtle","Turtle","Черепаха"
"turtle_2","I like turtles.","Мені подобаються черепахи."
"turtle_3","I saw a turtle.","Я побачив черепаху."
"turtle_4","What noise does a turtle make?","Який шум видає черепаха?"
"giraffe","Giraffe","Жирафа"
"giraffe_2","I like giraffes.","Мені подобаються жирафи."
"giraffe_3","I saw a giraffe.","Я побачив жирафа."
"giraffe_4","What noise does a giraffe make?","Який шум видає жирафа?"
"frog","Frog","Жаба"
"frog_2","I like frogs.","Мені подобаються жаби."
"frog_3","I saw a frog.","Я побачив жабу."
"frog_4","What noise does a frog make?","Який шум видає жаба?"
"swan","Swan","Лебідь"
"swan_2","I like swans.","Мені подобаються лебеді."
"swan_3","I saw a swan.","Я побачив лебедя."
"swan_4","What noise does a swan make?","Який шум видає лебідь?"
"spider","Spider","Павук"
"spider_2","I like spiders.","Мені подобаються павуки."
"spider_3","I saw a spider.","Я побачив павука."
"spider_4","What noise does a spider make?","Який шум видає павук?"
"cow","Cow","Корова"
"cow_2","I like cows.","Мені подобаються корови."
"cow_3","I saw a cow.","Я побачив корову."
"cow_4","What noise does a cow make?","Який шум видає корова?"
"duck","Duck","Качка"
"duck_2","I like ducks.","Мені подобаються качки."
"duck_3","I saw a duck.","Я побачив качку."
"duck_4","What noise does a duck make?","Який шум видає качка?"
"horse","Horse","Кінь"
"horse_2","I like horses.","Мені подобаються коні."
"horse_3","I saw a horse.","Я побачив коня."
"horse_4","What noise does a horse make?","Який шум видає кінь?"
"chicken","Chicken","Курка"
"chicken_2","I like chickens.","Мені подобаються кури."
"chicken_3","I saw a chicken.","Я побачив курку."
"chicken_4","What noise does a chicken make?","Який шум видає курка?"
"bee","Bee","Бджола"
"bee_2","I like bees.","Мені подобаються бджоли."
"bee_3","I saw a bee.","Я побачив бджолу."
"bee_4","What noise does a bee make?","Який шум видає бджола?"
"pig","Pig","Свиня"
"pig_2","I like pigs.","Мені подобаються свині."
"pig_3","I saw a pig.","Я побачив свиню."
"pig_4","What noise does a pig make?","Який шум видає свиня?"
"dove","Dove","Голуб"
"dove_2","I like doves.","Мені подобаються голуби."
"dove_3","I saw a dove.","Я побачив голуба."
"dove_4","What noise does a dove make?","Який шум видає голуб?"
"crab","Crab","Краб"
"crab_2","I like crabs.","Мені подобаються краби."
"crab_3","I saw a crab.","Я побачив краба."
"crab_4","What noise does a crab make?","Який шум видає краб?"
"penguin","Penguin","Пінгвін"
"penguin_2","I like penguins.","Мені подобаються пінгвіни."
"penguin_3","I saw a penguin.","Я побачив пінгвіна."
"penguin_4","What noise does a penguin make?","Який шум видає пінгвін?"
"elephant","Elephant","Слон"
"elephant_2","I like elephants.","Мені подобаються слони."
"elephant_3","I saw an elephant.","Я побачив слона."
"elephant_4","What noise does an elephant make?","Який шум видає слон?"
"zebra","Zebra","Зебра"
"zebra_2","I like zebras.","Мені подобаються зебри."
"zebra_3","I saw a zebra.","Я побачив зебру."
"zebra_4","What noise does a zebra make?","Який шум видає зебра?"
"panda","Panda","Панда"
"panda_2","I like pandas.","Мені подобаються панди."
"panda_3","I saw a panda.","Я побачив панду."
"panda_4","What noise does a panda make?","Який шум видає панда?"
"monkey","Monkey","Мавпа"
"monkey_2","I like monkeys.","Мені подобаються мавпи."
"monkey_3","I saw a monkey.","Я побачив мавпу."
"monkey_4","What noise does a monkey make?","Який шум видає мавпа?"
"camel","Camel","Верблюд"
"camel_2","I like camels.","Мені подобаються верблюди."
"camel_3","I saw a camel.","Я побачив верблюда."
"camel_4","What noise does a camel make?","Який шум видає верблюд?"
"mouse","Mouse","Миша"
"mouse_2","I like mice.","Мені подобаються миші."
"mouse_3","I saw a mouse.","Я побачив мишку."
"mouse_4","What noise does a mouse make?","Який шум видає миша?"
"tiger","Tiger","Тигр"
"tiger_2","I like tigers.","Мені подобаються тигри."
"tiger_3","I saw a tiger.","Я побачив тигра."
"tiger_4","What noise does a tiger make?","Який шум видає тигр?"
"jellyfish","Jellyfish","Медузи"
"jellyfish_2","I like jellyfishes.","Мені подобаються медузи."
"jellyfish_3","I saw a jellyfish.","Я побачив медузу."
"jellyfish_4","What noise does a jellyfish make?","Який шум видає медуза?"
"crocodile","Crocodile","Крокодил"
"crocodile_2","I like crocodiles.","Мені подобаються крокодили."
"crocodile_3","I saw a crocodile.","Я побачив крокодила."
"crocodile_4","What noise does a crocodile make?","Який шум видає крокодил?"
"koala","Koala","Коала"
"koala_2","I like koalas.","Мені подобаються коали."
"koala_3","I saw a koala.","Я побачив коалу."
"koala_4","What noise does a koala make?","Який шум видає коала?"
"ostrich","Ostrich","Страус"
"ostrich_2","I like ostriches.","Мені подобаються страуси."
"ostrich_3","I saw an ostrich.","Я побачив страуса."
"ostrich_4","What noise does an ostrich make?","Який шум видає страус?"
"racoon","Racoon","Єнот"
"racoon_2","I like racoons.","Мені подобаються єноти."
"racoon_3","I saw a racoon.","Я побачив єнота."
"racoon_4","What noise does a racoon make?","Який шум видає єнот?"
"bat","Bat","Кажан"
"bat_2","I like bats.","Мені подобаються кажани."
"bat_3","I saw a bat.","Я побачив кажана."
"bat_4","What noise does a bat make?","Який шум видає кажан?"
"eagle","Eagle","Орел"
"eagle_2","I like eagles.","Мені подобаються орли."
"eagle_3","I saw an eagle.","Я побачив орла."
"eagle_4","What noise does an eagle make?","Який шум видає орел?"
"hippopotamus","Hippopotamus","Бегемот"
"hippopotamus_2","I like hippopotamus.","Мені подобається гіпопотам."
"hippopotamus_3","I saw a hippopotamus.","Я побачив бегемота."
"hippopotamus_4","What noise does a hippopotamus make?","Який шум видає гіпопотам?"
"seal","Seal","Печатка"
"seal_2","I like seals.","Мені подобаються тюлені."
"seal_3","I saw a seal.","Я побачив печатку."
"seal_4","What noise does a seal make?","Який шум видає пломба?"
"walrus","Walrus","Морж"
"walrus_2","I like walruses.","Мені подобаються моржі."
"walrus_3","I saw a walrus.","Я побачив морж."
"walrus_4","What noise does a walrus make?","Який шум видає морж?"
"seahorse","Seahorse","Морський коник"
"seahorse_2","I like seahorses.","Мені подобаються морські коні."
"seahorse_3","I saw a seahorse.","Я побачив морського коня."
"seahorse_4","What noise does a seahorse make?","Який шум видає морський коник?"
"bull","Bull","Бик"
"bull_2","I like bulls.","Мені подобаються бики."
"bull_3","I saw a bull.","Я побачив бика."
"bull_4","What noise does a bull make?","Який шум видає бик?"
"pelican","Pelican","Пелікан"
"pelican_2","I like pelicans.","Мені подобаються пелікани."
"pelican_3","I saw a pelican.","Я побачив пелікана."
"pelican_4","What noise does a pelican make?","Який шум видає пелікан?"
"beaver","Beaver","Бобр"
"beaver_2","I like beavers.","Мені подобаються бобри."
"beaver_3","I saw a beaver.","Я побачив бобра."
"beaver_4","What noise does a beaver make?","Який шум видає бобр?"
"goldfish","Goldfish","Золота рибка"
"goldfish_2","I like goldfishes.","Мені подобаються золоті рибки."
"goldfish_3","I saw a goldfish.","Я побачив золоту рибку."
"goldfish_4","What noise does a goldfish make?","Який шум видає золота рибка?"
"goldfish_5","Can we get a goldfish as pet?","Чи можемо ми придбати золоту рибку як домашню тварину?"
"rhinoceros","Rhinoceros","Носоріг"
"rhinoceros_2","I like rhinoceros.","Мені подобаються носороги."
"rhinoceros_3","I saw a rhinoceros.","Я побачив носорога."
"rhinoceros_4","What noise does a rhinoceros make?","Який шум видає носоріг?"
"snake","Snake","Змія"
"snake_2","I like snakes.","Мені подобаються змії."
"snake_3","I saw a snake.","Я побачив змію."
"snake_4","What noise does a snake make?","Який шум видає змія?"
"lion","Lion","Лев"
"lion_2","I like lions.","Мені подобаються леви."
"lion_3","I saw a lion.","Я побачив лева."
"lion_4","What noise does a lion make?","Який шум видає лев?"
"squid","Squid","Кальмар"
"squid_2","I like squids.","Мені подобаються кальмари."
"squid_3","I saw a squid.","Я побачив кальмара."
"squid_4","What noise does a squid make?","Який шум видає кальмар?"
"whale","Whale","Кит"
"whale_2","I like whales.","Мені подобаються кити."
"whale_3","I saw a whale.","Я побачив кита."
"whale_4","What noise does a whale make?","Який шум видає кит?"
"beetle","Beetle","Жук"
"beetle_2","I like beetles.","Мені подобаються жуки."
"beetle_3","I saw a beetle.","Побачила жука."
"beetle_4","What noise does a beetle make?","Який шум видає жук?"
"dolphin","Dolphin","Дельфін"
"dolphin_2","I like dolphins.","Мені подобаються дельфіни."
"dolphin_3","I saw a dolphin.","Я побачив дельфіна."
"dolphin_4","What noise does a dolphin make?","Який шум видає дельфін?"
"starfish","Starfish","Морська зірка"
"starfish_2","I like starfishes.","Мені подобаються зірки."
"starfish_3","I saw a starfish.","Побачила зірку."
"starfish_4","What noise does a starfish make?","Який шум видає зірка?"
"parakeet","Parakeet","Папуга"
"parakeet_2","I like parakeets.","Мені подобаються папуги."
"parakeet_3","I saw a parakeet.","Я побачив папугу."
"parakeet_4","What noise does a parakeet make?","Який шум видає папуга?"
"owl","Owl","Сова"
"owl_2","I like owls.","Мені подобаються сови."
"owl_3","I saw an owl.","Я побачив сову."
"owl_4","What noise does an owl make?","Який шум видає сова?"
"sheep","Sheep","Вівці"
"sheep_2","I like sheeps.","Мені подобаються вівці."
"sheep_3","I saw a sheep.","Я бачив вівцю."
"sheep_4","What noise does a sheep make?","Який шум видає вівця?"
"clothes","Clothes","Одяг"
"pants","Pants","Штани"
"pants_2","My pants are dirty.","У мене штани брудні."
"pants_3","Can you help me wear my pants?","Чи можете ви допомогти мені носити штани?"
"shirt","Shirt","Сорочка"
"shirt_2","My shirt is dirty.","Моя сорочка брудна."
"shirt_3","Can you help me wear my shirt?","Чи можете ви допомогти мені носити сорочку?"
"skirt","Skirt","Спідниця"
"skirt_2","My skirt is dirty.","Моя спідниця брудна."
"skirt_3","Can you help me wear my skirt?","Чи можете ви допомогти мені носити спідницю?"
"panty","Panty","Трусики"
"panty_2","My underwear is dirty.","Моя білизна брудна."
"panty_3","Can you help me wear my panty?","Чи можете ви допомогти мені носити труси?"
"jacket","Jacket","Куртка"
"jacket_2","My jacket is dirty.","Моя куртка брудна."
"jacket_3","Can you help me wear my jacket?","Ви можете допомогти мені носити свою куртку?"
"tie","Tie","Краватка"
"tie_2","I like wearing tie.","Мені подобається носити краватку."
"tie_3","Can you help me tie my tie?","Чи можете ви допомогти мені зав'язати свою краватку?"
"baseball-cap","Baseball cap","Бейсболка"
"baseball-cap_2","I like wearing baseball cap.","Мені подобається носити бейсболку."
"baseball-cap_3","Which baseball cap should I wear?","Яку бейсболку потрібно носити?"
"dress","Dress","Плаття"
"dress_2","My dress is dirty.","Моє плаття брудне."
"dress_3","Can you help me wear my dress?","Чи можете ви допомогти мені носити мою сукню?"
"shoes","Shoes","Взуття"
"shoes_2","My shoes are dirty.","Моє взуття брудне."
"shoes_3","Can you help me wear my shoes?","Чи можете ви допомогти мені носити взуття?"
"boots","Boots","Чоботи"
"boots_2","My boots are dirty.","Мої черевики брудні."
"boots_3","Can you help me wear my boots?","Чи можете ви допомогти мені носити черевики?"
"sneakers","Sneakers","Кросівки"
"sneakers_2","I want to wear my sneakers.","Я хочу носити кросівки."
"sneakers_3","Can you help me wear my sneakers?","Чи можете ви допомогти мені носити кросівки?"
"slippers","Slippers","Тапочки"
"slippers_2","I want to wear my slippers.","Я хочу носити тапочки."
"slippers_3","Can you help me wear my slippers?","Чи можете ви допомогти мені носити тапочки?"
"belt","Belt","Пояс"
"belt_2","I like wearing belt.","Мені подобається носити пояс."
"belt_3","Can you help me wear my belt?","Чи можете ви допомогти мені носити пояс?"
"socks","Socks","Шкарпетки"
"socks_2","My socks are dirty.","Мої шкарпетки брудні."
"socks_3","Can you help me wear my socks?","Чи можете ви допомогти мені носити шкарпетки?"
"swimsuit","Swimsuit","Купальник"
"swimsuit_2","I want to wear my swimsuit.","Я хочу носити купальник."
"swimsuit_3","Can you help me wear my swimsuit?","Чи можете ви допомогти мені носити купальник?"
"sweater","Sweater","Светр"
"sweater_2","My sweater is dirty.","Мій светр брудний."
"sweater_3","Can you help me wear my sweater?","Чи можете ви мені допомогти носити светр?"
"scarf","Scarf","Шарф"
"scarf_2","I like wearing scarf.","Мені подобається носити шарф."
"scarf_3","Can you help me wear my scarf?","Чи можете ви допомогти мені носити шарф?"
"denim-shorts","Denim shorts","Джинсові шорти"
"denim-shorts_2","My denim shorts are dirty.","Мої джинсові шорти брудні."
"denim-shorts_3","Can you help me wear my denim shorts?","Чи можете ви допомогти мені носити свої джинсові шорти?"
"hoodies","Hoodies","Толстовки"
"hoodies_2","I like wearing hoodies.","Мені подобається носити толстовки."
"hoodies_3","Can you help me wear my hoodie?","Чи можете ви допомогти мені носити балахон?"
"swimming-shorts","Swimming shorts","Плавальні шорти"
"swimming-shorts_2","My swimming shorts are dirty.","Мої шорти для плавання брудні."
"swimming-shorts_3","Can you help me wear my swimming shorts?","Чи можете ви допомогти мені носити свої плавальні шорти?"
"bow-tie","Bow tie","Краватка-бантик"
"bow-tie_2","I like wearing bow tie.","Мені подобається носити краватку-бабочку."
"bow-tie_3","Can you help me wear my bow tie?","Чи можете ви допомогти мені носити краватку?"
"leather-jacket","Leather jacket","Шкіряна куртка"
"leather-jacket_2","I like wearing leather jacket.","Мені подобається носити шкіряну куртку."
"leather-jacket_3","Can you help me wear my leather jacket?","Чи можете ви допомогти мені носити мою шкіряну куртку?"
"bathrobe","Bathrobe","Халат"
"bathrobe_2","I like wearing bathrobe.","Мені подобається носити халат."
"bathrobe_3","Can you help me wear my bathrobe?","Ви можете допомогти мені носити халат?"
"jumpsuit","Jumpsuit","Комбінезон"
"jumpsuit_2","I like wearing jumpsuit.","Мені подобається носити комбінезон."
"jumpsuit_3","Can you help me wear my jumpsuit?","Чи можете ви допомогти мені носити свій комбінезон?"
"fedora-hat","Fedora hat","Шапка Федора"
"fedora-hat_2","I like wearing fedora hat.","Мені подобається носити шапку Fedora."
"fedora-hat_3","Can you help me wear my fedora hat?","Чи можете ви допомогти мені носити шапку Fedora?"
"t-shirt","T-shirt","Футболка"
"t-shirt_2","I like wearing t-shirt.","Мені подобається носити футболку."
"t-shirt_3","Can you help me wear my t-shirt?","Чи можете ви допомогти мені носити мою футболку?"
"sleeveless","Sleeveless","Без рукавів"
"sleeveless_2","I like wearing sleeveless.","Мені подобається носити без рукавів."
"sleeveless_3","Can you help me wear my sleeveless?","Чи можете ви допомогти мені носити без рукавів?"
"boxers","Boxers","Боксери"
"boxers_2","I like wearing boxers.","Мені подобається носити боксери."
"boxers_3","Can you help me wear my boxers?","Чи можете ви допомогти мені носити свої боксери?"
"vest","Vest","Жилет"
"vest_2","I like wearing vest.","Мені подобається носити жилет."
"vest_3","Can you help me wear my vest?","Чи можете ви допомогти мені носити жилет?"
"pamela-hat","Pamela hat","Шапка Памела"
"pamela-hat_2","I like wearing pamela hat.","Мені подобається носити шапку Памела."
"pamela-hat_3","Can you help me wear my pamela hat?","Чи можете ви допомогти мені носити шапку «памела»?"
"high-heels","High heels","Високі підбори"
"high-heels_2","I like wearing high heels.","Мені подобається носити високі підбори."
"high-heels_3","Can you help me wear my high heels?","Чи можете ви допомогти мені носити високі підбори?"
"overalls","Overalls","Комбінезон"
"overalls_2","I like wearing overalls.","Мені подобається носити комбінезон."
"overalls_3","Can you help me wear my overalls?","Чи можете ви допомогти мені носити комбінезон?"
"kimono","Kimono","Кімоно"
"kimono_2","I like wearing kimono.","Мені подобається носити кімоно."
"kimono_3","Can you help me wear my kimono?","Чи можете ви допомогти мені носити своє кімоно?"
"raincoat","Raincoat","Плащ"
"raincoat_2","I like wearing raincoat.","Мені подобається носити плащ."
"raincoat_3","Can you help me wear my raincoat?","Чи можете ви допомогти мені носити свій плащ?"
"bandana","Bandana","Бандана"
"bandana_2","I like wearing bandana.","Мені подобається носити бандану."
"bandana_3","Can you help me wear my bandana?","Чи можете ви допомогти мені носити свою бандану?"
"beret","Beret","Берет"
"beret_2","I like wearing beret.","Мені подобається носити берет."
"beret_3","Can you help me wear my beret?","Чи можете ви допомогти мені носити берет?"
"knit-hat","Knit hat","В'язати шапку"
"knit-hat_2","I like wearing knit hat.","Мені подобається носити в’язану шапку."
"knit-hat_3","Can you help me wear my knit hat?","Чи можете ви допомогти мені носити свою в’язану шапку?"
"suspenders","Suspenders","Підвіски"
"suspenders_2","I like wearing suspenders.","Мені подобається носити підтяжки."
"suspenders_3","Can you help me wear my suspenders?","Чи можете ви допомогти мені носити підтяжки?"
"mitten","Mitten","Рукавиця"
"mitten_2","I like wearing mitten.","Мені подобається носити рукавицю."
"mitten_3","Can you help me wear my mitten?","Чи можете ви допомогти мені носити свою рукавицю?"
"suit","Suit","Костюм"
"suit_2","I like wearing suit.","Мені подобається носити костюм."
"suit_3","Can you help me wear my suit?","Ви можете допомогти мені носити костюм?"
"coat","Coat","Пальто"
"coat_2","I like wearing coat.","Мені подобається носити пальто."
"coat_3","Can you help me wear my coat?","Ви можете допомогти мені носити пальто?"
"trench-coat","Trench coat","Пальто"
"trench-coat_2","I like wearing trench coat.","Мені подобається носити тренчкот."
"trench-coat_3","Can you help me wear my trench coat?","Чи можете ви допомогти мені носити тренчкот?"
"colors","Colors","Кольори"
"crayons","Crayons","Олівці"
"crayons_2","I like crayons.","Мені подобаються олівці."
"crayons_3","Can you give me crayons?","Чи можете ви дати мені олівці?"
"crayons_4","I want to draw using my crayons.","Я хочу малювати за допомогою моїх олівців."
"red","Red","Червоний"
"red_2","It is red.","Він червоний."
"red_3","My favorite color is red.","Мій улюблений колір - червоний."
"red_4","Can you give me red paint?","Чи можете ви дати мені червону фарбу?"
"blue","Blue","Синій"
"blue_2","It is blue.","Це синій."
"blue_3","My favorite color is blue.","Мій улюблений колір - блакитний."
"blue_4","Can you give me blue paint?","Чи можете ви дати мені синю фарбу?"
"orange","Orange","Помаранчевий"
"orange_2","It is orange color.","Це помаранчевий колір."
"orange_3","My favorite color is orange.","Мій улюблений колір - помаранчевий."
"orange_4","Can you give me orange paint?","Чи можете ви дати мені помаранчеву фарбу?"
"green","Green","Зелений"
"green_2","It is green.","Він зелений."
"green_3","My favorite color is green.","Мій улюблений колір - зелений."
"green_4","Can you give me green paint?","Чи можете ви дати мені зелену фарбу?"
"yellow","Yellow","Жовтий"
"yellow_2","It is yellow.","Це жовтий колір."
"yellow_3","My favorite color is yellow.","Мій улюблений колір - жовтий."
"yellow_4","Can you give me yellow paint?","Чи можете ви дати мені жовту фарбу?"
"purple","Purple","Фіолетовий"
"purple_2","It is purple.","Це фіолетовий."
"purple_3","My favorite color is purple.","Мій улюблений колір - фіолетовий."
"purple_4","Can you give me purple paint?","Чи можете ви дати мені фіолетову фарбу?"
"pink","Pink","Рожевий"
"pink_2","It is pink.","Воно рожеве."
"pink_3","My favorite color is pink.","Мій улюблений колір - рожевий."
"pink_4","Can you give me pink paint?","Чи можете ви дати мені рожеву фарбу?"
"brown","Brown","Коричневий"
"brown_2","It is brown.","Він коричневий."
"brown_3","My favorite color is brown.","Мій улюблений колір - коричневий."
"brown_4","Can you give me brown paint?","Чи можете ви дати мені коричневу фарбу?"
"black","Black","Чорний"
"black_2","It is black.","Він чорний."
"black_3","My favorite color is black.","Мій улюблений колір - чорний."
"black_4","Can you give me black paint?","Чи можете ви дати мені чорну фарбу?"
"white","White","Білий"
"white_2","It is white.","Він білий."
"white_3","My favorite color is white.","Мій улюблений колір - білий."
"white_4","Can you give me white paint?","Чи можете ви дати мені білу фарбу?"
"gray","Gray","Сірий"
"gray_2","It is gray.","Він сірий."
"gray_3","My favorite color is gray.","Мій улюблений колір - сірий."
"gray_4","Can you give me gray paint?","Чи можете ви дати мені сіру фарбу?"
"transparent","Transparent","Прозорий"
"transparent_2","It is transparent.","Він прозорий."
"transparent_3","I can see behind transparent color.","Я бачу за прозорим кольором."
"transparent_4","Can you help me erase?","Чи можете ви допомогти мені стерти?"
"cyan","Cyan","Синя"
"cyan_2","It is cyan.","Це блакитно."
"cyan_3","My favorite color is cyan.","Мій улюблений колір - блакитний."
"cyan_4","Can you give me cyan paint?","Чи можете ви дати мені блакитну фарбу?"
"violet","Violet","Фіолетовий"
"violet_2","It is violet.","Це фіолетовий."
"violet_3","My favorite color is violet.","Мій улюблений колір - фіолетовий."
"violet_4","Can you give me violet paint?","Ви можете мені подарувати фіолетову фарбу?"
"turquoise","Turquoise","Бірюза"
"turquoise_2","It is turquoise.","Це бірюза."
"turquoise_3","My favorite color is turquoise.","Мій улюблений колір - бірюзовий."
"turquoise_4","Can you give me turquoise paint?","Чи можете ви дати мені бірюзову фарбу?"
"lime","Lime","Вапно"
"lime_2","It is lime.","Це вапно."
"lime_3","My favorite color is lime.","Мій улюблений колір - вапно."
"lime_4","Can you give me lime paint?","Чи можете ви дати мені вапняну фарбу?"
"plum","Plum","Слива"
"plum_2","It is plum.","Це слива."
"plum_3","My favorite color is plum.","Мій улюблений колір - слива."
"plum_4","Can you give me plum paint?","Чи можете ви дати мені сливову фарбу?"
"tan","Tan","Засмага"
"tan_2","It is tan color.","Це засмаглий колір."
"tan_3","My favorite color is tan color.","Мій улюблений колір - колір засмаги."
"tan_4","Can you give me tan color paint?","Чи можете ви дати мені фарбу із засмагою?"
"avocado","Avocado","Авокадо"
"avocado_2","It is avocado color.","Це кольору авокадо."
"avocado_3","My favorite color is avocado color.","Мій улюблений колір - колір авокадо."
"avocado_4","Can you give me avocado color paint?","Чи можете ви подарувати мені фарбу авокадо?"
"barbie-pink","Barbie pink","Барбі рожева"
"barbie-pink_2","It is barbie pink color.","Це барбі рожевого кольору."
"barbie-pink_3","My favorite color is barbie pink.","Мій улюблений колір - рожевий барбі."
"barbie-pink_4","Can you give me barbie pink paint?","Чи можете ви подарувати мені барбі рожеву фарбу?"
"blizzard-blue","Blizzard blue","Завіру блакитний"
"blizzard-blue_2","It is blizzard blue color.","Це хуртовина синього кольору."
"blizzard-blue_3","My favorite color is blizzard blue color.","Мій улюблений колір - блакитний блакитний колір."
"blizzard-blue_4","Can you give me blizzard blue paint?","Чи можете ви дати мені блакитну фарбу?"
"conversation","Conversation","Бесіда"
"me","Me","Я"
"me_2","My name is {name}","Мене звуть {name}"
"me_3","I'm {name}","Я {ім'я}"
"me_4","Do you know my name?","Ви знаєте моє ім’я?"
"me_5","What is your name?","Як вас звати?"
"me_6","Nice to meet you!","Приємно познайомитись!"
"me_7","Do you like me?","Ти мені подобається?"
"me_8","Can we be friends?","Чи можемо ми бути друзями?"
"me_9","I'm using assistive communication app.","Я використовую допоміжний додаток для спілкування."
"me_10","Who are you?","Хто ти?"
"hello","Hello","Здравствуйте"
"hello_2","Hello.","Привіт."
"hello_3","Hi.","Привіт."
"hello_4","Greetings.","Привітання."
"hello_5","How are you?","Як справи?"
"hello_6","Nice to meet you!","Приємно познайомитись!"
"help","Help","Довідка"
"help_2","Help me.","Допоможи мені."
"help_3","Can you help me?","Можеш допомогти мені?"
"help_4","I need help","мені потрібна допомога"
"help_5","Do you need help?","Тобі потрібна допомога?"
"yes","Yes","Так"
"yes_2","Yes.","Так."
"yes_3","Yes please.","Так, будь ласка."
"yes_4","Alright.","Добре."
"yes_5","Agreed.","Домовились."
"yes_6","I want to.","Я хочу."
"yes_7","I would like to.","Я хотів би."
"no","No","Ні"
"no_2","No.","Ні."
"no_3","Nope.","Ні."
"no_4","Never.","Ніколи."
"no_5","I don't want to.","Я не хочу цього робити."
"no_6","I don't like it.","Мені це не подобається."
"no_7","You don't like it?","Вам це не подобається?"
"no_8","Why you don't like it?","Чому це вам не подобається?"
"toilet","Toilet","Туалет"
"toilet_2","I need to go to the toilet.","Мені потрібно в туалет."
"toilet_3","I need to pee.","Мені потрібно мочитися."
"toilet_4","I need to poop.","Мені потрібно пуститися."
"toilet_5","Can you help me go to the toilet?","Ви можете мені допомогти сходити в туалет?"
"toilet_6","Can you help me clean?","Чи можете ви допомогти мені прибрати?"
"toilet_7","I peed myself.","Я підглянув себе."
"toilet_8","I pooped myself.","Я копнувся."
"what","What","Що"
"what_2","What is that?","Що це?"
"what_3","What does it mean?","Що це означає?"
"what_4","What do you mean?","Що ви маєте на увазі?"
"what_5","Can you explain it?","Ви можете пояснити це?"
"what_6","Can you repeat what you said?","Чи можете ви повторити сказане?"
"what_7","I don't understand.","Я не розумію."
"sleep","Sleep","Сон"
"sleep_2","I want to sleep.","Я хочу спати."
"sleep_3","I don't want to sleep.","Я не хочу спати."
"sleep_4","I'm tired.","Я втомлений."
"sleep_5","Are you tired?","Ти втомився?"
"sleep_6","When am I going to sleep?","Коли я буду спати?"
"sleep_7","I want to take a nap.","Я хочу подрімати."
"bath","Bath","Ванна"
"bath_2","I want to take a bath.","Я хочу прийняти ванну."
"bath_3","I like taking a bath.","Мені подобається приймати ванну."
"bath_4","I want to wash my hands.","Я хочу помити руки."
"bath_5","I want to take a shower.","Я хочу прийняти душ."
"bath_6","I want to clean myself.","Я хочу очистити себе."
"bath_7","Can you help me take a bath?","Чи можете ви допомогти мені прийняти ванну?"
"bath_8","I don't want to take a bath.","Я не хочу приймати ванну."
"listen","Listen","Слухай"
"listen_2","Listen to me.","Послухай мене."
"listen_3","Can you listen to me?","Ви можете мене слухати?"
"listen_4","Listen to music.","Слухати музику."
"listen_5","Listening to my parents.","Слухаю своїх батьків."
"listen_6","Listen to what my application is saying!","Послухайте, що говорить моя заява!"
"morning","Morning","Ранок"
"morning_2","Good morning.","Добрий ранок."
"morning_3","I like mornings.","Мені подобаються ранки."
"morning_4","In the morning.","Вранці."
"morning_5","Morning time.","Ранковий час."
"morning_6","Is it morning?","Це ранок?"
"night","Night","Ніч"
"night_2","Good night!","Надобраніч!"
"night_3","I like nights.","Мені подобаються ночі."
"night_4","At night.","Вночі."
"night_5","Night time.","Нічний час."
"night_6","Is it night?","Це ніч?"
"look","Look","Подивіться"
"look_2","Look at me.","Подивись на мене."
"look_3","Look at this.","Подивись на це."
"look_4","Are you looking?","Ви шукаєте?"
"look_5","Look at my drawing.","Подивіться на мій малюнок."
"look_6","How do I look?","Як я виглядаю?"
"look_7","Look what I did.","Подивіться, що я зробив."
"look_8","Let's look at that.","Подивимось на це."
"speak","Speak","Говоріть"
"speak_2","I'm learning how to speak.","Я вчусь говорити."
"speak_3","I want to speak.","Я хочу говорити."
"speak_4","Can I speak with you?","Чи можу я поговорити з вами?"
"speak_5","I like speaking.","Мені подобається говорити."
"speak_6","I'm using assistive communication app.","Я використовую допоміжний додаток для спілкування."
"play","Play","Грати"
"play_2","I love playing.","Я люблю грати."
"play_3","Can you play with me?","Ти можеш зі мною пограти?"
"play_4","I want to play with you!","Я хочу пограти з тобою!"
"play_5","I want to play with my friends.","Я хочу пограти з друзями."
"play_6","I don't want to play with you.","Я не хочу грати з тобою."
"outside","Outside","Зовні"
"outside_2","I love going outside.","Я люблю виходити на вулицю."
"outside_3","I want to go outside.","Я хочу вийти на вулицю."
"outside_4","Is it cold outside?","Зовнішньо холодно?"
"outside_5","I don't like outside.","Мені не подобається надворі."
"outside_6","Can I go outside?","Чи можу я вийти на вулицю?"
"home","Home","Головна"
"home_2","I love my home.","Я люблю свій дім."
"home_3","I want to go home.","Я хочу піти додому."
"home_4","Where is your home?","Де твій дім?"
"home_5","Home sweet home.","Дім, милий дім."
"home_6","I'm in the house.","Я в хаті."
"home_7","I'm not in the house.","Я не в будинку."
"hurt","Hurt","Шкода"
"hurt_2","I'm hurt.","Я поранений."
"hurt_3","Are you hurt?","Ти болить?"
"hurt_4","Did I hurt you?","Я тебе зачепив?"
"hurt_5","I didn't mean to hurt you!","Я не хотів тебе зачепити!"
"hurt_6","Is it going to hurt?","Чи буде боляче?"
"hurt_7","I have a headache.","В мене болить голова."
"hurt_8","I have a stomach ache.","У мене болить шлунок."
"hurt_9","My genitals hurt.","Мої геніталії болять."
"hurt_10","My foot hurts.","Мене болить нога."
"feelings","Feelings","Почуття"
"happy","Happy","Щасливі"
"happy_2","I'm happy.","Я щасливий."
"happy_3","I feel happy.","Я відчуваю себе щасливим."
"happy_4","Do you feel happy?","Ти відчуваєш себе щасливим?"
"happy_5","I want to feel happy.","Я хочу відчувати себе щасливим."
"happy_6","You are making me happy.","Ти робиш мене щасливим."
"sad","Sad","Сумно"
"sad_2","I'm sad.","Я - сумний."
"sad_3","I feel sad.","Мені сумно."
"sad_4","Do you feel sad?","Ви сумуєте?"
"sad_5","I don't want to feel sad.","Я не хочу сумувати."
"sad_6","You are making me sad.","Ти мене сумуєш."
"exhausted","Exhausted","Виснажений"
"exhausted_2","I'm exhausted.","Я виснажений."
"exhausted_3","I feel exhausted.","Я відчуваю себе виснаженим."
"exhausted_4","Do you feel exhausted?","Ви відчуваєте себе виснаженими?"
"exhausted_5","I don't want to be exhausted.","Я не хочу бути виснаженим."
"relaxed","Relaxed","Розслаблено"
"relaxed_2","I'm relaxed.","Я розслаблений."
"relaxed_3","I feel relaxed.","Я відчуваю себе розслаблено."
"relaxed_4","Do you feel relaxed?","Ви відчуваєте себе розслаблено?"
"relaxed_5","I want to feel relaxed.","Я хочу відчувати себе розслабленим."
"in-love","In love","Закоханий"
"in-love_2","I'm in love.","Я закоханий."
"in-love_3","I feel in love.","Я відчуваю закоханість."
"in-love_4","Are you in love?","Ти закоханий?"
"in-love_5","I want to fall in love.","Я хочу закохатись."
"in-love_6","Do you love me?","Ти мене любиш?"
"stressed","Stressed","Підкреслили"
"stressed_2","I'm stressed.","Я підкреслений."
"stressed_3","I feel stressed.","Я відчуваю стрес."
"stressed_4","Do you feel stressed?","Ви відчуваєте стрес?"
"stressed_5","I don't want to feel stressed.","Я не хочу відчувати стрес."
"thankful","Thankful","Вдячний"
"thankful_2","I'm thankful.","Я вдячний"
"thankful_3","I feel thankful.","Я відчуваю вдячність."
"thankful_4","Do you feel thankful?","Ви відчуваєте вдячність?"
"thankful_5","I want to feel thankful.","Я хочу відчувати вдячність."
"confused","Confused","Плутати"
"confused_2","I'm confused.","Я збентежений."
"confused_3","I feel confused.","Я відчуваю розгубленість."
"confused_4","Do you feel confused?","Чи відчуваєте ви розгубленість?"
"confused_5","You are confusing me.","Ти мене плутаєш."
"joyful","Joyful","Радісний"
"joyful_2","I'm joyful.","Я радісний."
"joyful_3","I feel joyful.","Я відчуваю радість."
"joyful_4","Do you feel joyful?","Ви відчуваєте радість?"
"joyful_5","I want to feel joyful.","Я хочу відчути радість."
"angry","Angry","Злий"
"angry_2","I'm angry.","Я злий."
"angry_3","I feel angry.","Я серджусь."
"angry_4","Do you feel angry?","Ви гніваєтесь?"
"angry_5","I'm angry at you.","Я сердився на тебе."
"angry_6","You are making me angry.","Ти мене злиш."
"smart","Smart","Розумний"
"smart_2","I'm smart.","Я розумний."
"smart_3","I feel smart.","Я почуваюся розумною."
"smart_4","Do you feel smart?","Ви відчуваєте себе розумним?"
"smart_5","Am I smart?","Я розумний?"
"smart_6","You are smart!","Ви розумні!"
"afraid","Afraid","Боїться"
"afraid_2","I'm afraid.","Я боюся."
"afraid_3","I feel afraid.","Я боюся."
"afraid_4","Do you feel afraid?","Ви відчуваєте страх?"
"afraid_5","I don't want to feel afraid.","Я не хочу боятися."
"afraid_6","You are scaring me.","Ти мене лякаєш."
"ashamed","Ashamed","Соромно"
"ashamed_2","I'm ashamed.","Мені соромно."
"ashamed_3","I feel ashamed.","Мені соромно."
"ashamed_4","Do you feel ashamed?","Вам соромно?"
"ashamed_5","I don't want to feel ashamed.","Я не хочу соромитися."
"shocked","Shocked","Шокований"
"shocked_2","I'm shocked.","Я в шоці."
"shocked_3","I feel shocked.","Я відчуваю шок."
"shocked_4","Do you feel shocked?","Ви відчуваєте шок?"
"shocked_5","You shocked me.","Ви мене шокували."
"sick","Sick","Хворий"
"sick_2","I'm sick.","Я хворий."
"sick_3","I feel sick.","Я почуваюся хворим."
"sick_4","Do you feel sick?","Чи тобі нудно?"
"sick_5","I don't want to be sick.","Я не хочу хворіти."
"sick_6","I'm sick of the food.","Мені нудна їжа."
"frustrated","Frustrated","Розчарований"
"frustrated_2","I'm frustrated.","Я розчарований."
"frustrated_3","I feel frustrated.","Я відчуваю розчарування."
"frustrated_4","Do you feel frustrated?","Ви відчуваєте розчарування?"
"frustrated_5","I don't want to feel frustrated.","Я не хочу відчувати розчарування."
"excited","Excited","Збуджений"
"excited_2","I'm excited.","Я в захваті."
"excited_3","I feel excited.","Я відчуваю себе збудженим."
"excited_4","Do you feel excited?","Ви відчуваєте збудження?"
"excited_5","I don't want to feel excited.","Я не хочу відчувати себе схвильованим."
"nauseated","Nauseated","Нудота"
"nauseated_2","I'm nauseated.","Мене нудить."
"nauseated_3","I feel nauseated.","Я відчуваю нудоту."
"nauseated_4","Do you feel nauseated?","Ви відчуваєте нудоту?"
"nauseated_5","I don't want to feel nauseated.","Я не хочу відчувати нудоту."
"agitated","Agitated","Засмучений"
"agitated_2","I'm agitated.","Я схвильований."
"agitated_3","I feel agitated.","Я відчуваю збудження."
"agitated_4","Do you feel agitated?","Чи відчуваєте ви хвилювання?"
"agitated_5","I don't want to feel agitated.","Я не хочу відчувати хвилювання."
"food","Food","Їжа"
"hungry","Hungry","Голодний"
"hungry_2","I'm hungry.","Я голодний."
"hungry_3","Are you hungry?","Ти голодний?"
"hungry_4","Can you make me food?","Чи можете ви зробити мені їжу?"
"hungry_5","What is for dinner?","Що на обід?"
"thirsty","Thirsty","Спрагу"
"thirsty_2","I'm thirsty.","Я хочу пити."
"thirsty_3","Can I have some water?","Чи можу я трохи води?"
"thirsty_4","Can I have a glass of water?","Чи можу я випити склянку води?"
"thirsty_5","I want something to drink.","Я хочу щось випити."
"cutlery","Cutlery","Столові прибори"
"cutlery_2","I need cutlery.","Мені потрібні столові прилади."
"cutlery_3","Help me use cutlery.","Допоможіть мені використовувати столові прилади."
"cutlery_4","I need a fork.","Мені потрібна виделка."
"cutlery_5","I need a spoon.","Мені потрібна ложка."
"cutlery_6","I need chopsticks.","Мені потрібні палички для їжі."
"cutlery_7","I need a knife.","Мені потрібен ніж."
"cutlery_8","I need a napkin.","Мені потрібна серветка."
"apple","Apple","Apple"
"apple_2","I like apple.","Мені подобається яблуко."
"apple_3","I don't like apple.","Я не люблю яблуко."
"apple_4","I want to eat an apple.","Я хочу з’їсти яблуко."
"carrot","Carrot","Морква"
"carrot_2","I like carrot.","Мені подобається морква."
"carrot_3","I don't like carrot.","Мені не подобається морква."
"carrot_4","I want to eat a carrot.","Я хочу поїсти моркву."
"beans","Beans","Квасоля"
"beans_2","I like beans.","Мені подобається квасоля."
"beans_3","I don't like beans.","Мені не подобається квасоля."
"beans_4","I want to eat beans.","Я хочу їсти квасолю."
"chicken_5","I want fried chicken.","Я хочу смажену курку."
"chicken_6","I want boiled chicken.","Я хочу відварну курку."
"chocolate","Chocolate","Шоколад"
"chocolate_2","I like chocolate.","Я люблю шоколад."
"chocolate_3","I don't like chocolate.","Я не люблю шоколад."
"chocolate_4","I want to eat chocolate.","Я хочу їсти шоколад."
"chocolate_5","I want dark chocolate.","Я хочу темний шоколад."
"chocolate_6","I want white chocolate.","Я хочу білий шоколад."
"milk","Milk","Молоко"
"milk_2","I like milk.","Мені подобається молоко."
"milk_3","I don't like milk.","Я не люблю молоко."
"milk_4","I want to drink milk.","Я хочу пити молоко."
"milk_5","Can I have a glass of milk?","Чи можу я випити склянку молока?"
"sandwich","Sandwich","Сендвіч"
"sandwich_2","I like sandwich.","Мені подобається бутерброд."
"sandwich_3","I don't like sandwich.","Мені не подобається бутерброд."
"sandwich_4","I want to eat a sandwich.","Я хочу з'їсти бутерброд."
"sandwich_5","Can you make me a sandwich?","Ви можете зробити мені сендвіч?"
"steak","Steak","Стейк"
"steak_2","I like steak.","Мені подобається стейк."
"steak_3","I don't like steak.","Я не люблю стейк."
"steak_4","I want to eat steak.","Я хочу їсти стейк."
"steak_5","Can you cook steak for me?","Ви можете приготувати для мене стейк?"
"banana","Banana","Банан"
"banana_2","I like banana.","Мені подобається банан."
"banana_3","I don't like banana.","Мені не подобається банан."
"banana_4","I want to eat a banana.","Я хочу з'їсти банан."
"pie","Pie","Пиріг"
"pie_2","I like pie.","Я люблю пиріг."
"pie_3","I don't like pie.","Мені не подобається пиріг."
"pie_4","I want to eat pie.","Я хочу їсти пиріг."
"pie_5","Can you bake a pie for me?","Ви можете спекти пиріг для мене?"
"egg","Egg","Яйце"
"egg_2","I like egg.","Мені подобається яйце."
"egg_3","I don't like egg.","Я не люблю яйце."
"egg_4","I want to eat egg.","Я хочу з’їсти яйце."
"egg_5","I want fried eggs.","Я хочу смажені яйця."
"egg_6","I want boiled eggs.","Я хочу варені яйця."
"noodles","Noodles","Локшина"
"noodles_2","I like noodles.","Мені подобається локшина."
"noodles_3","I don't like noodles.","Я не люблю локшину."
"noodles_4","I want to eat noodles.","Я хочу їсти локшину."
"noodles_5","Can you cook noodles for me?","Чи можете ви приготувати локшину для мене?"
"salt","Salt","Сіль"
"salt_2","I want salt.","Я хочу сіль."
"salt_3","Can you pass me the salt?","Ти можеш передати мені сіль?"
"salt_4","Food is too salty.","Їжа занадто солона."
"salt_5","My food needs some salt.","Моя їжа потребує солі."
"spices","Spices","Спеції"
"spices_2","I like spicy food.","Мені подобається гостра їжа."
"spices_3","I don't like spicy food.","Я не люблю гостру їжу."
"spices_4","I want paprika.","Я хочу паприку."
"spices_5","I want black pepper.","Я хочу чорний перець."
"pizza","Pizza","Піца"
"pizza_2","I like pizza.","Я люблю піццу."
"pizza_3","I don't like pizza.","Я не люблю піцу."
"pizza_4","I want to eat pizza.","Я хочу їсти піцу."
"pizza_5","Can you cook pizza for me?","Ви можете приготувати піцу для мене?"
"pizza_6","Can we order pizza?","Чи можемо ми замовити піцу?"
"cheese","Cheese","Сир"
"cheese_2","I like cheese.","Я люблю сир."
"cheese_3","I don't like cheese.","Мені не подобається сир."
"cheese_4","I want to eat cheese.","Я хочу їсти сир."
"ice-cream","Ice cream","Морозиво"
"ice-cream_2","I like ice cream.","Я люблю морозиво."
"ice-cream_3","I don't like ice cream.","Мені не подобається морозиво."
"ice-cream_4","I want to eat ice cream.","Я хочу їсти морозиво."
"ice-cream_5","Can you buy ice cream for me?","Ви можете купити морозиво для мене?"
"tea","Tea","Чай"
"tea_2","I like tea.","Мені подобається чай."
"tea_3","I don't like tea.","Я не люблю чай."
"tea_4","I want to drink tea.","Я хочу пити чай."
"tea_5","Can you make tea for me?","Ви можете зробити мені чай?"
"coffee","Coffee","Кава"
"coffee_2","I like coffee.","Мені подобається кава."
"coffee_3","I don't like coffee.","Мені не подобається кава."
"coffee_4","I want to drink coffee.","Я хочу випити кави."
"coffee_5","Can you make coffee for me?","Ви можете зробити каву для мене?"
"tomato","Tomato","Помідор"
"tomato_2","I like tomato.","Мені подобається помідор."
"tomato_3","I don't like tomato.","Мені не подобається помідор."
"tomato_4","I want to eat tomato.","Я хочу з’їсти помідор."
"cereal","Cereal","Зернові"
"cereal_2","I like cereal.","Мені подобається крупа."
"cereal_3","I don't like cereal.","Мені не подобається крупа."
"cereal_4","I want to eat cereal.","Я хочу їсти крупу."
"cereal_5","Can you make my cereal?","Ви можете зробити мою крупу?"
"burger","Burger","Бургер"
"burger_2","I like burger.","Мені подобається бургер."
"burger_3","I don't like burger.","Мені не подобається бургер."
"burger_4","I want to eat burger.","Я хочу їсти бургер."
"burger_5","Can you cook burger for me?","Чи можете ви приготувати бургер для мене?"
"burger_6","Can we order burger?","Чи можемо ми замовити бургер?"
"french-fries","French fries","картопля фрі"
"french-fries_2","I like french fries.","Мені подобається картопля фрі."
"french-fries_3","I don't like french fries.","Я не люблю фрі."
"french-fries_4","I want to eat french fries.","Я хочу їсти картоплю фрі."
"french-fries_5","Can you cook french fries for me?","Чи можете ви приготувати фрі для мене?"
"french-fries_6","Can we order french fries?","Чи можемо ми замовити фрі?"
"spinach","Spinach","Шпинат"
"spinach_2","I like spinach.","Мені подобається шпинат."
"spinach_3","I don't like spinach.","Я не люблю шпинат."
"spinach_4","I want to eat spinach.","Я хочу їсти шпинат."
"rice","Rice","Рис"
"rice_2","I like rice.","Мені подобається рис."
"rice_3","I don't like rice.","Я не люблю рис."
"rice_4","I want to eat rice.","Я хочу їсти рис."
"rice_5","Can you cook rice for me?","Ви можете приготувати для мене рис?"
"bread","Bread","Хліб"
"bread_2","I like bread.","Мені подобається хліб."
"bread_3","I don't like bread.","Я не люблю хліба."
"bread_4","I want to eat bread.","Я хочу їсти хліб."
"bread_5","Can you buy some bread?","Ви можете придбати трохи хліба?"
"pasta","Pasta","Макаронні вироби"
"pasta_2","I like pasta.","Мені подобаються макарони."
"pasta_3","I don't like pasta.","Я не люблю макарони."
"pasta_4","I want to eat pasta.","Я хочу з'їсти макарони."
"pasta_5","Can you cook pasta for me?","Ви можете приготувати макарони для мене?"
"sauce","Sauce","Соус"
"sauce_2","I like sauce.","Мені подобається соус."
"sauce_3","I don't like sauce.","Мені не подобається соус."
"sauce_4","I want some sauce.","Я хочу трохи соусу."
"sauce_5","Can I have ketchup?","Чи можу я зробити кетчуп?"
"sauce_6","Can I have mayonnaise?","Чи можна майонезом?"
"sauce_7","Can I have mustard?","Чи можна мати гірчицю?"
"sauce_8","Can I have ranch sauce?","Чи можна їсти соус з ранчо?"
"kebab","Kebab","Кебаб"
"kebab_2","I like kebab.","Мені подобається шашлик."
"kebab_3","I don't like kebab.","Мені не подобається шашлик."
"kebab_4","I want to eat kebab.","Я хочу їсти шашлик."
"kebab_5","Can you cook kebab for me?","Чи можете ви приготувати шашлик для мене?"
"kebab_6","Can we order kebab?","Чи можемо ми замовити шашлик?"
"numbers","Numbers","Числа"
"one","One","Один"
"one_2","One comes before two.","Один приходить перед двома."
"one_3","One comes after zero.","Один приходить після нуля."
"one_4","I want one.","Я хочу один."
"two","Two","Два"
"two_2","Two comes before three.","Два приходять раніше трьох."
"two_3","Two comes after one.","Два приходять за одним."
"two_4","I want two.","Я хочу двох."
"three","Three","Три"
"three_2","Three comes before four.","Три приходять до чотирьох."
"three_3","Three comes after two.","Три приходять за двома."
"three_4","I want three.","Я хочу три."
"four","Four","Четверо"
"four_2","Four comes before five.","Чотири приходять до п'яти."
"four_3","Four comes after three.","Чотири приходять після трьох."
"four_4","I want four.","Я хочу чотирьох."
"five","Five","П’ять"
"five_2","Five comes before six.","П’ятеро приходить до шести."
"five_3","Five comes after four.","П’ять приходить після чотирьох."
"five_4","I want five.","Я хочу п’ять."
"six","Six","Шість"
"six_2","Six comes before seven.","Шість приходить до семи."
"six_3","Six comes after five.","Шість приходить після п’яти."
"six_4","I want fix.","Я хочу виправити."
"seven","Seven","Сім"
"seven_2","Seven comes before eight.","Сім приходить до восьми."
"seven_3","Seven comes after six.","Сім приходить після шести."
"seven_4","I want seven.","Я хочу сім."
"eight","Eight","Вісім"
"eight_2","Eight comes before nine.","Вісім приходить до дев'яти."
"eight_3","Eight comes after seven.","Вісім приходить після семи."
"eight_4","I want eight.","Я хочу вісім."
"nine","Nine","Дев'ять"
"nine_2","Nine comes before ten.","Дев'ять приходить до десяти."
"nine_3","Nine comes after eight.","Дев'ять приходить після восьми."
"nine_4","I want nine.","Я хочу дев'ять."
"ten","Ten","Десять"
"ten_2","Ten comes before eleven.","Десять приходять до одинадцяти."
"ten_3","Ten comes after nine.","Десять приходить після дев'яти."
"ten_4","I want ten.","Я хочу десять."
"eleven","Eleven","Одинадцять"
"eleven_2","Eleven comes before thirteen.","Одинадцять приходить до тринадцяти."
"eleven_3","Eleven comes after ten.","Одинадцять приходить після десяти."
"eleven_4","I want eleven.","Я хочу одинадцять."
"twenty","Twenty","Двадцять"
"twenty_2","I can count up to twenty.","Я можу налічити до двадцяти."
"thirty","Thirty","Тридцять"
"thirty_2","I can count up to thirty.","Я можу налічити до тридцяти."
"forty","Forty","Сорок"
"forty_2","I can count up to forty.","Я можу налічити до сорока."
"fifty","Fifty","П’ятдесят"
"fifty_2","I can count up to fifty.","Я можу налічити до п’ятдесяти."
"hundred","Hundred","Сотня"
"hundred_2","I can count up to hundred.","Я можу налічити до сотні."
"thousand","Thousand","Тисяча"
"thousand_2","I can count up to thousand.","Я можу налічити до тисячі."
"calculator","Calculator","Калькулятор"
"calculator_2","I want to use a calculator.","Я хочу використовувати калькулятор."
"calculator_3","Can you teach me how to use a calculator?","Чи можете ви навчити мене користуватися калькулятором?"
"calculator_4","Can I barrow your calculator?","Чи можу я заграти ваш калькулятор?"
"people","People","Люди"
"mother","Mother","Мати"
"mother_2","Mommy!","Мамочко!"
"mother_3","I love my mother.","Я люблю свою маму."
"mother_4","I love you mom.","Я люблю тебе мамо."
"mother_5","I miss my mom.","Я сумую за мамою."
"mother_6","Thank you for taking care of me.","Дякую, що піклувались про мене."
"mother_7","She is my mom.","Вона моя мама."
"mother_8","Can you help me find my mother?","Чи можете ви допомогти мені знайти маму?"
"father","Father","Батько"
"father_2","Daddy!","Тато!"
"father_3","I love my father.","Я люблю свого батька."
"father_4","I love you dad.","Я люблю тебе тато."
"father_5","I miss my dad.","Я сумую за своїм татом."
"father_6","Thank you for taking care of me.","Дякую, що піклувались про мене."
"father_7","He is my dad.","Він мій тато."
"father_8","Can you help me find my father?","Чи можете ви допомогти мені знайти мого батька?"
"parents","Parents","Батьки"
"parents_2","I love my parents.","Я люблю своїх батьків."
"parents_3","I love my parents.","Я люблю своїх батьків."
"parents_4","I miss my parents.","Я сумую за батьками."
"parents_5","They are my parents.","Вони мої батьки."
"parents_6","My parents are taking care of me.","Мої батьки піклуються про мене."
"parents_8","Can you help me find my parents?","Чи можете ви допомогти мені знайти моїх батьків?"
"grandparents","Grandparents","Бабусі та дідусі"
"grandparents_2","I love my grandparents.","Я люблю своїх бабусь і дідусів."
"grandparents_3","I love you grandparents.","Я люблю тебе бабусь і дідусів."
"grandparents_4","I miss my grandparents.","Я сумую за бабусями та дідусями."
"grandparents_5","They are my grandparents.","Вони мої бабусі та дідусі."
"grandparents_6","My grandparents are taking care of me.","Мої бабусі та дідусі доглядають за мною."
"grandparents_8","Can you help me find my grandparents?","Чи можете ви допомогти мені знайти моїх бабусь і дідусів?"
"brother","Brother","Брат"
"brother_2","I love my brother.","Я люблю свого брата."
"brother_3","I love you brother.","Я люблю тебе, брате."
"brother_4","I miss my brother.","Я сумую за братом."
"brother_5","He is my brother.","Він мій брат."
"brother_6","My brother is taking care of me.","Мій брат піклується про мене."
"brother_8","Can you help me find my brother?","Ви можете допомогти мені знайти мого брата?"
"sister","Sister","Сестра"
"sister_2","I love my sister.","Я люблю свою сестру."
"sister_3","I love you sister.","Я люблю тебе, сестра."
"sister_4","I miss my sister.","Я сумую за сестрою."
"sister_5","She is my sister.","Вона моя сестра."
"sister_6","My sister is taking care of me.","Моя сестра піклується про мене."
"sister_8","Can you help me find my sister?","Чи можете ви допомогти мені знайти мою сестру?"
"uncle","Uncle","Дядько"
"uncle_2","I love my uncle.","Я люблю свого дядька."
"uncle_3","I love you uncle.","Я люблю тебе дядько."
"uncle_4","I miss my uncle.","Я сумую за дядьком."
"uncle_5","He is my uncle.","Він мій дядько."
"uncle_8","Can you help me find my uncle?","Чи можете ви допомогти мені знайти дядька?"
"aunt","Aunt","Тітка"
"aunt_2","I love my aunt.","Я люблю свою тітку."
"aunt_3","I love you aunt.","Я люблю тебе тітка."
"aunt_4","I miss my aunt.","Я сумую за тіткою."
"aunt_5","She is my aunt.","Вона моя тітка."
"aunt_8","Can you help me find my aunt?","Чи можете ви допомогти мені знайти мою тітку?"
"teacher","Teacher","Вчитель"
"teacher_2","I love my teacher.","Я люблю свого вчителя."
"teacher_3","I love you teacher.","Я люблю тебе вчительку"
"teacher_4","I don't like my teacher.","Я не люблю свого вчителя."
"teacher_5","I miss my teacher.","Я сумую за своїм вчителем."
"teacher_6","Thank you for the lesson.","Дякую за урок"
"therapist","Therapist","Терапевт"
"therapist_2","I love my therapist.","Я люблю свого терапевта."
"therapist_3","I love you therapist.","Я люблю тебе терапевт."
"therapist_4","I don't like my therapist.","Мені не подобається мій терапевт."
"therapist_5","I miss my therapist.","Я сумую за своїм терапевтом."
"therapist_6","Thank you for the session.","Дякую за сесію"
"doctor","Doctor","Лікар"
"doctor_2","I love my doctor.","Я люблю свого лікаря."
"doctor_3","I love you doctor.","Я люблю тебе докторе."
"doctor_4","I don't like my doctor.","Мені не подобається мій лікар."
"doctor_5","I miss my doctor.","Я сумую за своїм лікарем."
"doctor_6","Thank you for healing me.","Дякую, що вилікували мене."
"friends","Friends","Друзі"
"friends_2","I love my friends.","Я люблю своїх друзів."
"friends_3","Do you want to be my friend?","Ти хочеш бути моїм другом?"
"friends_4","I don't like my friends.","Мені не подобаються мої друзі."
"friends_5","I miss my friends.","Я сумую за своїми друзями."
"friends_6","They are my friends.","Вони мої друзі."
"friends_7","Thank you for playing with me.","Дякую, що зі мною грали."
"cousins","Cousins","Двоюрідні сестри"
"cousins_2","I love my cousins.","Я люблю своїх двоюрідних братів."
"cousins_3","I don't have cousins.","У мене немає двоюрідних братів."
"cousins_4","I miss my cousins.","Я сумую за своїми двоюрідними братами."
"cousins_5","They are my cousins.","Вони мої двоюрідні сестри."
"grandmother","Grandmother","Бабуся"
"grandmother_2","I love my grandmother.","Я люблю свою бабусю."
"grandmother_3","I love you grandma.","Я люблю тебе, бабусю."
"grandmother_4","I miss my grandma.","Я сумую за бабусею."
"grandmother_5","She is my grandma.","Вона моя бабуся."
"grandfather","Grandfather","Дідусь"
"grandfather_2","I love my grandfather.","Я люблю свого діда."
"grandfather_3","I love you grandpa.","Я люблю тебе дідусь."
"grandfather_4","I miss my grandpa.","Я сумую за дідусем."
"grandfather_5","He is my grandpa.","Він мій дідусь."
"stepfather","Stepfather","Вітчим"
"stepfather_2","I love my stepfather.","Я люблю вітчима."
"stepfather_3","He is my stepfather.","Він мій вітчим."
"stepfather_4","I miss my stepfather.","Я сумую за вітчимом."
"stepfather_5","He is my stepfather.","Він мій вітчим."
"stepmother","Stepmother","Мачуха"
"stepmother_2","I love my stepmother.","Я люблю мачуху."
"stepmother_3","She is my stepmother.","Вона моя мачуха."
"stepmother_4","I miss my stepmother.","Я сумую за мачухою."
"stepmother_5","She is my stepmother.","Вона моя мачуха."
"stepsister","Stepsister","Зведена сестра"
"stepsister_2","I love my stepsister.","Я люблю свою пасинку."
"stepsister_3","She is my stepsister.","Вона - моя пасинка."
"stepsister_4","I miss my stepsister.","Я сумую за своєю подружкою."
"stepsister_5","She is my stepsister.","Вона - моя пасинка."
"stepbrother","Stepbrother","Зведений брат"
"stepbrother_2","I love my stepbrother.","Я люблю свого брачного брата."
"stepbrother_3","He is my stepbrother.","Він мій вітчим."
"stepbrother_4","I miss my stepbrother.","Я сумую за своїм братом."
"stepbrother_5","He is my stepbrother.","Він мій вітчим."
"half-brother","Half brother","Половин брат"
"half-brother_2","I love my half brother.","Я люблю свого півбрата."
"half-brother_3","He is my half brother.","Він мій напів брат."
"half-brother_4","I miss my half brother.","Я сумую за своїм братом."
"half-brother_5","He is my half brother.","Він мій напів брат."
"half-sister","Half sister","Зведена сестра"
"half-sister_2","I love my half sister.","Я люблю свою половинку."
"half-sister_3","She is my half sister.","Вона - моя напівсестра."
"half-sister_4","I miss my half sister.","Я сумую за своєю напівсестрою."
"half-sister_5","She is my half sister.","Вона - моя напівсестра."
"quarantine","Quarantine","Карантин"
"protective-mask","Protective mask","Захисна маска"
"stay-home","Stay home","Залишитися вдома"
"toilet-paper","Toilet paper","Туалетний папір"
"sprayer","Sprayer","Обприскувач"
"disinfectant","Disinfectant","Дезінфікуючий засіб"
"thermometer","Thermometer","Термометр"
"coughing","Coughing","Кашель"
"medical-assistance","Medical assistance","Медична допомога"
"hand-sanitizer","Hand sanitizer","Санітайзер для рук"
"gloves","Gloves","Рукавички"
"social-distancing","Social distancing","Соціальне дистанціювання"
"mouth-mask","Mouth mask","Маска для рота"
"pandemic","Pandemic","Пандемія"
"working-at-home","Working at home","Робота вдома"
"wet-wipes","Wet wipes","Вологі серветки"
"first-aid-kit","First aid kit","Аптечка"
"fitness","Fitness","Фітнес"
"e-learning","E-learning","Електронне навчання"
"virus","Virus","Вірус"
"cleaning","Cleaning","Прибирання"
"school","School","Школа"
"desk","Desk","Стіл"
"desk_2","Can I use this desk?","Чи можу я використовувати цей стіл?"
"desk_3","Which desk is mine?","Який стіл мій?"
"desk_4","I spilled on my desk.","Я розлився на своєму столі."
"desk_5","Don't scratch your desk.","Не дряпайте свій стіл."
"chair","Chair","Стілець"
"chair_2","Can I sit with you?","Чи можу я з вами сидіти?"
"chair_3","Which chair is mine?","Який стілець мій?"
"chair_4","Is this chair taken?","Це крісло прийнято?"
"chair_5","I spilled on my chair.","Я розлився на стільці."
"book","Book","Книга"
"book_2","Textbook","Підручник"
"book_3","Workbook","Робочий зошит"
"book_4","Reading a book.","Читати книгу."
"book_5","Can I borrow your book?","Чи можу я позичити вашу книгу?"
"book_6","Which page are we at?","На якій сторінці ми знаходимось?"
"book_7","Flip the page.","Переверніть сторінку."
"book_8","I lost my book.","Я втратив книгу."
"notebook","Notebook","Зошит"
"notebook_2","Taking notes.","Ведення приміток."
"notebook_3","I'm taking notes.","Я роблю нотатки."
"notebook_4","I lost my notebook.","Я втратив зошит."
"backpack","Backpack","Рюкзак"
"backpack_2","Carrying my backpack.","Несу мій рюкзак."
"backpack_3","Putting my books in my backpack.","Поклав мої книги в рюкзак."
"backpack_4","I need a new backpack.","Мені потрібен новий рюкзак."
"backpack_5","Thank you for carrying my backpack.","Дякую, що ви носили мій рюкзак."
"backpack_6","I lost my backpack.","Я загубив рюкзак"
"backpack_7","My backpack is heavy.","Мій рюкзак важкий."
"blackboard","Blackboard","Дошка"
"blackboard_2","Look at the blackboard.","Подивіться на дошку."
"blackboard_3","Cleaning the blackboard.","Чистка дошки."
"blackboard_4","Solving the problem on the blackboard.","Вирішення проблеми на дошці."
"blackboard_5","Taking note on the blackboard.","Приймання примітки на дошці."
"blackboard_6","Give me a chalk.","Дай мені крейду."
"teacher_7","I don't like this topic.","Мені не подобається ця тема."
"teacher_8","Thank you for the lesson.","Дякую за урок"
"school-bus","School bus","Шкільний автобус"
"school-bus_2","School bus is coming.","Шкільний автобус іде."
"school-bus_3","Can I sit next to you?","Чи можу я сидіти поруч?"
"school-bus_4","Thank you bus driver!","Дякую водію автобуса!"
"school-bus_5","School bus was late.","Шкільний автобус запізнився."
"pencil","Pencil","Олівець"
"pencil_2","I'm writing.","Я пишу."
"pencil_3","I'm learning to write.","Я вчусь писати."
"pencil_4","I need a new pencil.","Мені потрібен новий олівець."
"pencil_5","Can I borrow your pencil?","Чи можу я позичити ваш олівець?"
"pencil_6","I lost my pencil.","Я втратив олівець."
"eraser","Eraser","Гумка"
"eraser_2","I'm erasing.","Я стираю."
"eraser_3","I need a new eraser.","Мені потрібна нова гумка."
"eraser_4","Can I borrow your eraser?","Чи можу я позичити вашу гумку?"
"eraser_5","I lost my eraser.","Я втратив гумку."
"ruler","Ruler","Лінійка"
"ruler_2","I'm measuring.","Я вимірюю."
"ruler_3","I need a new ruler.","Мені потрібна нова лінійка."
"ruler_4","Can I borrow your ruler?","Чи можу я позичити твого правителя?"
"ruler_5","I lost my ruler.","Я втратив свого правителя."
"sharpener","Sharpener","Точилка"
"sharpener_2","I'm sharpening my pencil.","Я заточую олівець."
"sharpener_3","I need a new sharpener.","Мені потрібна нова точилка."
"sharpener_4","Can I borrow your sharpener?","Чи можу я позичити вашу точилку?"
"sharpener_5","I lost my sharpener.","Я втратив точилку."
"mathematics","Mathematics","Математика"
"mathematics_2","I like mathematics.","Мені подобається математика."
"mathematics_3","I want to study mathematics.","Я хочу вивчити математику."
"mathematics_4","I don't like mathematics.","Мені не подобається математика."
"mathematics_5","When is mathematics class?","Коли проводиться клас математики?"
"mathematics_6","Can you help me with my mathematics homework?","Чи можете ви мені допомогти з домашнім завданням з математики?"
"literature","Literature","Література"
"literature_2","I like literature.","Мені подобається література."
"literature_3","I want to study literature.","Я хочу вивчати літературу."
"literature_4","I don't like literature.","Я не люблю літературу."
"literature_5","When is literature class?","Коли проводиться заняття з літератури?"
"literature_6","Can you help me with my literature homework?","Чи можете ви мені допомогти з домашнім завданням з літератури?"
"science","Science","Наука"
"science_2","I like science.","Мені подобається наука."
"science_3","I want to study science.","Я хочу вивчати науку."
"science_4","I don't like science.","Я не люблю науки."
"science_5","When is science class?","Коли проводиться науковий клас?"
"science_6","Can you help me with my science homework?","Чи можете ви мені допомогти з моїм домашнім завданням з науки?"
"art-class","Art class","Мистецький клас"
"art-class_2","I like art class.","Мені подобається клас мистецтва."
"art-class_3","I want to practice art skills.","Я хочу займатися мистецькими навичками."
"art-class_4","I don't like art class.","Мені не подобається клас мистецтва."
"art-class_5","When is art class?","Коли проводиться мистецький клас?"
"art-class_6","Can you help me with my art class homework?","Чи можете ви мені допомогти з домашнім завданням з мистецького класу?"
"music-class","Music class","Музичний клас"
"music-class_2","I like music class.","Мені подобається музичний клас."
"music-class_3","I want to practice music skills.","Я хочу займатися музичними навичками."
"music-class_4","I don't like music class.","Мені не подобається музичний клас."
"music-class_5","When is music class?","Коли проводиться музичний клас?"
"music-class_6","Can you help me with my music class homework?","Чи можете ви мені допомогти з домашнім завданням з музичного класу?"
"geography","Geography","Географія"
"geography_2","I like geography.","Мені подобається географія."
"geography_3","I want to study geography.","Я хочу вивчити географію."
"geography_4","I don't like geography.","Мені не подобається географія."
"geography_5","When is geography?","Коли географія?"
"geography_6","Can you help me with my geography homework?","Чи можете ви мені допомогти з домашнім завданням з географії?"
"telescope","Telescope","Телескоп"
"telescope_2","I'm using the telescope.","Я використовую телескоп."
"telescope_3","I want to use the telescope.","Я хочу скористатися телескопом."
"telescope_4","I want to look at the stars.","Я хочу подивитися на зірки."
"glue","Glue","Клей"
"glue_2","I'm using glue.","Я використовую клей."
"glue_3","I need a new glue.","Мені потрібен новий клей."
"glue_4","Can I borrow your glue?","Чи можу я позичити ваш клей?"
"glue_5","I lost my glue.","Я втратив клей."
"shapes","Shapes","Форми"
"circle","Circle","Коло"
"circle_2","This is circle shaped.","Це круглої форми."
"circle_3","Can you teach me how to draw a circle?","Чи можете ви навчити мене малювати коло?"
"triangle","Triangle","Трикутник"
"triangle_2","This is triangle shaped.","Це трикутна форма."
"triangle_3","Can you teach me how to draw a triangle?","Чи можете ви навчити мене малювати трикутник?"
"square","Square","Майдан"
"square_2","This is square shaped.","Це квадратної форми."
"square_3","Can you teach me how to draw a square?","Чи можете ви навчити мене малювати квадрат?"
"rectangle","Rectangle","Прямокутник"
"rectangle_2","This is rectangle shaped.","Це прямокутна форма."
"rectangle_3","Can you teach me how to draw a rectangle?","Чи можете ви навчити мене малювати прямокутник?"
"star","Star","Зірка"
"star_2","This is star shaped.","Це зірка."
"star_3","Can you teach me how to draw a star?","Чи можете ви навчити мене малювати зірку?"
"pentagon","Pentagon","П’ятикутник"
"pentagon_2","This is pentagon shaped.","Це форма п’ятикутника."
"pentagon_3","Can you teach me how to draw a pentagon?","Чи можете ви навчити мене малювати п’ятикутник?"
"hexagon","Hexagon","Шестикутник"
"hexagon_2","This is hexagon shaped.","Це у формі шестикутника."
"hexagon_3","Can you teach me how to draw a hexagon?","Чи можете ви навчити мене малювати шестикутник?"
"cross","Cross","Хрест"
"cross_2","This is cross shaped.","Це хрестоподібна форма."
"cross_3","Can you teach me how to draw a cross?","Чи можете ви навчити мене малювати хрестик?"
"ellipse","Ellipse","Еліпс"
"ellipse_2","This is ellipse shaped.","Це у формі еліпса."
"ellipse_3","Can you teach me how to draw a ellipse?","Чи можете ви навчити мене малювати еліпс?"
"arrow","Arrow","Стрілка"
"arrow_2","This is arrow shaped.","Це у формі стрілки."
"arrow_3","Can you teach me how to draw a arrow?","Чи можете ви навчити мене малювати стрілу?"
"crescent","Crescent","Півмісяць"
"crescent_2","This is crescent shaped.","Це у формі півмісяця."
"crescent_3","Can you teach me how to draw a crescent?","Чи можете ви навчити мене малювати півмісяця?"
"heart","Heart","Серце"
"heart_2","This is heart shaped.","Це у формі серця."
"heart_3","Can you teach me how to draw a heart?","Чи можете ви навчити мене малювати серце?"
"rhombus","Rhombus","Ромб"
"rhombus_2","This is rhombus shaped.","Це ромбоподібна форма."
"rhombus_3","Can you teach me how to draw a rhombus?","Чи можете ви навчити мене малювати ромб?"
"ring","Ring","Кільце"
"ring_2","This is ring shaped.","Це кільцеподібна форма."
"ring_3","Can you teach me how to draw a ring?","Чи можете ви навчити мене малювати кільце?"
"semicircle","Semicircle","Півколо"
"semicircle_2","This is semicircle shaped.","Це півкруглої форми."
"semicircle_3","Can you teach me how to draw a semicircle?","Чи можете ви навчити мене малювати півкола?"
"trapezoid","Trapezoid","Трапеція"
"trapezoid_2","This is trapezoid shaped.","Це трапецієподібна форма."
"trapezoid_3","Can you teach me how to draw a trapezoid?","Чи можете ви навчити мене малювати трапецію?"
"cube","Cube","Куб"
"cube_2","This is cube shaped.","Це кубикова форма."
"cube_3","Can you teach me how to draw a cube?","Чи можете ви навчити мене малювати кубик?"
"cylinder","Cylinder","Циліндр"
"cylinder_2","This is cylinder shaped.","Це циліндрова форма."
"cylinder_3","Can you teach me how to draw a cylinder?","Чи можете ви навчити мене малювати циліндр?"