"activities","Activities","Hoạt động"
"walking","Walking","Đi dạo"
"walking_2","I like walking","tôi thích đi bộ"
"walking_3","I don't like walking","Tôi không thích đi bộ"
"walking_4","Do you want to walk together?","Bạn có muốn đi bộ cùng nhau không?"
"running","Running","Đang chạy"
"running_2","I like running.","Tôi thích chạy."
"running_3","I don't like running.","Tôi không thích chạy bộ."
"running_4","Do you want to go running?","Bạn có muốn đi chạy không?"
"talking","Talking","Đang nói"
"talking_2","I like talking.","Tôi thích nói chuyện"
"talking_3","I don't like talking.","Tôi không thích nói chuyện."
"talking_4","Do you want to talk with me?","Bạn có muốn nói chuyện với tôi không?"
"reading","Reading","đọc hiểu"
"reading_2","I like reading.","Tôi thích đọc."
"reading_3","I don't like reading.","Tôi không thích đọc sách."
"reading_4","Do you want to read together?","Bạn có muốn đọc cùng nhau không?"
"football","Football","Bóng đá"
"football_2","I like playing football.","Tôi thích chơi bóng đá."
"football_3","I don't like playing football.","Tôi không thích chơi bóng đá."
"football_4","Do you want to play football?","Bạn có muốn chơi bóng đá không?"
"basketball","Basketball","Bóng rổ"
"basketball_2","I like playing basketball.","Tôi thích chơi bóng rổ."
"basketball_3","I don't like playing basketball.","Tôi không thích chơi bóng rổ."
"basketball_4","Do you want to play basketball?","Bạn có muốn chơi bóng rổ?"
"swimming","Swimming","Bơi lội"
"swimming_2","I like swimming.","Tôi thích bơi lội."
"swimming_3","I don't like swimming.","Tôi không thích bơi lội."
"swimming_4","Do you want to go to swimming?","Bạn có muốn đi bơi không?"
"painting","Painting","Bức vẽ"
"painting_2","I like painting.","Tôi thích vẽ."
"painting_3","I don't like painting.","Tôi không thích vẽ tranh."
"painting_4","Do you want to paint together?","Bạn có muốn vẽ cùng nhau không?"
"drawing","Drawing","Đang vẽ"
"drawing_2","I like drawing.","Tôi thích vẽ."
"drawing_3","I don't like drawing.","Tôi không thích vẽ."
"drawing_4","Do you want to draw together?","Bạn có muốn vẽ cùng nhau không?"
"cycling","Cycling","Đạp xe"
"cycling_2","I like cycling.","Tôi thích đi xe đạp."
"cycling_3","I don't like cycling.","Tôi không thích đi xe đạp."
"cycling_4","Do you want to go cycling?","Bạn có muốn đi xe đạp không?"
"skating","Skating","trượt băng"
"skating_2","I like skating.","Tôi thích trượt băng."
"skating_3","I don't like skating.","Tôi không thích trượt băng."
"skating_4","Do you want to go skating?","Bạn có muốn đi trượt băng?"
"sightseeing","Sightseeing","Tham quan"
"sightseeing_2","I like sightseeing.","Tôi thích tham quan."
"sightseeing_3","I don't like sightseeing.","Tôi không thích tham quan."
"sightseeing_4","Do you want to go for sightseeing?","Bạn có muốn đi tham quan không?"
"video-games","Video games","Trò chơi điện tử"
"video-games_2","I like playing video games.","Tôi thích chơi trò chơi điện tử."
"video-games_3","I don't like playing video games.","Tôi không thích chơi trò chơi điện tử."
"video-games_4","Do you want to play games?","Bạn có muốn chơi game không?"
"tidying","Tidying","Thu dọn"
"tidying_2","I like tidying my room.","Tôi thích dọn dẹp phòng của tôi."
"tidying_3","I don't like tidying my room.","Tôi không thích dọn dẹp phòng của tôi."
"tidying_4","Can you help me tidy my room?","Bạn có thể giúp tôi dọn phòng của tôi?"
"toys","Toys","Đồ chơi"
"toys_2","I like toys.","Tôi thích đồ chơi."
"toys_3","I don't like toys.","Tôi không thích đồ chơi."
"toys_4","Do you want to play with my toys?","Bạn có muốn chơi với đồ chơi của tôi?"
"puzzle","Puzzle","Câu đố"
"puzzle_2","I like solving puzzle.","Tôi thích giải câu đố."
"puzzle_3","I don't like solving puzzle.","Tôi không thích giải câu đố."
"puzzle_4","Do you want to solve puzzles with me?","Bạn có muốn giải câu đố với tôi không?"
"comics","Comics","Truyện tranh"
"comics_2","I like reading comics.","Tôi thích đọc truyện tranh"
"comics_3","I don't like reading comics.","Tôi không thích đọc truyện tranh."
"comics_4","Do you want to read comics?","Bạn có muốn đọc truyện tranh không?"
"chess","Chess","Cờ vua"
"chess_2","I like playing chess.","Tôi thích chơi cờ"
"chess_3","I don't like playing chess.","Tôi không thích chơi cờ."
"chess_4","Do you want to play chess with me?","Bạn có muốn chơi cờ với tôi không?"
"using-leeloo","Using Leeloo","Sử dụng Leeloo"
"using-leeloo_2","I like using leeloo.","Tôi thích sử dụng leeloo."
"using-leeloo_3","I don't like using leeloo.","Tôi không thích sử dụng leeloo."
"using-leeloo_4","Can you change card packs on leeloo?","Bạn có thể thay đổi gói thẻ trên leeloo?"
"texting","Texting","Việc nhắn tin"
"texting_2","I like texting.","Tôi thích nhắn tin."
"texting_3","I don't like texting.","Tôi không thích nhắn tin."
"knitting","Knitting","Đan"
"knitting_2","I like knitting.","Tôi thích đan."
"knitting_3","I don't like knitting.","Tôi không thích đan."
"knitting_4","I want to learn how to knit.","Tôi muốn học cách đan."
"bowling","Bowling","Bowling"
"bowling_2","I like bowling.","Tôi thích chơi bowling"
"bowling_3","I don't like bowling.","Tôi không thích chơi bowling."
"bowling_4","Do you want to play bowling with me?","Bạn có muốn chơi bowling với tôi không?"
"watching-tv","Watching TV","Xem TV"
"watching-tv_2","I like watching tv.","Tôi thích xem TV."
"watching-tv_3","I don't like watching tv.","Tôi không thích xem tv."
"watching-tv_4","Do you want to watch tv?","Bạn có muốn xem tv không?"
"fishing","Fishing","Đánh bắt cá"
"fishing_2","I like fishing.","Tôi thích câu cá."
"fishing_3","I don't like fishing.","Tôi không thích câu cá."
"fishing_4","Do you want to go to fishing?","Bạn có muốn đi câu cá không?"
"exercising","Exercising","Bài tập"
"exercising_2","I like exercising.","Tôi thích tập thể dục."
"exercising_3","I don't like exercising.","Tôi không thích tập thể dục."
"exercising_4","Do you want to exercise with me?","Bạn có muốn tập thể dục với tôi không?"
"tennis","Tennis","Quần vợt"
"tennis_2","I like playing tennis.","Tôi thích chơi tennis."
"tennis_3","I don't like playing tennis.","Tôi không thích chơi tennis."
"tennis_4","Do you want to play tennis with me?","Bạn có muốn chơi tennis với tôi không?"
"animals","Animals","Động vật"
"cat","Cat","Con mèo"
"cat_2","I like cats.","Tôi thích mèo."
"cat_3","I saw a cat.","Tôi thấy một con mèo."
"cat_4","What noise does a cat make?","Con mèo tạo ra tiếng động gì?"
"cat_5","Can we get a cat as pet?","Chúng ta có thể có được một con mèo làm thú cưng?"
"dog","Dog","Chó"
"dog_2","I like dog.","Tôi thích chó."
"dog_3","I saw a dog.","Tôi thấy một con chó."
"dog_4","What noise does a dog make?","Con chó làm tiếng ồn gì?"
"dog_5","Can we get a dog as pet?","Chúng ta có thể có được một con chó làm thú cưng?"
"fish","Fish","Cá"
"fish_2","I like fish.","Tôi thích cá."
"fish_3","I saw a fish.","Tôi thấy một con cá."
"fish_4","What noise does a fish make?","Con cá tạo ra tiếng động gì?"
"fish_5","Can we get a fish as pet?","Chúng ta có thể có được một con cá như thú cưng?"
"rabbit","Rabbit","Con thỏ"
"rabbit_2","I like rabbits.","Tôi thích thỏ."
"rabbit_3","I saw a rabbit.","Tôi thấy một con thỏ."
"rabbit_4","What noise does a rabbit make?","Con thỏ tạo ra tiếng động gì?"
"rabbit_5","Can we get a rabbit as pet?","Chúng ta có thể lấy một con thỏ làm thú cưng không?"
"butterfly","Butterfly","Bươm bướm"
"butterfly_2","I like butterflies.","Tôi thích những con bướm."
"butterfly_3","I saw a butterfly.","Tôi thấy một con bướm."
"butterfly_4","What noise does a butterfly make?","Con bướm tạo ra tiếng động gì?"
"kangaroo","Kangaroo","Con chuột túi"
"kangaroo_2","I like kangaroos.","Tôi thích kanguru."
"kangaroo_3","I saw a kangaroo.","Tôi thấy một con chuột túi."
"kangaroo_4","What noise does a kangaroo make?","Con chuột túi gây ra tiếng ồn gì?"
"turtle","Turtle","Rùa"
"turtle_2","I like turtles.","Tôi thích rùa."
"turtle_3","I saw a turtle.","Tôi thấy một con rùa."
"turtle_4","What noise does a turtle make?","Con rùa tạo ra tiếng động gì?"
"giraffe","Giraffe","Hươu cao cổ"
"giraffe_2","I like giraffes.","Tôi thích hươu cao cổ."
"giraffe_3","I saw a giraffe.","Tôi thấy một con hươu cao cổ."
"giraffe_4","What noise does a giraffe make?","Con hươu cao cổ tạo ra tiếng động gì?"
"frog","Frog","Ếch"
"frog_2","I like frogs.","Tôi thích ếch."
"frog_3","I saw a frog.","Tôi thấy một con ếch."
"frog_4","What noise does a frog make?","Con ếch tạo ra tiếng động gì?"
"swan","Swan","Thiên nga"
"swan_2","I like swans.","Tôi thích thiên nga."
"swan_3","I saw a swan.","Tôi thấy một con thiên nga."
"swan_4","What noise does a swan make?","Một con thiên nga làm cho tiếng ồn là gì?"
"spider","Spider","Nhện"
"spider_2","I like spiders.","Tôi thích nhện."
"spider_3","I saw a spider.","Tôi thấy một con nhện."
"spider_4","What noise does a spider make?","Con nhện tạo ra tiếng động gì?"
"cow","Cow","Bò"
"cow_2","I like cows.","Tôi thích bò."
"cow_3","I saw a cow.","Tôi thấy một con bò."
"cow_4","What noise does a cow make?","Con bò tạo ra tiếng động gì?"
"duck","Duck","Con vịt"
"duck_2","I like ducks.","Tôi thích vịt."
"duck_3","I saw a duck.","Tôi thấy một con vịt."
"duck_4","What noise does a duck make?","Con vịt tạo ra tiếng động gì?"
"horse","Horse","Con ngựa"
"horse_2","I like horses.","Tôi thích ngựa."
"horse_3","I saw a horse.","Tôi thấy một con ngựa."
"horse_4","What noise does a horse make?","Con ngựa tạo ra tiếng động gì?"
"chicken","Chicken","Thịt gà"
"chicken_2","I like chickens.","Tôi thích gà"
"chicken_3","I saw a chicken.","Tôi thấy một con gà."
"chicken_4","What noise does a chicken make?","Một con gà làm cho tiếng ồn là gì?"
"bee","Bee","Con ong"
"bee_2","I like bees.","Tôi thích ong."
"bee_3","I saw a bee.","Tôi thấy một con ong."
"bee_4","What noise does a bee make?","Con ong tạo ra tiếng động gì?"
"pig","Pig","Con lợn"
"pig_2","I like pigs.","Tôi thích lợn."
"pig_3","I saw a pig.","Tôi thấy một con lợn."
"pig_4","What noise does a pig make?","Con lợn tạo ra tiếng động gì?"
"dove","Dove","Bồ câu"
"dove_2","I like doves.","Tôi thích chim bồ câu."
"dove_3","I saw a dove.","Tôi thấy một con chim bồ câu."
"dove_4","What noise does a dove make?","Dove tạo ra tiếng ồn gì?"
"crab","Crab","Cua"
"crab_2","I like crabs.","Tôi thích cua."
"crab_3","I saw a crab.","Tôi thấy một con cua."
"crab_4","What noise does a crab make?","Con cua tạo ra tiếng ồn gì?"
"penguin","Penguin","chim cánh cụt"
"penguin_2","I like penguins.","Tôi thích chim cánh cụt."
"penguin_3","I saw a penguin.","Tôi thấy một con chim cánh cụt."
"penguin_4","What noise does a penguin make?","Chim cánh cụt tạo ra tiếng động gì?"
"elephant","Elephant","Con voi"
"elephant_2","I like elephants.","Tôi thích voi."
"elephant_3","I saw an elephant.","Tôi thấy một con voi."
"elephant_4","What noise does an elephant make?","Con voi tạo ra tiếng động gì?"
"zebra","Zebra","Ngựa rằn"
"zebra_2","I like zebras.","Tôi thích ngựa vằn."
"zebra_3","I saw a zebra.","Tôi thấy một con ngựa vằn."
"zebra_4","What noise does a zebra make?","Ngựa vằn tạo ra tiếng ồn gì?"
"panda","Panda","gấu trúc"
"panda_2","I like pandas.","Tôi thích nhũng chú gấu trúc."
"panda_3","I saw a panda.","Tôi thấy một con gấu trúc."
"panda_4","What noise does a panda make?","Một con gấu trúc làm cho tiếng ồn là gì?"
"monkey","Monkey","Con khỉ"
"monkey_2","I like monkeys.","Tôi thích những chú khỉ."
"monkey_3","I saw a monkey.","Tôi thấy một con khỉ."
"monkey_4","What noise does a monkey make?","Con khỉ tạo ra tiếng động gì?"
"camel","Camel","Lạc đà"
"camel_2","I like camels.","Tôi thích lạc đà."
"camel_3","I saw a camel.","Tôi thấy một con lạc đà."
"camel_4","What noise does a camel make?","Con lạc đà tạo ra tiếng động gì?"
"mouse","Mouse","Chuột"
"mouse_2","I like mice.","Tôi thích chuột."
"mouse_3","I saw a mouse.","Tôi thấy một con chuột."
"mouse_4","What noise does a mouse make?","Con chuột tạo ra tiếng ồn gì?"
"tiger","Tiger","con hổ"
"tiger_2","I like tigers.","Tôi thích hổ."
"tiger_3","I saw a tiger.","Tôi thấy một con hổ."
"tiger_4","What noise does a tiger make?","Con hổ tạo ra tiếng động gì?"
"jellyfish","Jellyfish","Con sứa"
"jellyfish_2","I like jellyfishes.","Tôi thích sứa."
"jellyfish_3","I saw a jellyfish.","Tôi thấy một con sứa."
"jellyfish_4","What noise does a jellyfish make?","Một con sứa gây ra tiếng ồn gì?"
"crocodile","Crocodile","Cá sấu"
"crocodile_2","I like crocodiles.","Tôi thích cá sấu."
"crocodile_3","I saw a crocodile.","Tôi thấy một con cá sấu."
"crocodile_4","What noise does a crocodile make?","Con cá sấu tạo ra tiếng động gì?"
"koala","Koala","Koala"
"koala_2","I like koalas.","Tôi thích gấu túi."
"koala_3","I saw a koala.","Tôi thấy một con gấu túi."
"koala_4","What noise does a koala make?","Koala tạo ra tiếng ồn gì?"
"ostrich","Ostrich","Đà điểu"
"ostrich_2","I like ostriches.","Tôi thích đà điểu."
"ostrich_3","I saw an ostrich.","Tôi thấy một con đà điểu."
"ostrich_4","What noise does an ostrich make?","Con đà điểu tạo ra tiếng động gì?"
"racoon","Racoon","Trường đua"
"racoon_2","I like racoons.","Tôi thích racoons."
"racoon_3","I saw a racoon.","Tôi đã nhìn thấy một cây vợt."
"racoon_4","What noise does a racoon make?","Một tiếng ồn làm cho một racoon?"
"bat","Bat","Con dơi"
"bat_2","I like bats.","Tôi thích dơi."
"bat_3","I saw a bat.","Tôi thấy một con dơi."
"bat_4","What noise does a bat make?","Một con dơi làm ồn gì?"
"eagle","Eagle","chim ưng"
"eagle_2","I like eagles.","Tôi thích đại bàng."
"eagle_3","I saw an eagle.","Tôi thấy một con đại bàng."
"eagle_4","What noise does an eagle make?","Con đại bàng tạo ra tiếng động gì?"
"hippopotamus","Hippopotamus","Hà mã"
"hippopotamus_2","I like hippopotamus.","Tôi thích hà mã."
"hippopotamus_3","I saw a hippopotamus.","Tôi thấy một con hà mã."
"hippopotamus_4","What noise does a hippopotamus make?","Con hà mã tạo ra tiếng ồn gì?"
"seal","Seal","Niêm phong"
"seal_2","I like seals.","Tôi thích hải cẩu."
"seal_3","I saw a seal.","Tôi thấy một con dấu."
"seal_4","What noise does a seal make?","Một con dấu làm cho tiếng ồn là gì?"
"walrus","Walrus","Quả óc chó"
"walrus_2","I like walruses.","Tôi thích hải mã."
"walrus_3","I saw a walrus.","Tôi thấy một con hải mã."
"walrus_4","What noise does a walrus make?","Một con hải mã làm cho tiếng ồn là gì?"
"seahorse","Seahorse","Cá ngựa"
"seahorse_2","I like seahorses.","Tôi thích cá ngựa."
"seahorse_3","I saw a seahorse.","Tôi thấy một con cá ngựa."
"seahorse_4","What noise does a seahorse make?","Tiếng cá ngựa tạo ra tiếng động gì?"
"bull","Bull","Bò đực"
"bull_2","I like bulls.","Tôi thích những con bò đực."
"bull_3","I saw a bull.","Tôi thấy một con bò."
"bull_4","What noise does a bull make?","Một con bò làm cho tiếng ồn là gì?"
"pelican","Pelican","Bồ nông"
"pelican_2","I like pelicans.","Tôi thích bồ nông."
"pelican_3","I saw a pelican.","Tôi thấy một con bồ nông."
"pelican_4","What noise does a pelican make?","Một con bồ nông làm cho tiếng ồn là gì?"
"beaver","Beaver","Hải ly"
"beaver_2","I like beavers.","Tôi thích đèn hiệu."
"beaver_3","I saw a beaver.","Tôi thấy một con hải ly."
"beaver_4","What noise does a beaver make?","Một con hải ly làm cho tiếng ồn là gì?"
"goldfish","Goldfish","Cá vàng"
"goldfish_2","I like goldfishes.","Tôi thích cá vàng."
"goldfish_3","I saw a goldfish.","Tôi thấy một con cá vàng."
"goldfish_4","What noise does a goldfish make?","Con cá vàng tạo ra tiếng ồn gì?"
"goldfish_5","Can we get a goldfish as pet?","Chúng ta có thể có được một con cá vàng làm thú cưng không?"
"rhinoceros","Rhinoceros","Tê giác"
"rhinoceros_2","I like rhinoceros.","Tôi thích tê giác."
"rhinoceros_3","I saw a rhinoceros.","Tôi thấy một con tê giác."
"rhinoceros_4","What noise does a rhinoceros make?","Một con tê giác tạo ra tiếng ồn gì?"
"snake","Snake","Con rắn"
"snake_2","I like snakes.","Tôi thích rắn."
"snake_3","I saw a snake.","Tôi thấy một con rắn."
"snake_4","What noise does a snake make?","Con rắn tạo ra tiếng động gì?"
"lion","Lion","sư tử"
"lion_2","I like lions.","Tôi thích sư tử."
"lion_3","I saw a lion.","Tôi thấy một con sư tử."
"lion_4","What noise does a lion make?","Con sư tử gây ra tiếng động gì?"
"squid","Squid","Mực ống"
"squid_2","I like squids.","Tôi thích mực."
"squid_3","I saw a squid.","Tôi thấy một con mực."
"squid_4","What noise does a squid make?","Một con mực làm cho tiếng ồn là gì?"
"whale","Whale","Cá voi"
"whale_2","I like whales.","Tôi thích cá voi."
"whale_3","I saw a whale.","Tôi thấy một con cá voi."
"whale_4","What noise does a whale make?","Một con cá voi làm cho tiếng ồn là gì?"
"beetle","Beetle","Bọ cánh cứng"
"beetle_2","I like beetles.","Tôi thích bọ cánh cứng."
"beetle_3","I saw a beetle.","Tôi thấy một con bọ cánh cứng."
"beetle_4","What noise does a beetle make?","Con bọ làm tiếng ồn gì?"
"dolphin","Dolphin","Cá heo"
"dolphin_2","I like dolphins.","Tôi thích cá heo."
"dolphin_3","I saw a dolphin.","Tôi thấy một con cá heo."
"dolphin_4","What noise does a dolphin make?","Cá heo tạo ra tiếng động gì?"
"starfish","Starfish","sao biển"
"starfish_2","I like starfishes.","Tôi thích sao biển."
"starfish_3","I saw a starfish.","Tôi thấy một con sao biển."
"starfish_4","What noise does a starfish make?","Con sao biển tạo ra tiếng ồn gì?"
"parakeet","Parakeet","Vẹt đuôi dài"
"parakeet_2","I like parakeets.","Tôi thích vẹt đuôi dài."
"parakeet_3","I saw a parakeet.","Tôi thấy một con vẹt."
"parakeet_4","What noise does a parakeet make?","Một con vẹt làm cho tiếng ồn là gì?"
"owl","Owl","Cú"
"owl_2","I like owls.","Tôi thích cú."
"owl_3","I saw an owl.","Tôi thấy một con cú."
"owl_4","What noise does an owl make?","Một con cú làm cho tiếng ồn là gì?"
"sheep","Sheep","Cừu"
"sheep_2","I like sheeps.","Tôi thích cừu."
"sheep_3","I saw a sheep.","Tôi thấy một con cừu."
"sheep_4","What noise does a sheep make?","Con cừu tạo ra tiếng động gì?"
"clothes","Clothes","Quần áo"
"pants","Pants","Quân dai"
"pants_2","My pants are dirty.","Quần của tôi bị bẩn."
"pants_3","Can you help me wear my pants?","Bạn có thể giúp tôi mặc quần của tôi?"
"shirt","Shirt","Áo sơ mi"
"shirt_2","My shirt is dirty.","Áo tôi bẩn."
"shirt_3","Can you help me wear my shirt?","Bạn có thể giúp tôi mặc áo sơ mi của tôi?"
"skirt","Skirt","Váy"
"skirt_2","My skirt is dirty.","Váy của tôi bẩn."
"skirt_3","Can you help me wear my skirt?","Bạn có thể giúp tôi mặc váy của tôi?"
"panty","Panty","Quần lót"
"panty_2","My underwear is dirty.","Đồ lót của tôi bẩn."
"panty_3","Can you help me wear my panty?","Bạn có thể giúp tôi mặc quần lót của tôi?"
"jacket","Jacket","Áo khoác"
"jacket_2","My jacket is dirty.","Áo khoác của tôi bẩn."
"jacket_3","Can you help me wear my jacket?","Bạn có thể giúp tôi mặc áo khoác của tôi?"
"tie","Tie","Cà vạt"
"tie_2","I like wearing tie.","Tôi thích đeo cà vạt."
"tie_3","Can you help me tie my tie?","Bạn có thể giúp tôi thắt cà vạt của tôi?"
"baseball-cap","Baseball cap","Mũ bóng chày"
"baseball-cap_2","I like wearing baseball cap.","Tôi thích đội mũ bóng chày."
"baseball-cap_3","Which baseball cap should I wear?","Nên đội mũ bóng chày nào?"
"dress","Dress","Trang phục"
"dress_2","My dress is dirty.","Váy của tôi bẩn."
"dress_3","Can you help me wear my dress?","Bạn có thể giúp tôi mặc váy của tôi?"
"shoes","Shoes","Giày dép"
"shoes_2","My shoes are dirty.","Giày của tôi bị bẩn."
"shoes_3","Can you help me wear my shoes?","Bạn có thể giúp tôi mang giày của tôi?"
"boots","Boots","Giày ống"
"boots_2","My boots are dirty.","Giày của tôi bị bẩn."
"boots_3","Can you help me wear my boots?","Bạn có thể giúp tôi mang giày của tôi?"
"sneakers","Sneakers","Giày thể thao"
"sneakers_2","I want to wear my sneakers.","Tôi muốn mang giày thể thao của tôi."
"sneakers_3","Can you help me wear my sneakers?","Bạn có thể giúp tôi mang giày thể thao của tôi?"
"slippers","Slippers","Dép đi trong nhà"
"slippers_2","I want to wear my slippers.","Tôi muốn mang dép của tôi."
"slippers_3","Can you help me wear my slippers?","Bạn có thể giúp tôi mang dép của tôi?"
"belt","Belt","Thắt lưng"
"belt_2","I like wearing belt.","Tôi thích đeo thắt lưng."
"belt_3","Can you help me wear my belt?","Bạn có thể giúp tôi đeo thắt lưng của tôi?"
"socks","Socks","Vớ"
"socks_2","My socks are dirty.","Vớ của tôi bẩn."
"socks_3","Can you help me wear my socks?","Bạn có thể giúp tôi mang vớ của tôi?"
"swimsuit","Swimsuit","Đồ bơi"
"swimsuit_2","I want to wear my swimsuit.","Tôi muốn mặc đồ bơi của tôi."
"swimsuit_3","Can you help me wear my swimsuit?","Bạn có thể giúp tôi mặc đồ bơi của tôi?"
"sweater","Sweater","Áo len"
"sweater_2","My sweater is dirty.","Áo len của tôi bẩn."
"sweater_3","Can you help me wear my sweater?","Bạn có thể giúp tôi mặc áo len của tôi?"
"scarf","Scarf","Khăn quàng cổ"
"scarf_2","I like wearing scarf.","Tôi thích đeo khăn quàng cổ."
"scarf_3","Can you help me wear my scarf?","Bạn có thể giúp tôi đeo khăn quàng cổ của tôi?"
"denim-shorts","Denim shorts","Quần short denim"
"denim-shorts_2","My denim shorts are dirty.","Quần short denim của tôi bị bẩn."
"denim-shorts_3","Can you help me wear my denim shorts?","Bạn có thể giúp tôi mặc quần short denim của tôi?"
"hoodies","Hoodies","Hoodies"
"hoodies_2","I like wearing hoodies.","Tôi thích mặc áo hoodie."
"hoodies_3","Can you help me wear my hoodie?","Bạn có thể giúp tôi mặc áo hoodie của tôi?"
"swimming-shorts","Swimming shorts","Quần bơi"
"swimming-shorts_2","My swimming shorts are dirty.","Quần bơi của tôi bị bẩn."
"swimming-shorts_3","Can you help me wear my swimming shorts?","Bạn có thể giúp tôi mặc quần bơi của tôi?"
"bow-tie","Bow tie","Cà vạt nơ"
"bow-tie_2","I like wearing bow tie.","Tôi thích đeo nơ."
"bow-tie_3","Can you help me wear my bow tie?","Bạn có thể giúp tôi đeo cà vạt nơ của tôi?"
"leather-jacket","Leather jacket","Áo khoác da"
"leather-jacket_2","I like wearing leather jacket.","Tôi thích mặc áo khoác da."
"leather-jacket_3","Can you help me wear my leather jacket?","Bạn có thể giúp tôi mặc áo khoác da của tôi?"
"bathrobe","Bathrobe","Áo choàng tắm"
"bathrobe_2","I like wearing bathrobe.","Tôi thích mặc áo choàng tắm."
"bathrobe_3","Can you help me wear my bathrobe?","Bạn có thể giúp tôi mặc áo choàng tắm của tôi?"
"jumpsuit","Jumpsuit","Bộ đồ liền thân"
"jumpsuit_2","I like wearing jumpsuit.","Tôi thích mặc jumpsuit."
"jumpsuit_3","Can you help me wear my jumpsuit?","Bạn có thể giúp tôi mặc jumpsuit của tôi?"
"fedora-hat","Fedora hat","mũ phớt"
"fedora-hat_2","I like wearing fedora hat.","Tôi thích đội mũ fedora."
"fedora-hat_3","Can you help me wear my fedora hat?","Bạn có thể giúp tôi đội mũ fedora của tôi?"
"t-shirt","T-shirt","Áo thun"
"t-shirt_2","I like wearing t-shirt.","Tôi thích mặc áo phông."
"t-shirt_3","Can you help me wear my t-shirt?","Bạn có thể giúp tôi mặc áo phông của tôi?"
"sleeveless","Sleeveless","Tay áo"
"sleeveless_2","I like wearing sleeveless.","Tôi thích mặc áo không tay."
"sleeveless_3","Can you help me wear my sleeveless?","Bạn có thể giúp tôi mặc áo không tay?"
"boxers","Boxers","Võ sĩ"
"boxers_2","I like wearing boxers.","Tôi thích mặc võ sĩ."
"boxers_3","Can you help me wear my boxers?","Bạn có thể giúp tôi mặc võ sĩ của tôi?"
"vest","Vest","Áo vest"
"vest_2","I like wearing vest.","Tôi thích mặc vest."
"vest_3","Can you help me wear my vest?","Bạn có thể giúp tôi mặc vest của tôi?"
"pamela-hat","Pamela hat","Mũ Pamela"
"pamela-hat_2","I like wearing pamela hat.","Tôi thích đội mũ pamela."
"pamela-hat_3","Can you help me wear my pamela hat?","Bạn có thể giúp tôi đội mũ pamela của tôi?"
"high-heels","High heels","Cao gót"
"high-heels_2","I like wearing high heels.","Tôi thích đi giày cao gót."
"high-heels_3","Can you help me wear my high heels?","Bạn có thể giúp tôi đi giày cao gót của tôi?"
"overalls","Overalls","Quần yếm"
"overalls_2","I like wearing overalls.","Tôi thích mặc áo liền quần."
"overalls_3","Can you help me wear my overalls?","Bạn có thể giúp tôi mặc áo liền quần?"
"kimono","Kimono","Áo kimono"
"kimono_2","I like wearing kimono.","Tôi thích mặc kimono."
"kimono_3","Can you help me wear my kimono?","Bạn có thể giúp tôi mặc kimono của tôi?"
"raincoat","Raincoat","Áo mưa"
"raincoat_2","I like wearing raincoat.","Tôi thích mặc áo mưa."
"raincoat_3","Can you help me wear my raincoat?","Bạn có thể giúp tôi mặc áo mưa của tôi?"
"bandana","Bandana","Bandana"
"bandana_2","I like wearing bandana.","Tôi thích mặc bandana."
"bandana_3","Can you help me wear my bandana?","Bạn có thể giúp tôi mặc bandana của tôi?"
"beret","Beret","Mũ nồi"
"beret_2","I like wearing beret.","Tôi thích mặc mũ nồi."
"beret_3","Can you help me wear my beret?","Bạn có thể giúp tôi mặc mũ nồi của tôi?"
"knit-hat","Knit hat","Mũ đan"
"knit-hat_2","I like wearing knit hat.","Tôi thích đội mũ đan."
"knit-hat_3","Can you help me wear my knit hat?","Bạn có thể giúp tôi đội mũ đan của tôi?"
"suspenders","Suspenders","Đình chỉ"
"suspenders_2","I like wearing suspenders.","Tôi thích mặc treo."
"suspenders_3","Can you help me wear my suspenders?","Bạn có thể giúp tôi mặc treo của tôi?"
"mitten","Mitten","Chuột"
"mitten_2","I like wearing mitten.","Tôi thích mặc găng tay."
"mitten_3","Can you help me wear my mitten?","Bạn có thể giúp tôi mặc con chuột của tôi?"
"suit","Suit","Bộ đồ"
"suit_2","I like wearing suit.","Tôi thích mặc bộ đồ."
"suit_3","Can you help me wear my suit?","Bạn có thể giúp tôi mặc bộ đồ của tôi?"
"coat","Coat","Áo choàng ngoài"
"coat_2","I like wearing coat.","Tôi thích mặc áo khoác."
"coat_3","Can you help me wear my coat?","Bạn có thể giúp tôi mặc áo khoác của tôi?"
"trench-coat","Trench coat","Áo choàng"
"trench-coat_2","I like wearing trench coat.","Tôi thích mặc trench coat."
"trench-coat_3","Can you help me wear my trench coat?","Bạn có thể giúp tôi mặc áo khoác của tôi?"
"colors","Colors","Màu sắc"
"crayons","Crayons","bút chì màu"
"crayons_2","I like crayons.","Tôi thích bút chì màu."
"crayons_3","Can you give me crayons?","Bạn có thể cho tôi bút chì màu?"
"crayons_4","I want to draw using my crayons.","Tôi muốn vẽ bằng bút màu của tôi."
"red","Red","Màu đỏ"
"red_2","It is red.","Nó màu đỏ"
"red_3","My favorite color is red.","Màu sắc yêu thích của tôi là màu đỏ."
"red_4","Can you give me red paint?","Bạn có thể cho tôi sơn đỏ?"
"blue","Blue","Màu xanh da trời"
"blue_2","It is blue.","Nó có màu xanh"
"blue_3","My favorite color is blue.","Màu sắc yêu thích của tôi là màu xanh."
"blue_4","Can you give me blue paint?","Bạn có thể cho tôi sơn màu xanh?"
"orange","Orange","trái cam"
"orange_2","It is orange color.","Đó là màu cam."
"orange_3","My favorite color is orange.","Màu sắc yêu thích của tôi là màu cam."
"orange_4","Can you give me orange paint?","Bạn có thể cho tôi sơn màu cam?"
"green","Green","màu xanh lá"
"green_2","It is green.","Nó là màu xanh lá cây."
"green_3","My favorite color is green.","Màu sắc yêu thích của tôi là màu xanh lá cây."
"green_4","Can you give me green paint?","Bạn có thể cho tôi sơn màu xanh lá cây?"
"yellow","Yellow","Màu vàng"
"yellow_2","It is yellow.","Nó màu vàng."
"yellow_3","My favorite color is yellow.","Màu sắc yêu thích của tôi là màu vàng."
"yellow_4","Can you give me yellow paint?","Bạn có thể cho tôi sơn màu vàng?"
"purple","Purple","Màu tím"
"purple_2","It is purple.","Nó màu Tím."
"purple_3","My favorite color is purple.","Màu sắc yêu thích của tôi là màu tím."
"purple_4","Can you give me purple paint?","Bạn có thể cho tôi sơn màu tím?"
"pink","Pink","Hồng"
"pink_2","It is pink.","Nó là màu hồng."
"pink_3","My favorite color is pink.","Màu yêu thích của tôi là màu hồng."
"pink_4","Can you give me pink paint?","Bạn có thể cho tôi sơn màu hồng?"
"brown","Brown","nâu"
"brown_2","It is brown.","No co mau nâu."
"brown_3","My favorite color is brown.","Màu sắc yêu thích của tôi là màu nâu."
"brown_4","Can you give me brown paint?","Bạn có thể cho tôi sơn màu nâu?"
"black","Black","Đen"
"black_2","It is black.","Nó màu đen."
"black_3","My favorite color is black.","Màu yêu thích của tôi là màu đen."
"black_4","Can you give me black paint?","Bạn có thể cho tôi sơn màu đen?"
"white","White","trắng"
"white_2","It is white.","Nó màu trắng."
"white_3","My favorite color is white.","Màu sắc yêu thích của tôi là màu trắng."
"white_4","Can you give me white paint?","Bạn có thể cho tôi sơn trắng?"
"gray","Gray","Xám"
"gray_2","It is gray.","Nó có màu xám."
"gray_3","My favorite color is gray.","Màu sắc yêu thích của tôi là màu xám."
"gray_4","Can you give me gray paint?","Bạn có thể cho tôi sơn màu xám?"
"transparent","Transparent","Trong suốt"
"transparent_2","It is transparent.","Nó là minh bạch."
"transparent_3","I can see behind transparent color.","Tôi có thể thấy đằng sau màu trong suốt."
"transparent_4","Can you help me erase?","Bạn có thể giúp tôi xóa?"
"cyan","Cyan","Lục lam"
"cyan_2","It is cyan.","Nó màu lục lam."
"cyan_3","My favorite color is cyan.","Màu sắc yêu thích của tôi là màu lục lam."
"cyan_4","Can you give me cyan paint?","Bạn có thể cho tôi sơn màu lục lam?"
"violet","Violet","màu tím"
"violet_2","It is violet.","Nó có màu tím."
"violet_3","My favorite color is violet.","Màu sắc yêu thích của tôi là màu tím."
"violet_4","Can you give me violet paint?","Bạn có thể cho tôi sơn màu tím?"
"turquoise","Turquoise","Ngọc lam"
"turquoise_2","It is turquoise.","Nó là màu ngọc lam."
"turquoise_3","My favorite color is turquoise.","Màu sắc yêu thích của tôi là màu ngọc lam."
"turquoise_4","Can you give me turquoise paint?","Bạn có thể cho tôi sơn màu ngọc lam?"
"lime","Lime","Vôi"
"lime_2","It is lime.","Đó là vôi."
"lime_3","My favorite color is lime.","Màu sắc yêu thích của tôi là vôi."
"lime_4","Can you give me lime paint?","Bạn có thể cho tôi sơn vôi?"
"plum","Plum","Mận"
"plum_2","It is plum.","Đó là mận."
"plum_3","My favorite color is plum.","Màu sắc yêu thích của tôi là mận."
"plum_4","Can you give me plum paint?","Bạn có thể cho tôi sơn mận?"
"tan","Tan","Tân"
"tan_2","It is tan color.","Đó là màu tan."
"tan_3","My favorite color is tan color.","Màu sắc yêu thích của tôi là màu nâu."
"tan_4","Can you give me tan color paint?","Bạn có thể cho tôi sơn màu nâu?"
"avocado","Avocado","Trái bơ"
"avocado_2","It is avocado color.","Đó là màu bơ."
"avocado_3","My favorite color is avocado color.","Màu sắc yêu thích của tôi là màu bơ."
"avocado_4","Can you give me avocado color paint?","Bạn có thể cho tôi sơn màu bơ?"
"barbie-pink","Barbie pink","Barbie màu hồng"
"barbie-pink_2","It is barbie pink color.","Đó là màu hồng barbie."
"barbie-pink_3","My favorite color is barbie pink.","Màu sắc yêu thích của tôi là màu hồng barbie."
"barbie-pink_4","Can you give me barbie pink paint?","Bạn có thể cho tôi sơn màu hồng barbie?"
"blizzard-blue","Blizzard blue","Bão tuyết"
"blizzard-blue_2","It is blizzard blue color.","Đó là màu xanh bão tuyết."
"blizzard-blue_3","My favorite color is blizzard blue color.","Màu sắc yêu thích của tôi là màu xanh bão tuyết."
"blizzard-blue_4","Can you give me blizzard blue paint?","Bạn có thể cho tôi sơn màu xanh bão tuyết?"
"conversation","Conversation","Cuộc hội thoại"
"me","Me","Tôi"
"me_2","My name is {name}","Tên tôi là {name}"
"me_3","I'm {name}","Tôi là {name}"
"me_4","Do you know my name?","Bạn có biết tên tôi không?"
"me_5","What is your name?","Tên của bạn là gì?"
"me_6","Nice to meet you!","Rất vui được gặp bạn!"
"me_7","Do you like me?","Bạn có thích tôi không?"
"me_8","Can we be friends?","Chúng ta có thể là bạn không?"
"me_9","I'm using assistive communication app.","Tôi đang sử dụng ứng dụng giao tiếp hỗ trợ."
"me_10","Who are you?","Bạn là ai?"
"hello","Hello","xin chào"
"hello_2","Hello.","Xin chào."
"hello_3","Hi.","Chào."
"hello_4","Greetings.","Lời chào hỏi."
"hello_5","How are you?","Bạn khỏe không?"
"hello_6","Nice to meet you!","Rất vui được gặp bạn!"
"help","Help","Cứu giúp"
"help_2","Help me.","Giúp tôi."
"help_3","Can you help me?","Bạn có thể giúp tôi được không?"
"help_4","I need help","tôi cần giúp đỡ"
"help_5","Do you need help?","Bạn cần giúp đỡ?"
"yes","Yes","Đúng"
"yes_2","Yes.","Đúng."
"yes_3","Yes please.","Vâng, làm ơn."
"yes_4","Alright.","Ổn thỏa."
"yes_5","Agreed.","Đã đồng ý."
"yes_6","I want to.","Tôi muốn."
"yes_7","I would like to.","Tôi muốn."
"no","No","Không"
"no_2","No.","Không."
"no_3","Nope.","Không."
"no_4","Never.","Không bao giờ."
"no_5","I don't want to.","Tôi không muốn."
"no_6","I don't like it.","Tôi không thích nó."
"no_7","You don't like it?","Bạn không thích nó?"
"no_8","Why you don't like it?","Tại sao bạn không thích nó?"
"toilet","Toilet","Phòng vệ sinh"
"toilet_2","I need to go to the toilet.","Tôi cần phải đi vào nhà vệ sinh."
"toilet_3","I need to pee.","Tôi cần đi tiểu."
"toilet_4","I need to poop.","Tôi cần ị."
"toilet_5","Can you help me go to the toilet?","Bạn có thể giúp tôi đi vệ sinh?"
"toilet_6","Can you help me clean?","Bạn có thể giúp tôi làm sạch?"
"toilet_7","I peed myself.","Tôi tự vỗ về mình."
"toilet_8","I pooped myself.","Tôi tự dằn mình."
"what","What","Gì"
"what_2","What is that?","Đó là gì?"
"what_3","What does it mean?","Nó có nghĩa là gì?"
"what_4","What do you mean?","Ý anh là gì?"
"what_5","Can you explain it?","Bạn có thể giải thích nó được không?"
"what_6","Can you repeat what you said?","Bạn có thể lặp lại những gì bạn nói?"
"what_7","I don't understand.","Tôi không hiểu"
"sleep","Sleep","Ngủ"
"sleep_2","I want to sleep.","Tôi muốn đi ngủ."
"sleep_3","I don't want to sleep.","Tôi không muốn ngủ"
"sleep_4","I'm tired.","Tôi mệt."
"sleep_5","Are you tired?","Bạn có mệt không?"
"sleep_6","When am I going to sleep?","Khi nào tôi đi ngủ"
"sleep_7","I want to take a nap.","Tôi muốn chợp mắt một lúc."
"bath","Bath","Bồn tắm"
"bath_2","I want to take a bath.","Tôi muốn đi tắm."
"bath_3","I like taking a bath.","Tôi thích tắm"
"bath_4","I want to wash my hands.","Tôi muốn rửa tay."
"bath_5","I want to take a shower.","Tôi muốn có một vòi sen."
"bath_6","I want to clean myself.","Tôi muốn làm sạch bản thân mình."
"bath_7","Can you help me take a bath?","Bạn có thể giúp tôi tắm?"
"bath_8","I don't want to take a bath.","Tôi không muốn đi tắm."
"listen","Listen","Nghe"
"listen_2","Listen to me.","Lắng nghe tôi."
"listen_3","Can you listen to me?","Bạn có thể nghe thấy tôi không?"
"listen_4","Listen to music.","Nghe nhạc."
"listen_5","Listening to my parents.","Lắng nghe bố mẹ."
"listen_6","Listen to what my application is saying!","Hãy lắng nghe những gì ứng dụng của tôi đang nói!"
"morning","Morning","Buổi sáng"
"morning_2","Good morning.","Buổi sáng tốt lành."
"morning_3","I like mornings.","Tôi thích buổi sáng."
"morning_4","In the morning.","Vào buổi sáng."
"morning_5","Morning time.","Thời gian buổi sáng."
"morning_6","Is it morning?","Có phải buổi sáng không?"
"night","Night","Đêm"
"night_2","Good night!","Chúc ngủ ngon!"
"night_3","I like nights.","Tôi thích đêm."
"night_4","At night.","Vào ban đêm."
"night_5","Night time.","Ban đêm."
"night_6","Is it night?","Có phải là đêm không"
"look","Look","Nhìn"
"look_2","Look at me.","Hãy nhìn tôi"
"look_3","Look at this.","Nhìn này"
"look_4","Are you looking?","Bạn đang tìm kiếm?"
"look_5","Look at my drawing.","Nhìn vào bản vẽ của tôi."
"look_6","How do I look?","Tôi trông như thế nào?"
"look_7","Look what I did.","Hãy nhìn những gì tôi đã làm."
"look_8","Let's look at that.","Hãy nhìn vào đó."
"speak","Speak","Nói"
"speak_2","I'm learning how to speak.","Tôi đang học cách nói."
"speak_3","I want to speak.","Tôi muốn nói."
"speak_4","Can I speak with you?","Tôi có thể nói với bạn không?"
"speak_5","I like speaking.","Tôi thích nói"
"speak_6","I'm using assistive communication app.","Tôi đang sử dụng ứng dụng giao tiếp hỗ trợ."
"play","Play","Chơi"
"play_2","I love playing.","Tôi thích chơi."
"play_3","Can you play with me?","Bạn có thể chơi với tôi không?"
"play_4","I want to play with you!","Tôi muốn chơi với bạn!"
"play_5","I want to play with my friends.","Tôi muốn chơi với bạn bè của tôi."
"play_6","I don't want to play with you.","Tôi không muốn chơi với bạn."
"outside","Outside","Ở ngoài"
"outside_2","I love going outside.","Tôi thích đi ra ngoài."
"outside_3","I want to go outside.","Tôi muốn đi ra ngoài."
"outside_4","Is it cold outside?","Ngoài trời lạnh?"
"outside_5","I don't like outside.","Tôi không thích bên ngoài."
"outside_6","Can I go outside?","Tôi có thể ra ngoài không?"
"home","Home","Trang Chủ"
"home_2","I love my home.","Tôi yêu tổ ấm của tôi."
"home_3","I want to go home.","Tôi muốn về nhà."
"home_4","Where is your home?","Nhà bạn ở đâu?"
"home_5","Home sweet home.","Ngôi nhà thân yêu."
"home_6","I'm in the house.","Tôi đang ở trong nhà"
"home_7","I'm not in the house.","Tôi không ở trong nhà."
"hurt","Hurt","Đau"
"hurt_2","I'm hurt.","Tôi đang đau."
"hurt_3","Are you hurt?","Bạn đang bị tổn thương?"
"hurt_4","Did I hurt you?","Tôi đã làm tổn thương bạn?"
"hurt_5","I didn't mean to hurt you!","Tôi không có ý làm tổn thương bạn!"
"hurt_6","Is it going to hurt?","Nó sẽ bị tổn thương?"
"hurt_7","I have a headache.","Tôi bị đau đầu."
"hurt_8","I have a stomach ache.","Tôi bị đau bao tử."
"hurt_9","My genitals hurt.","Bộ phận sinh dục của tôi bị tổn thương."
"hurt_10","My foot hurts.","Chân tôi bị đau."
"feelings","Feelings","Cảm xúc"
"happy","Happy","Vui mừng"
"happy_2","I'm happy.","Tôi đang hạnh phúc."
"happy_3","I feel happy.","Tôi cảm thấy hạnh phúc."
"happy_4","Do you feel happy?","Bạn có cảm thấy hạnh phúc không?"
"happy_5","I want to feel happy.","Tôi muốn cảm thấy hạnh phúc."
"happy_6","You are making me happy.","Bạn đang làm cho tôi hạnh phúc."
"sad","Sad","Buồn"
"sad_2","I'm sad.","Tôi buồn."
"sad_3","I feel sad.","Tôi cảm thấy buồn."
"sad_4","Do you feel sad?","Bạn có thấy buồn không"
"sad_5","I don't want to feel sad.","Tôi không muốn cảm thấy buồn."
"sad_6","You are making me sad.","Bạn đang làm tôi buồn."
"exhausted","Exhausted","Kiệt sức"
"exhausted_2","I'm exhausted.","Tôi kiệt sức rồi."
"exhausted_3","I feel exhausted.","Tôi cảm thấy kiệt sức."
"exhausted_4","Do you feel exhausted?","Bạn có cảm thấy kiệt sức?"
"exhausted_5","I don't want to be exhausted.","Tôi không muốn kiệt sức."
"relaxed","Relaxed","Thư giãn"
"relaxed_2","I'm relaxed.","Tôi đang thư giãn."
"relaxed_3","I feel relaxed.","Tôi cảm thấy thoải mái."
"relaxed_4","Do you feel relaxed?","Bạn có cảm thấy thư giãn không?"
"relaxed_5","I want to feel relaxed.","Tôi muốn cảm thấy thư giãn."
"in-love","In love","Đang yêu"
"in-love_2","I'm in love.","Tôi đang yêu."
"in-love_3","I feel in love.","Tôi cảm thấy trong tình yêu."
"in-love_4","Are you in love?","Có phải bạn đang yêu?"
"in-love_5","I want to fall in love.","Tôi muốn yêu."
"in-love_6","Do you love me?","Bạn có yêu tôi không?"
"stressed","Stressed","Căng thẳng"
"stressed_2","I'm stressed.","Tôi bị căng thẳng."
"stressed_3","I feel stressed.","Tôi cảm thấy căng thẳng."
"stressed_4","Do you feel stressed?","Bạn có cảm thấy căng thẳng không?"
"stressed_5","I don't want to feel stressed.","Tôi không muốn cảm thấy căng thẳng."
"thankful","Thankful","Biết ơn"
"thankful_2","I'm thankful.","Tôi biết ơn."
"thankful_3","I feel thankful.","Tôi cảm thấy biết ơn."
"thankful_4","Do you feel thankful?","Bạn có cảm thấy biết ơn không?"
"thankful_5","I want to feel thankful.","Tôi muốn cảm thấy biết ơn."
"confused","Confused","Bối rối"
"confused_2","I'm confused.","Tôi bối rối."
"confused_3","I feel confused.","Tôi cảm thấy bối rối."
"confused_4","Do you feel confused?","Bạn có cảm thấy bối rối?"
"confused_5","You are confusing me.","Bạn đang làm tôi bối rối."
"joyful","Joyful","Hân hoan"
"joyful_2","I'm joyful.","Tôi rất vui"
"joyful_3","I feel joyful.","Tôi cảm thấy vui mừng."
"joyful_4","Do you feel joyful?","Bạn có cảm thấy vui không?"
"joyful_5","I want to feel joyful.","Tôi muốn cảm thấy vui vẻ."
"angry","Angry","Bực bội"
"angry_2","I'm angry.","Tôi đang tức giận."
"angry_3","I feel angry.","Tôi cảm thấy tức giận."
"angry_4","Do you feel angry?","Bạn có cảm thấy tức giận không?"
"angry_5","I'm angry at you.","Tôi giận bạn."
"angry_6","You are making me angry.","Bạn đang làm cho tôi tức giận."
"smart","Smart","Thông minh"
"smart_2","I'm smart.","Tôi thông minh."
"smart_3","I feel smart.","Tôi cảm thấy thông minh."
"smart_4","Do you feel smart?","Bạn có cảm thấy thông minh không?"
"smart_5","Am I smart?","Tôi có thông minh không?"
"smart_6","You are smart!","Bạn thật thông minh!"
"afraid","Afraid","Sợ"
"afraid_2","I'm afraid.","Tôi sợ."
"afraid_3","I feel afraid.","Tôi cảm thấy sợ hãi."
"afraid_4","Do you feel afraid?","Bạn có cảm thấy sợ không?"
"afraid_5","I don't want to feel afraid.","Tôi không muốn cảm thấy sợ hãi."
"afraid_6","You are scaring me.","Bạn đang làm tôi sợ đấy."
"ashamed","Ashamed","Hổ thẹn"
"ashamed_2","I'm ashamed.","Tôi xấu hổ."
"ashamed_3","I feel ashamed.","Tôi cảm thây xâu hổ."
"ashamed_4","Do you feel ashamed?","Bạn có cảm thấy xấu hổ?"
"ashamed_5","I don't want to feel ashamed.","Tôi không muốn cảm thấy xấu hổ."
"shocked","Shocked","Sốc"
"shocked_2","I'm shocked.","Tôi bị sốc."
"shocked_3","I feel shocked.","Tôi cảm thấy sốc."
"shocked_4","Do you feel shocked?","Bạn có cảm thấy sốc không?"
"shocked_5","You shocked me.","Bạn làm tôi sốc."
"sick","Sick","Đau ốm"
"sick_2","I'm sick.","Tôi bị ốm."
"sick_3","I feel sick.","Tôi cảm thấy bệnh."
"sick_4","Do you feel sick?","Bạn có cảm thấy mệt không?"
"sick_5","I don't want to be sick.","Tôi không muốn bị bệnh."
"sick_6","I'm sick of the food.","Tôi phát ngán với thức ăn."
"frustrated","Frustrated","Bực bội"
"frustrated_2","I'm frustrated.","Tôi thất vọng."
"frustrated_3","I feel frustrated.","Tôi cảm thấy thất vọng."
"frustrated_4","Do you feel frustrated?","Bạn có cảm thấy thất vọng?"
"frustrated_5","I don't want to feel frustrated.","Tôi không muốn cảm thấy thất vọng."
"excited","Excited","Bị kích thích"
"excited_2","I'm excited.","Tôi rất phấn khích."
"excited_3","I feel excited.","Tôi thấy phấn khởi."
"excited_4","Do you feel excited?","Bạn có cảm thấy phấn khích không?"
"excited_5","I don't want to feel excited.","Tôi không muốn cảm thấy phấn khích."
"nauseated","Nauseated","Buồn nôn"
"nauseated_2","I'm nauseated.","Tôi buồn nôn."
"nauseated_3","I feel nauseated.","Tôi cảm thấy buồn nôn."
"nauseated_4","Do you feel nauseated?","Bạn có thấy buồn nôn không?"
"nauseated_5","I don't want to feel nauseated.","Tôi không muốn cảm thấy buồn nôn."
"agitated","Agitated","Kích động"
"agitated_2","I'm agitated.","Tôi kích động."
"agitated_3","I feel agitated.","Tôi cảm thấy kích động."
"agitated_4","Do you feel agitated?","Bạn có cảm thấy kích động?"
"agitated_5","I don't want to feel agitated.","Tôi không muốn cảm thấy kích động."
"food","Food","Món ăn"
"hungry","Hungry","Đói bụng"
"hungry_2","I'm hungry.","Tôi đói."
"hungry_3","Are you hungry?","Bạn có đói không?"
"hungry_4","Can you make me food?","Bạn có thể làm cho tôi thức ăn?"
"hungry_5","What is for dinner?","Có gì cho bữa tối?"
"thirsty","Thirsty","Khát nước"
"thirsty_2","I'm thirsty.","Tôi khát nước."
"thirsty_3","Can I have some water?","Tôi có thể có một ít nước không?"
"thirsty_4","Can I have a glass of water?","Cho tôi xin ly nước?"
"thirsty_5","I want something to drink.","Tôi muốn chút gì đó để uống."
"cutlery","Cutlery","Dao kéo"
"cutlery_2","I need cutlery.","Tôi cần dao kéo."
"cutlery_3","Help me use cutlery.","Giúp tôi sử dụng dao kéo."
"cutlery_4","I need a fork.","Tôi cần một cái nĩa."
"cutlery_5","I need a spoon.","Tôi cần một cái muỗng."
"cutlery_6","I need chopsticks.","Tôi cần đũa."
"cutlery_7","I need a knife.","Tôi cần một con dao."
"cutlery_8","I need a napkin.","Tôi cần một cái khăn ăn."
"apple","Apple","táo"
"apple_2","I like apple.","Tôi thích táo."
"apple_3","I don't like apple.","Tôi không thích táo."
"apple_4","I want to eat an apple.","Tôi muốn ăn một quả táo."
"carrot","Carrot","Cà rốt"
"carrot_2","I like carrot.","Tôi thích cà rốt."
"carrot_3","I don't like carrot.","Tôi không thích cà rốt."
"carrot_4","I want to eat a carrot.","Tôi muốn ăn một củ cà rốt."
"beans","Beans","Đậu"
"beans_2","I like beans.","Tôi thích đậu"
"beans_3","I don't like beans.","Tôi không thích đậu."
"beans_4","I want to eat beans.","Tôi muốn ăn đậu"
"chicken_5","I want fried chicken.","Tôi muốn gà rán."
"chicken_6","I want boiled chicken.","Tôi muốn gà luộc."
"chocolate","Chocolate","Sô cô la"
"chocolate_2","I like chocolate.","Tôi thích sô cô la."
"chocolate_3","I don't like chocolate.","Tôi không thích sô cô la."
"chocolate_4","I want to eat chocolate.","Tôi muốn ăn sô-cô-la."
"chocolate_5","I want dark chocolate.","Tôi muốn sô cô la đen."
"chocolate_6","I want white chocolate.","Tôi muốn sô cô la trắng."
"milk","Milk","Sữa"
"milk_2","I like milk.","Tôi thích sữa."
"milk_3","I don't like milk.","Tôi không thích sữa."
"milk_4","I want to drink milk.","Tôi muốn uống sữa."
"milk_5","Can I have a glass of milk?","Tôi có thể có một ly sữa?"
"sandwich","Sandwich","Bánh mì sandwich"
"sandwich_2","I like sandwich.","Tôi thích bánh sandwich."
"sandwich_3","I don't like sandwich.","Tôi không thích bánh sandwich."
"sandwich_4","I want to eat a sandwich.","Tôi muốn ăn một chiếc bánh sandwich."
"sandwich_5","Can you make me a sandwich?","Bạn có thể làm cho tôi một chiếc bánh sandwich?"
"steak","Steak","Miếng bò hầm"
"steak_2","I like steak.","Tôi thích bít tết."
"steak_3","I don't like steak.","Tôi không thích bít tết."
"steak_4","I want to eat steak.","Tôi muốn ăn bít tết."
"steak_5","Can you cook steak for me?","Bạn có thể nấu bít tết cho tôi?"
"banana","Banana","Trái chuối"
"banana_2","I like banana.","Tôi thích chuối."
"banana_3","I don't like banana.","Tôi không thích chuối."
"banana_4","I want to eat a banana.","Tôi muốn ăn một quả chuối."
"pie","Pie","Bánh"
"pie_2","I like pie.","Tôi thích bánh."
"pie_3","I don't like pie.","Tôi không thích bánh."
"pie_4","I want to eat pie.","Tôi muốn ăn bánh"
"pie_5","Can you bake a pie for me?","Bạn có thể nướng một chiếc bánh cho tôi?"
"egg","Egg","Trứng"
"egg_2","I like egg.","Tôi thích trứng."
"egg_3","I don't like egg.","Tôi không thích trứng."
"egg_4","I want to eat egg.","Tôi muốn ăn trứng."
"egg_5","I want fried eggs.","Tôi muốn trứng chiên."
"egg_6","I want boiled eggs.","Tôi muốn trứng luộc."
"noodles","Noodles","Mì"
"noodles_2","I like noodles.","Tôi thích mì."
"noodles_3","I don't like noodles.","Tôi không thích mì."
"noodles_4","I want to eat noodles.","Tôi muốn ăn mì"
"noodles_5","Can you cook noodles for me?","Bạn có thể nấu mì cho tôi?"
"salt","Salt","Muối"
"salt_2","I want salt.","Tôi muốn muối."
"salt_3","Can you pass me the salt?","Bạn có thể đưa cho tôi hộp muối được không?"
"salt_4","Food is too salty.","Thức ăn quá mặn."
"salt_5","My food needs some salt.","Thức ăn của tôi cần một chút muối."
"spices","Spices","Gia vị"
"spices_2","I like spicy food.","Tôi thích đồ ăn cay."
"spices_3","I don't like spicy food.","Tôi không thích đồ ăn cay."
"spices_4","I want paprika.","Tôi muốn ớt bột."
"spices_5","I want black pepper.","Tôi muốn tiêu đen."
"pizza","Pizza","pizza"
"pizza_2","I like pizza.","Tôi thích bánh pizza."
"pizza_3","I don't like pizza.","Tôi không thích pizza."
"pizza_4","I want to eat pizza.","Tôi muốn ăn pizza."
"pizza_5","Can you cook pizza for me?","Bạn có thể nấu pizza cho tôi?"
"pizza_6","Can we order pizza?","Chúng ta có thể đặt bánh pizza không?"
"cheese","Cheese","Phô mai"
"cheese_2","I like cheese.","Tôi thích phô mát."
"cheese_3","I don't like cheese.","Tôi không thích phô mai."
"cheese_4","I want to eat cheese.","Tôi muốn ăn pho mát."
"ice-cream","Ice cream","Kem"
"ice-cream_2","I like ice cream.","Tôi thích kem."
"ice-cream_3","I don't like ice cream.","Tôi không thích kem."
"ice-cream_4","I want to eat ice cream.","Tôi muốn ăn kem."
"ice-cream_5","Can you buy ice cream for me?","Bạn có thể mua kem cho tôi không?"
"tea","Tea","Trà"
"tea_2","I like tea.","Tôi thích trà."
"tea_3","I don't like tea.","Tôi không thích trà."
"tea_4","I want to drink tea.","Tôi muốn uống trà."
"tea_5","Can you make tea for me?","Bạn có thể pha trà cho tôi không?"
"coffee","Coffee","Cà phê"
"coffee_2","I like coffee.","Tôi thích cà phê."
"coffee_3","I don't like coffee.","Tôi không thích cà phê."
"coffee_4","I want to drink coffee.","Tôi muốn uống cà phê."
"coffee_5","Can you make coffee for me?","Bạn có thể pha cà phê cho tôi không?"
"tomato","Tomato","Cà chua"
"tomato_2","I like tomato.","Tôi thích cà chua."
"tomato_3","I don't like tomato.","Tôi không thích cà chua."
"tomato_4","I want to eat tomato.","Tôi muốn ăn cà chua."
"cereal","Cereal","Ngũ cốc"
"cereal_2","I like cereal.","Tôi thích ngũ cốc."
"cereal_3","I don't like cereal.","Tôi không thích ngũ cốc."
"cereal_4","I want to eat cereal.","Tôi muốn ăn ngũ cốc."
"cereal_5","Can you make my cereal?","Bạn có thể làm ngũ cốc của tôi?"
"burger","Burger","Burger"
"burger_2","I like burger.","Tôi thích bánh mì kẹp thịt."
"burger_3","I don't like burger.","Tôi không thích bánh mì kẹp thịt."
"burger_4","I want to eat burger.","Tôi muốn ăn bánh burger."
"burger_5","Can you cook burger for me?","Bạn có thể nấu burger cho tôi?"
"burger_6","Can we order burger?","Chúng tôi có thể đặt bánh burger?"
"french-fries","French fries","khoai tây chiên"
"french-fries_2","I like french fries.","Tôi thích khoai tây Pháp."
"french-fries_3","I don't like french fries.","Tôi không thích khoai tây chiên."
"french-fries_4","I want to eat french fries.","Tôi muốn ăn khoai tây chiên."
"french-fries_5","Can you cook french fries for me?","Bạn có thể nấu khoai tây chiên cho tôi?"
"french-fries_6","Can we order french fries?","Chúng ta có thể đặt món khoai tây chiên không?"
"spinach","Spinach","Rau bina"
"spinach_2","I like spinach.","Tôi thích rau bina."
"spinach_3","I don't like spinach.","Tôi không thích rau bina."
"spinach_4","I want to eat spinach.","Tôi muốn ăn rau bina."
"rice","Rice","Cơm"
"rice_2","I like rice.","Tôi thích cơm"
"rice_3","I don't like rice.","Tôi không thích cơm."
"rice_4","I want to eat rice.","Tôi muốn ăn cơm."
"rice_5","Can you cook rice for me?","Bạn có thể nấu cơm cho tôi?"
"bread","Bread","Bánh mỳ"
"bread_2","I like bread.","Tôi thích bánh mì."
"bread_3","I don't like bread.","Tôi không thích bánh mì."
"bread_4","I want to eat bread.","Tôi muốn ăn bánh mì"
"bread_5","Can you buy some bread?","Bạn có thể mua một ít bánh mì?"
"pasta","Pasta","Mỳ ống"
"pasta_2","I like pasta.","Tôi thích mì ống."
"pasta_3","I don't like pasta.","Tôi không thích mì ống."
"pasta_4","I want to eat pasta.","Tôi muốn ăn mì ống."
"pasta_5","Can you cook pasta for me?","Bạn có thể nấu mì ống cho tôi?"
"sauce","Sauce","Nước xốt"
"sauce_2","I like sauce.","Tôi thích nước sốt."
"sauce_3","I don't like sauce.","Tôi không thích nước sốt."
"sauce_4","I want some sauce.","Tôi muốn một ít nước sốt."
"sauce_5","Can I have ketchup?","Tôi có thể có sốt cà chua không?"
"sauce_6","Can I have mayonnaise?","Tôi có thể có mayonnaise?"
"sauce_7","Can I have mustard?","Tôi có thể có mù tạt?"
"sauce_8","Can I have ranch sauce?","Tôi có thể có nước sốt trang trại?"
"kebab","Kebab","Kebab"
"kebab_2","I like kebab.","Tôi thích kebab."
"kebab_3","I don't like kebab.","Tôi không thích kebab."
"kebab_4","I want to eat kebab.","Tôi muốn ăn kebab."
"kebab_5","Can you cook kebab for me?","Bạn có thể nấu kebab cho tôi?"
"kebab_6","Can we order kebab?","Chúng tôi có thể đặt hàng kebab?"
"numbers","Numbers","Số"
"one","One","Một"
"one_2","One comes before two.","Một đến trước hai."
"one_3","One comes after zero.","Một đến sau không."
"one_4","I want one.","Tôi muốn một."
"two","Two","Hai"
"two_2","Two comes before three.","Hai đến trước ba."
"two_3","Two comes after one.","Hai đến sau một."
"two_4","I want two.","Tôi muốn hai."
"three","Three","Số ba"
"three_2","Three comes before four.","Ba đến trước bốn."
"three_3","Three comes after two.","Ba đến sau hai."
"three_4","I want three.","Tôi muốn ba."
"four","Four","Bốn"
"four_2","Four comes before five.","Bốn đến trước năm."
"four_3","Four comes after three.","Bốn đến sau ba."
"four_4","I want four.","Tôi muốn bốn."
"five","Five","Số năm"
"five_2","Five comes before six.","Năm đến trước sáu."
"five_3","Five comes after four.","Năm đến sau bốn."
"five_4","I want five.","Tôi muốn năm."
"six","Six","Sáu"
"six_2","Six comes before seven.","Sáu đến trước bảy."
"six_3","Six comes after five.","Sáu đến sau năm."
"six_4","I want fix.","Tôi muốn sửa chữa."
"seven","Seven","Bảy"
"seven_2","Seven comes before eight.","Bảy đến trước tám."
"seven_3","Seven comes after six.","Bảy đến sau sáu."
"seven_4","I want seven.","Tôi muốn bảy."
"eight","Eight","Tám"
"eight_2","Eight comes before nine.","Tám đến trước chín."
"eight_3","Eight comes after seven.","Tám đến sau bảy."
"eight_4","I want eight.","Tôi muốn tám."
"nine","Nine","Chín"
"nine_2","Nine comes before ten.","Chín đến trước mười."
"nine_3","Nine comes after eight.","Chín đến sau tám."
"nine_4","I want nine.","Tôi muốn chín."
"ten","Ten","Mười"
"ten_2","Ten comes before eleven.","Mười đến trước mười một."
"ten_3","Ten comes after nine.","Mười đến sau chín."
"ten_4","I want ten.","Tôi muốn mười."
"eleven","Eleven","Mười một"
"eleven_2","Eleven comes before thirteen.","Mười một đến trước mười ba."
"eleven_3","Eleven comes after ten.","Mười một đến sau mười."
"eleven_4","I want eleven.","Tôi muốn mười một."
"twenty","Twenty","Hai mươi"
"twenty_2","I can count up to twenty.","Tôi có thể đếm đến hai mươi."
"thirty","Thirty","Ba mươi"
"thirty_2","I can count up to thirty.","Tôi có thể đếm đến ba mươi."
"forty","Forty","Bốn mươi"
"forty_2","I can count up to forty.","Tôi có thể đếm đến bốn mươi."
"fifty","Fifty","Năm mươi"
"fifty_2","I can count up to fifty.","Tôi có thể đếm đến năm mươi."
"hundred","Hundred","Hàng trăm"
"hundred_2","I can count up to hundred.","Tôi có thể đếm đến hàng trăm."
"thousand","Thousand","Ngàn"
"thousand_2","I can count up to thousand.","Tôi có thể đếm đến hàng ngàn."
"calculator","Calculator","Máy tính"
"calculator_2","I want to use a calculator.","Tôi muốn sử dụng một máy tính."
"calculator_3","Can you teach me how to use a calculator?","Bạn có thể dạy tôi làm thế nào để sử dụng một máy tính?"
"calculator_4","Can I barrow your calculator?","Tôi có thể barrow máy tính của bạn?"
"people","People","Mọi người"
"mother","Mother","Mẹ"
"mother_2","Mommy!","Mẹ ơi!"
"mother_3","I love my mother.","Tôi yêu mẹ của tôi."
"mother_4","I love you mom.","Con yêu mẹ."
"mother_5","I miss my mom.","Tôi nhơ mẹ tôi."
"mother_6","Thank you for taking care of me.","Cảm ơn bạn đã chăm sóc tôi."
"mother_7","She is my mom.","Cô ấy là mẹ của tôi."
"mother_8","Can you help me find my mother?","Bạn có thể giúp tôi tìm mẹ tôi?"
"father","Father","Bố"
"father_2","Daddy!","Cha!"
"father_3","I love my father.","Tôi yêu cha tôi."
"father_4","I love you dad.","Con yêu bố."
"father_5","I miss my dad.","Tôi nhớ cha của tôi."
"father_6","Thank you for taking care of me.","Cảm ơn bạn đã chăm sóc tôi."
"father_7","He is my dad.","Ông ây la bô tôi."
"father_8","Can you help me find my father?","Bạn có thể giúp tôi tìm cha tôi?"
"parents","Parents","Cha mẹ"
"parents_2","I love my parents.","Tôi yêu bố mẹ tôi."
"parents_3","I love my parents.","Tôi yêu bố mẹ tôi."
"parents_4","I miss my parents.","Tôi nhớ bố mẹ tôi."
"parents_5","They are my parents.","Họ là bố mẹ tôi."
"parents_6","My parents are taking care of me.","Bố mẹ tôi đang chăm sóc tôi."
"parents_8","Can you help me find my parents?","Bạn có thể giúp tôi tìm cha mẹ của tôi?"
"grandparents","Grandparents","Ông bà"
"grandparents_2","I love my grandparents.","Tôi yêu ông bà của tôi."
"grandparents_3","I love you grandparents.","Con yêu ông bà."
"grandparents_4","I miss my grandparents.","Tôi nhớ ông bà của tôi."
"grandparents_5","They are my grandparents.","Họ là ông bà của tôi."
"grandparents_6","My grandparents are taking care of me.","Ông bà tôi đang chăm sóc tôi."
"grandparents_8","Can you help me find my grandparents?","Bạn có thể giúp tôi tìm ông bà của tôi?"
"brother","Brother","Anh trai"
"brother_2","I love my brother.","Tôi yêu anh trai tôi."
"brother_3","I love you brother.","Anh yêu em"
"brother_4","I miss my brother.","Tôi nhớ anh trai tôi."
"brother_5","He is my brother.","Anh ấy là anh trai tôi."
"brother_6","My brother is taking care of me.","Anh tôi đang chăm sóc tôi."
"brother_8","Can you help me find my brother?","Bạn có thể giúp tôi tìm anh trai của tôi?"
"sister","Sister","Em gái"
"sister_2","I love my sister.","Tôi yêu chị tôi."
"sister_3","I love you sister.","Em yêu chị."
"sister_4","I miss my sister.","Anh nhớ em gái tôi."
"sister_5","She is my sister.","Cô ây la chị của tôi."
"sister_6","My sister is taking care of me.","Chị tôi đang chăm sóc tôi."
"sister_8","Can you help me find my sister?","Bạn có thể giúp tôi tìm em gái tôi?"
"uncle","Uncle","Chú"
"uncle_2","I love my uncle.","Tôi yêu chú của tôi."
"uncle_3","I love you uncle.","Con yêu chú."
"uncle_4","I miss my uncle.","Tôi nhớ chú tôi"
"uncle_5","He is my uncle.","Anh ấy là chú tôi."
"uncle_8","Can you help me find my uncle?","Bạn có thể giúp tôi tìm chú của tôi?"
"aunt","Aunt","Cô"
"aunt_2","I love my aunt.","Tôi yêu dì của tôi."
"aunt_3","I love you aunt.","Con yêu dì."
"aunt_4","I miss my aunt.","Tôi nhớ dì của tôi."
"aunt_5","She is my aunt.","Cô ấy là dì của tôi."
"aunt_8","Can you help me find my aunt?","Bạn có thể giúp tôi tìm dì của tôi?"
"teacher","Teacher","Giáo viên"
"teacher_2","I love my teacher.","Tôi yêu giáo viên của tôi."
"teacher_3","I love you teacher.","Tôi yêu cô cô giáo."
"teacher_4","I don't like my teacher.","Tôi không thích giáo viên của mình."
"teacher_5","I miss my teacher.","Tôi nhớ cô giáo của tôi"
"teacher_6","Thank you for the lesson.","Cảm ơn bạn cho bài học."
"therapist","Therapist","Bác sĩ trị liệu"
"therapist_2","I love my therapist.","Tôi yêu nhà trị liệu của tôi."
"therapist_3","I love you therapist.","Tôi yêu bạn trị liệu."
"therapist_4","I don't like my therapist.","Tôi không thích nhà trị liệu của tôi."
"therapist_5","I miss my therapist.","Tôi nhớ nhà trị liệu của tôi."
"therapist_6","Thank you for the session.","Cảm ơn bạn cho phiên."
"doctor","Doctor","Bác sĩ"
"doctor_2","I love my doctor.","Tôi yêu bác sĩ của tôi."
"doctor_3","I love you doctor.","Em yêu bác sĩ."
"doctor_4","I don't like my doctor.","Tôi không thích bác sĩ của tôi."
"doctor_5","I miss my doctor.","Tôi nhớ bác sĩ của tôi."
"doctor_6","Thank you for healing me.","Cảm ơn bạn đã chữa lành cho tôi."
"friends","Friends","Bạn bè"
"friends_2","I love my friends.","Tôi yêu các bạn của tôi."
"friends_3","Do you want to be my friend?","Bạn có muốn làm bạn với tôi không?"
"friends_4","I don't like my friends.","Tôi không thích bạn bè của tôi."
"friends_5","I miss my friends.","Tôi nhớ bạn bè của tôi."
"friends_6","They are my friends.","Họ là bạn của tôi."
"friends_7","Thank you for playing with me.","Cảm ơn bạn đã chơi với tôi."
"cousins","Cousins","anh chị em họ"
"cousins_2","I love my cousins.","Tôi yêu anh em họ của tôi."
"cousins_3","I don't have cousins.","Tôi không có anh em họ."
"cousins_4","I miss my cousins.","Tôi nhớ anh em họ của tôi."
"cousins_5","They are my cousins.","Họ là anh em họ của tôi."
"grandmother","Grandmother","Bà ngoại"
"grandmother_2","I love my grandmother.","Tôi yêu bà của tôi."
"grandmother_3","I love you grandma.","Cháu yêu bà."
"grandmother_4","I miss my grandma.","Tôi nhớ bà tôi"
"grandmother_5","She is my grandma.","Cô ấy là bà của tôi"
"grandfather","Grandfather","Ông nội"
"grandfather_2","I love my grandfather.","Tôi yêu ông tôi"
"grandfather_3","I love you grandpa.","Con yêu ông rất nhiều."
"grandfather_4","I miss my grandpa.","Tôi nhớ ông tôi"
"grandfather_5","He is my grandpa.","Ông là ông của tôi."
"stepfather","Stepfather","Cha dượng"
"stepfather_2","I love my stepfather.","Tôi yêu cha dượng của tôi."
"stepfather_3","He is my stepfather.","Anh ấy là cha dượng của tôi."
"stepfather_4","I miss my stepfather.","Tôi nhớ cha dượng của tôi."
"stepfather_5","He is my stepfather.","Anh ấy là cha dượng của tôi."
"stepmother","Stepmother","Mẹ kế"
"stepmother_2","I love my stepmother.","Tôi yêu mẹ kế của tôi."
"stepmother_3","She is my stepmother.","Cô ấy là mẹ kế của tôi."
"stepmother_4","I miss my stepmother.","Tôi nhớ mẹ kế của tôi."
"stepmother_5","She is my stepmother.","Cô ấy là mẹ kế của tôi."
"stepsister","Stepsister","Chị kế"
"stepsister_2","I love my stepsister.","Tôi yêu chị gái của tôi."
"stepsister_3","She is my stepsister.","Cô ấy là con riêng của tôi."
"stepsister_4","I miss my stepsister.","Tôi nhớ chị gái của tôi."
"stepsister_5","She is my stepsister.","Cô ấy là con riêng của tôi."
"stepbrother","Stepbrother","Anh của mẹ kế"
"stepbrother_2","I love my stepbrother.","Tôi yêu con riêng của tôi."
"stepbrother_3","He is my stepbrother.","Anh ấy là con riêng của tôi."
"stepbrother_4","I miss my stepbrother.","Tôi nhớ con riêng của tôi."
"stepbrother_5","He is my stepbrother.","Anh ấy là con riêng của tôi."
"half-brother","Half brother","Anh trai cùng cha khác mẹ"
"half-brother_2","I love my half brother.","Tôi yêu anh trai cùng cha khác mẹ."
"half-brother_3","He is my half brother.","Anh ấy là anh cùng cha khác mẹ của tôi."
"half-brother_4","I miss my half brother.","Tôi nhớ anh trai cùng cha khác mẹ."
"half-brother_5","He is my half brother.","Anh ấy là anh cùng cha khác mẹ của tôi."
"half-sister","Half sister","Chị cùng cha khác mẹ"
"half-sister_2","I love my half sister.","Tôi yêu em gái cùng cha khác mẹ."
"half-sister_3","She is my half sister.","Cô ấy là chị cùng cha khác mẹ của tôi."
"half-sister_4","I miss my half sister.","Tôi nhớ em gái cùng cha khác mẹ."
"half-sister_5","She is my half sister.","Cô ấy là chị cùng cha khác mẹ của tôi."
"quarantine","Quarantine","Cách ly"
"protective-mask","Protective mask","Mặt nạ bảo vệ"
"stay-home","Stay home","Ở nhà"
"toilet-paper","Toilet paper","Giấy vệ sinh"
"sprayer","Sprayer","Bình xịt"
"disinfectant","Disinfectant","Thuốc khử trùng"
"thermometer","Thermometer","Nhiệt kế"
"coughing","Coughing","Ho"
"medical-assistance","Medical assistance","Hô trợ y tê"
"hand-sanitizer","Hand sanitizer","Nước rửa tay sát khuẩn"
"gloves","Gloves","Găng tay"
"social-distancing","Social distancing","Hạn chế tiếp xúc xã hội"
"mouth-mask","Mouth mask","Khẩu trang"
"pandemic","Pandemic","Đại dịch"
"working-at-home","Working at home","Làm việc tại nhà"
"wet-wipes","Wet wipes","Khăn ướt"
"first-aid-kit","First aid kit","Bộ sơ cứu"
"fitness","Fitness","Sự khỏe khoắn"
"e-learning","E-learning","Học trực tuyến"
"virus","Virus","Vi-rút"
"cleaning","Cleaning","Làm sạch"
"school","School","Trường học"
"desk","Desk","Bàn"
"desk_2","Can I use this desk?","Tôi có thể sử dụng bàn này không?"
"desk_3","Which desk is mine?","Bàn nào là của tôi?"
"desk_4","I spilled on my desk.","Tôi tràn ra bàn."
"desk_5","Don't scratch your desk.","Đừng cào bàn của bạn."
"chair","Chair","Cái ghế"
"chair_2","Can I sit with you?","Tôi có thể ngồi với bạn chứ?"
"chair_3","Which chair is mine?","Cái ghế nào là của tôi?"
"chair_4","Is this chair taken?","Là cái ghế này?"
"chair_5","I spilled on my chair.","Tôi tràn ra ghế."
"book","Book","Sách"
"book_2","Textbook","Sách giáo khoa"
"book_3","Workbook","Sách bài tập"
"book_4","Reading a book.","Đọc một cuốn sách."
"book_5","Can I borrow your book?","Tôi có thể mượn sách của bạn không?"
"book_6","Which page are we at?","Chúng ta đang ở trang nào?"
"book_7","Flip the page.","Lật trang."
"book_8","I lost my book.","Tôi bị mất cuốn sách của tôi."
"notebook","Notebook","Sổ tay"
"notebook_2","Taking notes.","Ghi chép."
"notebook_3","I'm taking notes.","Tôi đang ghi chép."
"notebook_4","I lost my notebook.","Tôi bị mất cuốn sổ của tôi."
"backpack","Backpack","Ba lô"
"backpack_2","Carrying my backpack.","Mang ba lô của tôi."
"backpack_3","Putting my books in my backpack.","Đặt sách của tôi trong ba lô của tôi."
"backpack_4","I need a new backpack.","Tôi cần một chiếc ba lô mới."
"backpack_5","Thank you for carrying my backpack.","Cảm ơn bạn đã mang ba lô của tôi."
"backpack_6","I lost my backpack.","Tôi bị mất ba lô."
"backpack_7","My backpack is heavy.","Ba lô của tôi nặng."
"blackboard","Blackboard","Bảng đen"
"blackboard_2","Look at the blackboard.","Nhìn vào bảng đen."
"blackboard_3","Cleaning the blackboard.","Làm sạch bảng đen."
"blackboard_4","Solving the problem on the blackboard.","Giải quyết vấn đề trên bảng đen."
"blackboard_5","Taking note on the blackboard.","Ghi chú trên bảng đen."
"blackboard_6","Give me a chalk.","Cho tôi một viên phấn."
"teacher_7","I don't like this topic.","Tôi không thích chủ đề này."
"teacher_8","Thank you for the lesson.","Cảm ơn bạn cho bài học."
"school-bus","School bus","Xe buýt của trường"
"school-bus_2","School bus is coming.","Xe buýt đến trường."
"school-bus_3","Can I sit next to you?","Tôi có thể ngồi bên cạnh bạn?"
"school-bus_4","Thank you bus driver!","Cảm ơn tài xế xe buýt!"
"school-bus_5","School bus was late.","Xe buýt đã trễ."
"pencil","Pencil","Bút chì"
"pencil_2","I'm writing.","Tôi đang viết."
"pencil_3","I'm learning to write.","Tôi đang học viết."
"pencil_4","I need a new pencil.","Tôi cần một cây bút chì mới."
"pencil_5","Can I borrow your pencil?","Cho tôi mượn bút chì của bạn được không?"
"pencil_6","I lost my pencil.","Tôi bị mất bút chì."
"eraser","Eraser","Cục tẩy"
"eraser_2","I'm erasing.","Tôi đang xóa."
"eraser_3","I need a new eraser.","Tôi cần một cục tẩy mới."
"eraser_4","Can I borrow your eraser?","Tôi có thể mượn tẩy bạn không?"
"eraser_5","I lost my eraser.","Tôi bị mất cục tẩy của tôi."
"ruler","Ruler","Cái thước"
"ruler_2","I'm measuring.","Tôi đang đo."
"ruler_3","I need a new ruler.","Tôi cần một người cai trị mới."
"ruler_4","Can I borrow your ruler?","Tôi có thể mượn thước của bạn không?"
"ruler_5","I lost my ruler.","Tôi bị mất thước."
"sharpener","Sharpener","Gọt chì"
"sharpener_2","I'm sharpening my pencil.","Tôi đang gọt bút chì."
"sharpener_3","I need a new sharpener.","Tôi cần một cái mài mới."
"sharpener_4","Can I borrow your sharpener?","Tôi có thể mượn máy mài của bạn không?"
"sharpener_5","I lost my sharpener.","Tôi bị mất mài."
"mathematics","Mathematics","toán học"
"mathematics_2","I like mathematics.","Tôi thích toán học"
"mathematics_3","I want to study mathematics.","Tôi muốn học toán"
"mathematics_4","I don't like mathematics.","Tôi không thích toán học."
"mathematics_5","When is mathematics class?","Khi nào là lớp toán?"
"mathematics_6","Can you help me with my mathematics homework?","Bạn có thể giúp tôi với bài tập về nhà toán học của tôi?"
"literature","Literature","Văn chương"
"literature_2","I like literature.","Tôi thích văn học"
"literature_3","I want to study literature.","Tôi muốn học văn"
"literature_4","I don't like literature.","Tôi không thích văn học."
"literature_5","When is literature class?","Khi nào là lớp văn học?"
"literature_6","Can you help me with my literature homework?","Bạn có thể giúp tôi với bài tập về nhà văn học của tôi?"
"science","Science","Khoa học"
"science_2","I like science.","Tôi thích khoa học."
"science_3","I want to study science.","Tôi muốn học khoa học"
"science_4","I don't like science.","Tôi không thích khoa học."
"science_5","When is science class?","Khi nào là lớp học khoa học?"
"science_6","Can you help me with my science homework?","Bạn có thể giúp tôi với bài tập về khoa học của tôi?"
"art-class","Art class","Lớp học nghệ thuật"
"art-class_2","I like art class.","Tôi thích lớp học nghệ thuật."
"art-class_3","I want to practice art skills.","Tôi muốn thực hành các kỹ năng nghệ thuật."
"art-class_4","I don't like art class.","Tôi không thích lớp học nghệ thuật."
"art-class_5","When is art class?","Khi nào là lớp học nghệ thuật?"
"art-class_6","Can you help me with my art class homework?","Bạn có thể giúp tôi với bài tập về nhà nghệ thuật của tôi?"
"music-class","Music class","Lớp học âm nhạc"
"music-class_2","I like music class.","Tôi thích lớp âm nhạc."
"music-class_3","I want to practice music skills.","Tôi muốn rèn luyện kỹ năng âm nhạc."
"music-class_4","I don't like music class.","Tôi không thích lớp học âm nhạc."
"music-class_5","When is music class?","Khi nào là lớp học âm nhạc?"
"music-class_6","Can you help me with my music class homework?","Bạn có thể giúp tôi với bài tập về nhà âm nhạc của tôi?"
"geography","Geography","Môn Địa lý"
"geography_2","I like geography.","Tôi thích địa lý."
"geography_3","I want to study geography.","Tôi muốn học địa lý."
"geography_4","I don't like geography.","Tôi không thích địa lý."
"geography_5","When is geography?","Khi nào là địa lý?"
"geography_6","Can you help me with my geography homework?","Bạn có thể giúp tôi với bài tập về địa lý của tôi?"
"telescope","Telescope","Kính thiên văn"
"telescope_2","I'm using the telescope.","Tôi đang sử dụng kính thiên văn."
"telescope_3","I want to use the telescope.","Tôi muốn sử dụng kính thiên văn."
"telescope_4","I want to look at the stars.","Tôi muốn nhìn vào các vì sao."
"glue","Glue","Keo dán"
"glue_2","I'm using glue.","Tôi đang sử dụng keo."
"glue_3","I need a new glue.","Tôi cần một loại keo mới."
"glue_4","Can I borrow your glue?","Tôi có thể mượn keo của bạn?"
"glue_5","I lost my glue.","Tôi bị mất keo của tôi."
"shapes","Shapes","Hình dạng"
"circle","Circle","Vòng tròn"
"circle_2","This is circle shaped.","Đây là hình tròn."
"circle_3","Can you teach me how to draw a circle?","Bạn có thể dạy tôi làm thế nào để vẽ một vòng tròn?"
"triangle","Triangle","Tam giác"
"triangle_2","This is triangle shaped.","Đây là hình tam giác."
"triangle_3","Can you teach me how to draw a triangle?","Bạn có thể dạy tôi làm thế nào để vẽ một hình tam giác?"
"square","Square","Quảng trường"
"square_2","This is square shaped.","Đây là hình vuông."
"square_3","Can you teach me how to draw a square?","Bạn có thể dạy tôi làm thế nào để vẽ một hình vuông?"
"rectangle","Rectangle","Hình chữ nhật"
"rectangle_2","This is rectangle shaped.","Đây là hình chữ nhật."
"rectangle_3","Can you teach me how to draw a rectangle?","Bạn có thể dạy tôi làm thế nào để vẽ một hình chữ nhật?"
"star","Star","Ngôi sao"
"star_2","This is star shaped.","Đây là hình ngôi sao."
"star_3","Can you teach me how to draw a star?","Bạn có thể dạy tôi làm thế nào để vẽ một ngôi sao?"
"pentagon","Pentagon","Hình năm góc"
"pentagon_2","This is pentagon shaped.","Đây là hình ngũ giác."
"pentagon_3","Can you teach me how to draw a pentagon?","Bạn có thể dạy tôi làm thế nào để vẽ một hình ngũ giác?"
"hexagon","Hexagon","Hình lục giác"
"hexagon_2","This is hexagon shaped.","Đây là hình lục giác."
"hexagon_3","Can you teach me how to draw a hexagon?","Bạn có thể dạy tôi làm thế nào để vẽ một hình lục giác?"
"cross","Cross","Vượt qua"
"cross_2","This is cross shaped.","Đây là hình chữ thập."
"cross_3","Can you teach me how to draw a cross?","Bạn có thể dạy tôi làm thế nào để vẽ một cây thánh giá?"
"ellipse","Ellipse","Hình elip"
"ellipse_2","This is ellipse shaped.","Đây là hình elip."
"ellipse_3","Can you teach me how to draw a ellipse?","Bạn có thể dạy tôi làm thế nào để vẽ một hình elip?"
"arrow","Arrow","Mũi tên"
"arrow_2","This is arrow shaped.","Đây là hình mũi tên."
"arrow_3","Can you teach me how to draw a arrow?","Bạn có thể dạy tôi làm thế nào để vẽ một mũi tên?"
"crescent","Crescent","hình bán nguyệt"
"crescent_2","This is crescent shaped.","Đây là hình lưỡi liềm."
"crescent_3","Can you teach me how to draw a crescent?","Bạn có thể dạy tôi làm thế nào để vẽ một lưỡi liềm?"
"heart","Heart","Tim"
"heart_2","This is heart shaped.","Đây là hình trái tim."
"heart_3","Can you teach me how to draw a heart?","Bạn có thể dạy tôi làm thế nào để vẽ một trái tim?"
"rhombus","Rhombus","Hình thoi"
"rhombus_2","This is rhombus shaped.","Đây là hình thoi."
"rhombus_3","Can you teach me how to draw a rhombus?","Bạn có thể dạy tôi làm thế nào để vẽ một hình thoi?"
"ring","Ring","Nhẫn"
"ring_2","This is ring shaped.","Đây là chiếc nhẫn hình."
"ring_3","Can you teach me how to draw a ring?","Bạn có thể dạy tôi làm thế nào để vẽ một chiếc nhẫn?"
"semicircle","Semicircle","Hình bán nguyệt"
"semicircle_2","This is semicircle shaped.","Đây là hình bán nguyệt."
"semicircle_3","Can you teach me how to draw a semicircle?","Bạn có thể dạy tôi làm thế nào để vẽ một hình bán nguyệt?"
"trapezoid","Trapezoid","Hình thang"
"trapezoid_2","This is trapezoid shaped.","Đây là hình thang."
"trapezoid_3","Can you teach me how to draw a trapezoid?","Bạn có thể dạy tôi làm thế nào để vẽ một hình thang?"
"cube","Cube","Khối lập phương"
"cube_2","This is cube shaped.","Đây là hình khối."
"cube_3","Can you teach me how to draw a cube?","Bạn có thể dạy tôi làm thế nào để vẽ một khối lập phương?"
"cylinder","Cylinder","Hình trụ"
"cylinder_2","This is cylinder shaped.","Đây là hình trụ."
"cylinder_3","Can you teach me how to draw a cylinder?","Bạn có thể dạy tôi làm thế nào để vẽ một hình trụ?"