"activities","Activities","活动项目"
"walking","Walking","步行"
"walking_2","I like walking","我喜欢走路"
"walking_3","I don't like walking","我不喜欢走路"
"walking_4","Do you want to walk together?","你想一起走吗？"
"running","Running","跑步"
"running_2","I like running.","我喜欢跑步。"
"running_3","I don't like running.","我不喜欢跑步。"
"running_4","Do you want to go running?","你要跑步吗？"
"talking","Talking","说"
"talking_2","I like talking.","我喜欢说话。"
"talking_3","I don't like talking.","我不喜欢说话"
"talking_4","Do you want to talk with me?","你想和我谈话吗？"
"reading","Reading","阅读"
"reading_2","I like reading.","我喜欢阅读。"
"reading_3","I don't like reading.","我不喜欢读书。"
"reading_4","Do you want to read together?","你想一起读书吗？"
"football","Football","足球"
"football_2","I like playing football.","我喜欢踢足球。"
"football_3","I don't like playing football.","我不喜欢踢足球。"
"football_4","Do you want to play football?","你想踢足球吗？"
"basketball","Basketball","篮球"
"basketball_2","I like playing basketball.","我喜欢打篮球。"
"basketball_3","I don't like playing basketball.","我不喜欢打篮球。"
"basketball_4","Do you want to play basketball?","你想打篮球吗？"
"swimming","Swimming","游泳的"
"swimming_2","I like swimming.","我喜欢游泳。"
"swimming_3","I don't like swimming.","我不喜欢游泳。"
"swimming_4","Do you want to go to swimming?","你想去游泳吗？"
"painting","Painting","绘画"
"painting_2","I like painting.","我喜欢绘画。"
"painting_3","I don't like painting.","我不喜欢画画。"
"painting_4","Do you want to paint together?","你想一起画画吗？"
"drawing","Drawing","画画"
"drawing_2","I like drawing.","我喜欢画画。"
"drawing_3","I don't like drawing.","我不喜欢画画。"
"drawing_4","Do you want to draw together?","你想在一起吗？"
"cycling","Cycling","循环"
"cycling_2","I like cycling.","我喜欢骑自行车。"
"cycling_3","I don't like cycling.","我不喜欢骑自行车。"
"cycling_4","Do you want to go cycling?","你想骑自行车吗？"
"skating","Skating","溜冰"
"skating_2","I like skating.","我喜欢滑冰。"
"skating_3","I don't like skating.","我不喜欢滑冰。"
"skating_4","Do you want to go skating?","你想溜冰吗？"
"sightseeing","Sightseeing","观光景点"
"sightseeing_2","I like sightseeing.","我喜欢观光。"
"sightseeing_3","I don't like sightseeing.","我不喜欢观光。"
"sightseeing_4","Do you want to go for sightseeing?","你想去观光吗？"
"video-games","Video games","视频游戏"
"video-games_2","I like playing video games.","我喜欢玩电子游戏。"
"video-games_3","I don't like playing video games.","我不喜欢玩电子游戏。"
"video-games_4","Do you want to play games?","你想玩游戏吗？"
"tidying","Tidying","整理"
"tidying_2","I like tidying my room.","我喜欢整理房间。"
"tidying_3","I don't like tidying my room.","我不喜欢收拾房间。"
"tidying_4","Can you help me tidy my room?","你能帮我整理房间吗？"
"toys","Toys","玩具"
"toys_2","I like toys.","我喜欢玩具。"
"toys_3","I don't like toys.","我不喜欢玩具。"
"toys_4","Do you want to play with my toys?","你想玩我的玩具吗？"
"puzzle","Puzzle","难题"
"puzzle_2","I like solving puzzle.","我喜欢解决难题。"
"puzzle_3","I don't like solving puzzle.","我不喜欢解决难题。"
"puzzle_4","Do you want to solve puzzles with me?","您想和我一起解决难题吗？"
"comics","Comics","漫画"
"comics_2","I like reading comics.","我喜欢看漫画。"
"comics_3","I don't like reading comics.","我不喜欢看漫画。"
"comics_4","Do you want to read comics?","你想看漫画吗？"
"chess","Chess","棋"
"chess_2","I like playing chess.","我喜欢下棋。"
"chess_3","I don't like playing chess.","我不喜欢下棋。"
"chess_4","Do you want to play chess with me?","你想和我下棋吗？"
"using-leeloo","Using Leeloo","使用Leeloo"
"using-leeloo_2","I like using leeloo.","我喜欢使用leeloo。"
"using-leeloo_3","I don't like using leeloo.","我不喜欢使用leeloo。"
"using-leeloo_4","Can you change card packs on leeloo?","您可以在leeloo上更换卡包吗？"
"texting","Texting","发短信"
"texting_2","I like texting.","我喜欢发短信。"
"texting_3","I don't like texting.","我不喜欢发短信。"
"knitting","Knitting","针织"
"knitting_2","I like knitting.","我喜欢编织。"
"knitting_3","I don't like knitting.","我不喜欢编织。"
"knitting_4","I want to learn how to knit.","我想学习编织。"
"bowling","Bowling","保龄球"
"bowling_2","I like bowling.","我喜欢打保龄球。"
"bowling_3","I don't like bowling.","我不喜欢打保龄球。"
"bowling_4","Do you want to play bowling with me?","你想和我一起打保龄球吗？"
"watching-tv","Watching TV","看电视"
"watching-tv_2","I like watching tv.","我喜欢看电视。"
"watching-tv_3","I don't like watching tv.","我不喜欢看电视。"
"watching-tv_4","Do you want to watch tv?","你想看电视吗？"
"fishing","Fishing","钓鱼"
"fishing_2","I like fishing.","我喜欢钓鱼。"
"fishing_3","I don't like fishing.","我不喜欢钓鱼。"
"fishing_4","Do you want to go to fishing?","你想去钓鱼吗？"
"exercising","Exercising","锻炼"
"exercising_2","I like exercising.","我喜欢运动。"
"exercising_3","I don't like exercising.","我不喜欢运动。"
"exercising_4","Do you want to exercise with me?","你想和我一起运动吗？"
"tennis","Tennis","网球"
"tennis_2","I like playing tennis.","我喜欢打网球。"
"tennis_3","I don't like playing tennis.","我不喜欢打网球。"
"tennis_4","Do you want to play tennis with me?","你想和我一起打网球吗？"
"animals","Animals","动物"
"cat","Cat","猫"
"cat_2","I like cats.","我喜欢猫。"
"cat_3","I saw a cat.","我看到一只猫。"
"cat_4","What noise does a cat make?","猫会发出什么声音？"
"cat_5","Can we get a cat as pet?","我们可以把猫当宠物吗？"
"dog","Dog","狗"
"dog_2","I like dog.","我喜欢狗。"
"dog_3","I saw a dog.","我看到了一条狗。"
"dog_4","What noise does a dog make?","狗发出什么声音？"
"dog_5","Can we get a dog as pet?","我们可以把狗当宠物吗？"
"fish","Fish","鱼"
"fish_2","I like fish.","我喜欢鱼。"
"fish_3","I saw a fish.","我看到一条鱼。"
"fish_4","What noise does a fish make?","鱼会发出什么声音？"
"fish_5","Can we get a fish as pet?","我们可以把鱼当宠物吗？"
"rabbit","Rabbit","兔子"
"rabbit_2","I like rabbits.","我喜欢兔子。"
"rabbit_3","I saw a rabbit.","我看到了一只兔子。"
"rabbit_4","What noise does a rabbit make?","兔子发出什么声音？"
"rabbit_5","Can we get a rabbit as pet?","我们可以把兔子当宠物吗？"
"butterfly","Butterfly","蝴蝶"
"butterfly_2","I like butterflies.","我喜欢蝴蝶。"
"butterfly_3","I saw a butterfly.","我看见了一只蝴蝶。"
"butterfly_4","What noise does a butterfly make?","蝴蝶发出什么声音？"
"kangaroo","Kangaroo","袋鼠"
"kangaroo_2","I like kangaroos.","我喜欢袋鼠。"
"kangaroo_3","I saw a kangaroo.","我看到了一只袋鼠。"
"kangaroo_4","What noise does a kangaroo make?","袋鼠发出什么声音？"
"turtle","Turtle","龟"
"turtle_2","I like turtles.","我喜欢乌龟。"
"turtle_3","I saw a turtle.","我看到一只乌龟。"
"turtle_4","What noise does a turtle make?","乌龟发出什么声音？"
"giraffe","Giraffe","长颈鹿"
"giraffe_2","I like giraffes.","我喜欢长颈鹿。"
"giraffe_3","I saw a giraffe.","我看见了一只长颈鹿。"
"giraffe_4","What noise does a giraffe make?","长颈鹿发出什么声音？"
"frog","Frog","青蛙"
"frog_2","I like frogs.","我喜欢青蛙。"
"frog_3","I saw a frog.","我看到了一只青蛙。"
"frog_4","What noise does a frog make?","青蛙发出什么声音？"
"swan","Swan","天鹅"
"swan_2","I like swans.","我喜欢天鹅。"
"swan_3","I saw a swan.","我看到了一只天鹅。"
"swan_4","What noise does a swan make?","天鹅发出什么声音？"
"spider","Spider","蜘蛛"
"spider_2","I like spiders.","我喜欢蜘蛛。"
"spider_3","I saw a spider.","我看到了一只蜘蛛。"
"spider_4","What noise does a spider make?","蜘蛛会发出什么声音？"
"cow","Cow","牛"
"cow_2","I like cows.","我喜欢牛。"
"cow_3","I saw a cow.","我看见一头牛。"
"cow_4","What noise does a cow make?","牛发出什么声音？"
"duck","Duck","鸭"
"duck_2","I like ducks.","我喜欢鸭子。"
"duck_3","I saw a duck.","我看见一只鸭子。"
"duck_4","What noise does a duck make?","鸭子发出什么声音？"
"horse","Horse","马"
"horse_2","I like horses.","我喜欢马。"
"horse_3","I saw a horse.","我看见一匹马。"
"horse_4","What noise does a horse make?","一匹马发出什么声音？"
"chicken","Chicken","鸡"
"chicken_2","I like chickens.","我喜欢鸡。"
"chicken_3","I saw a chicken.","我看到了一只鸡。"
"chicken_4","What noise does a chicken make?","鸡发出什么声音？"
"bee","Bee","蜜蜂"
"bee_2","I like bees.","我喜欢蜜蜂。"
"bee_3","I saw a bee.","我看到一只蜜蜂。"
"bee_4","What noise does a bee make?","蜜蜂发出什么声音？"
"pig","Pig","猪"
"pig_2","I like pigs.","我喜欢猪。"
"pig_3","I saw a pig.","我看见一头猪。"
"pig_4","What noise does a pig make?","猪发出什么声音？"
"dove","Dove","鸽子"
"dove_2","I like doves.","我喜欢鸽子。"
"dove_3","I saw a dove.","我看到了一只鸽子。"
"dove_4","What noise does a dove make?","鸽子发出什么声音？"
"crab","Crab","螃蟹"
"crab_2","I like crabs.","我喜欢螃蟹。"
"crab_3","I saw a crab.","我看到了一只螃蟹。"
"crab_4","What noise does a crab make?","螃蟹发出什么声音？"
"penguin","Penguin","企鹅"
"penguin_2","I like penguins.","我喜欢企鹅。"
"penguin_3","I saw a penguin.","我看到了一只企鹅。"
"penguin_4","What noise does a penguin make?","企鹅发出什么声音？"
"elephant","Elephant","象"
"elephant_2","I like elephants.","我喜欢大象。"
"elephant_3","I saw an elephant.","我看到了大象。"
"elephant_4","What noise does an elephant make?","大象发出什么声音？"
"zebra","Zebra","斑马"
"zebra_2","I like zebras.","我喜欢斑马。"
"zebra_3","I saw a zebra.","我看到了斑马。"
"zebra_4","What noise does a zebra make?","斑马发出什么声音？"
"panda","Panda","熊猫"
"panda_2","I like pandas.","我喜欢大熊猫。"
"panda_3","I saw a panda.","我看到了一只熊猫。"
"panda_4","What noise does a panda make?","熊猫会发出什么声音？"
"monkey","Monkey","猴"
"monkey_2","I like monkeys.","我喜欢猴子。"
"monkey_3","I saw a monkey.","我看到了一只猴子。"
"monkey_4","What noise does a monkey make?","猴子发出什么声音？"
"camel","Camel","骆驼"
"camel_2","I like camels.","我喜欢骆驼。"
"camel_3","I saw a camel.","我看到了骆驼。"
"camel_4","What noise does a camel make?","骆驼发出什么声音？"
"mouse","Mouse","老鼠"
"mouse_2","I like mice.","我喜欢老鼠。"
"mouse_3","I saw a mouse.","我看到了一只老鼠。"
"mouse_4","What noise does a mouse make?","鼠标会发出什么声音？"
"tiger","Tiger","虎"
"tiger_2","I like tigers.","我喜欢老虎。"
"tiger_3","I saw a tiger.","我看见了一只老虎。"
"tiger_4","What noise does a tiger make?","老虎发出什么声音？"
"jellyfish","Jellyfish","海蜇"
"jellyfish_2","I like jellyfishes.","我喜欢水母。"
"jellyfish_3","I saw a jellyfish.","我看到了一个水母。"
"jellyfish_4","What noise does a jellyfish make?","水母会发出什么声音？"
"crocodile","Crocodile","鳄鱼"
"crocodile_2","I like crocodiles.","我喜欢鳄鱼。"
"crocodile_3","I saw a crocodile.","我看到了一条鳄鱼。"
"crocodile_4","What noise does a crocodile make?","鳄鱼发出什么声音？"
"koala","Koala","考拉"
"koala_2","I like koalas.","我喜欢考拉。"
"koala_3","I saw a koala.","我看到了一只考拉。"
"koala_4","What noise does a koala make?","考拉发出什么声音？"
"ostrich","Ostrich","鸵鸟"
"ostrich_2","I like ostriches.","我喜欢鸵鸟。"
"ostrich_3","I saw an ostrich.","我看到一只鸵鸟。"
"ostrich_4","What noise does an ostrich make?","鸵鸟会发出什么声音？"
"racoon","Racoon","浣熊"
"racoon_2","I like racoons.","我喜欢浣熊。"
"racoon_3","I saw a racoon.","我看到了一条浣熊。"
"racoon_4","What noise does a racoon make?","浣熊发出什么声音？"
"bat","Bat","蝙蝠"
"bat_2","I like bats.","我喜欢蝙蝠。"
"bat_3","I saw a bat.","我看到了一只蝙蝠。"
"bat_4","What noise does a bat make?","蝙蝠发出什么声音？"
"eagle","Eagle","鹰"
"eagle_2","I like eagles.","我喜欢老鹰。"
"eagle_3","I saw an eagle.","我看到一只鹰。"
"eagle_4","What noise does an eagle make?","鹰发出什么声音？"
"hippopotamus","Hippopotamus","河马"
"hippopotamus_2","I like hippopotamus.","我喜欢河马。"
"hippopotamus_3","I saw a hippopotamus.","我看到了河马。"
"hippopotamus_4","What noise does a hippopotamus make?","河马发出什么声音？"
"seal","Seal","密封"
"seal_2","I like seals.","我喜欢海豹。"
"seal_3","I saw a seal.","我看到了海豹。"
"seal_4","What noise does a seal make?","密封会发出什么声音？"
"walrus","Walrus","海象"
"walrus_2","I like walruses.","我喜欢海象。"
"walrus_3","I saw a walrus.","我看到了海象。"
"walrus_4","What noise does a walrus make?","海象发出什么声音？"
"seahorse","Seahorse","海马"
"seahorse_2","I like seahorses.","我喜欢海马。"
"seahorse_3","I saw a seahorse.","我看到了一只海马。"
"seahorse_4","What noise does a seahorse make?","海马发出什么声音？"
"bull","Bull","公牛"
"bull_2","I like bulls.","我喜欢公牛。"
"bull_3","I saw a bull.","我看到一头公牛。"
"bull_4","What noise does a bull make?","公牛发出什么声音？"
"pelican","Pelican","鹈"
"pelican_2","I like pelicans.","我喜欢鹈鹕。"
"pelican_3","I saw a pelican.","我看到了一只鹈鹕。"
"pelican_4","What noise does a pelican make?","鹈鹕发出什么声音？"
"beaver","Beaver","海狸"
"beaver_2","I like beavers.","我喜欢海狸。"
"beaver_3","I saw a beaver.","我看到了一只海狸。"
"beaver_4","What noise does a beaver make?","海狸发出什么声音？"
"goldfish","Goldfish","金鱼"
"goldfish_2","I like goldfishes.","我喜欢金鱼。"
"goldfish_3","I saw a goldfish.","我看到一条金鱼。"
"goldfish_4","What noise does a goldfish make?","金鱼发出什么声音？"
"goldfish_5","Can we get a goldfish as pet?","我们可以把金鱼当作宠物吗？"
"rhinoceros","Rhinoceros","犀牛"
"rhinoceros_2","I like rhinoceros.","我喜欢犀牛。"
"rhinoceros_3","I saw a rhinoceros.","我看到了犀牛。"
"rhinoceros_4","What noise does a rhinoceros make?","犀牛发出什么声音？"
"snake","Snake","蛇"
"snake_2","I like snakes.","我喜欢蛇。"
"snake_3","I saw a snake.","我看到了一条蛇。"
"snake_4","What noise does a snake make?","蛇发出什么声音？"
"lion","Lion","狮子"
"lion_2","I like lions.","我喜欢狮子。"
"lion_3","I saw a lion.","我看到了一只狮子。"
"lion_4","What noise does a lion make?","狮子发出什么声音？"
"squid","Squid","乌贼"
"squid_2","I like squids.","我喜欢乌贼。"
"squid_3","I saw a squid.","我看到了一个乌贼。"
"squid_4","What noise does a squid make?","鱿鱼发出什么声音？"
"whale","Whale","鲸"
"whale_2","I like whales.","我喜欢鲸鱼。"
"whale_3","I saw a whale.","我看到一条鲸鱼。"
"whale_4","What noise does a whale make?","鲸鱼发出什么声音？"
"beetle","Beetle","甲虫"
"beetle_2","I like beetles.","我喜欢甲虫。"
"beetle_3","I saw a beetle.","我看到了一只甲虫。"
"beetle_4","What noise does a beetle make?","甲虫发出什么声音？"
"dolphin","Dolphin","海豚"
"dolphin_2","I like dolphins.","我喜欢海豚。"
"dolphin_3","I saw a dolphin.","我看到了一只海豚。"
"dolphin_4","What noise does a dolphin make?","海豚发出什么声音？"
"starfish","Starfish","海星"
"starfish_2","I like starfishes.","我喜欢海星。"
"starfish_3","I saw a starfish.","我看到一个海星。"
"starfish_4","What noise does a starfish make?","海星发出什么声音？"
"parakeet","Parakeet","长尾小鹦鹉"
"parakeet_2","I like parakeets.","我喜欢长尾小鹦鹉。"
"parakeet_3","I saw a parakeet.","我看见了一只长尾小鹦鹉。"
"parakeet_4","What noise does a parakeet make?","长尾小鹦鹉发出什么声音？"
"owl","Owl","猫头鹰"
"owl_2","I like owls.","我喜欢猫头鹰。"
"owl_3","I saw an owl.","我看见了一只猫头鹰。"
"owl_4","What noise does an owl make?","猫头鹰会发出什么声音？"
"sheep","Sheep","羊"
"sheep_2","I like sheeps.","我喜欢绵羊。"
"sheep_3","I saw a sheep.","我看到了一只羊。"
"sheep_4","What noise does a sheep make?","绵羊发出什么声音？"
"clothes","Clothes","衣服"
"pants","Pants","裤子"
"pants_2","My pants are dirty.","我的裤子很脏。"
"pants_3","Can you help me wear my pants?","你能帮我穿裤子吗？"
"shirt","Shirt","衬衫"
"shirt_2","My shirt is dirty.","我的衬衫很脏。"
"shirt_3","Can you help me wear my shirt?","你能帮我穿我的衬衫吗？"
"skirt","Skirt","短裙"
"skirt_2","My skirt is dirty.","我的裙子很脏。"
"skirt_3","Can you help me wear my skirt?","你能帮我穿裙子吗？"
"panty","Panty","内裤"
"panty_2","My underwear is dirty.","我的内裤很脏。"
"panty_3","Can you help me wear my panty?","你能帮我穿内裤吗？"
"jacket","Jacket","夹克"
"jacket_2","My jacket is dirty.","我的外套很脏。"
"jacket_3","Can you help me wear my jacket?","你能帮我穿外套吗？"
"tie","Tie","领带"
"tie_2","I like wearing tie.","我喜欢戴领带。"
"tie_3","Can you help me tie my tie?","你能帮我打领带吗？"
"baseball-cap","Baseball cap","棒球帽"
"baseball-cap_2","I like wearing baseball cap.","我喜欢戴棒球帽。"
"baseball-cap_3","Which baseball cap should I wear?","我应该戴哪个棒球帽？"
"dress","Dress","连衣裙"
"dress_2","My dress is dirty.","我的衣服很脏。"
"dress_3","Can you help me wear my dress?","你能帮我穿我的衣服吗？"
"shoes","Shoes","鞋类"
"shoes_2","My shoes are dirty.","我的鞋子很脏。"
"shoes_3","Can you help me wear my shoes?","你能帮我穿鞋吗？"
"boots","Boots","靴子"
"boots_2","My boots are dirty.","我的靴子脏了。"
"boots_3","Can you help me wear my boots?","你能帮我穿我的靴子吗？"
"sneakers","Sneakers","球鞋"
"sneakers_2","I want to wear my sneakers.","我想穿我的运动鞋。"
"sneakers_3","Can you help me wear my sneakers?","你能帮我穿运动鞋吗？"
"slippers","Slippers","拖鞋"
"slippers_2","I want to wear my slippers.","我想穿拖鞋。"
"slippers_3","Can you help me wear my slippers?","你能帮我穿拖鞋吗？"
"belt","Belt","带"
"belt_2","I like wearing belt.","我喜欢戴皮带。"
"belt_3","Can you help me wear my belt?","你能帮我系好皮带吗？"
"socks","Socks","袜子"
"socks_2","My socks are dirty.","我的袜子很脏。"
"socks_3","Can you help me wear my socks?","你能帮我穿袜子吗？"
"swimsuit","Swimsuit","泳装"
"swimsuit_2","I want to wear my swimsuit.","我想穿泳衣。"
"swimsuit_3","Can you help me wear my swimsuit?","你能帮我穿泳衣吗？"
"sweater","Sweater","毛衣"
"sweater_2","My sweater is dirty.","我的毛衣很脏。"
"sweater_3","Can you help me wear my sweater?","你能帮我穿毛衣吗？"
"scarf","Scarf","围巾"
"scarf_2","I like wearing scarf.","我喜欢戴围巾。"
"scarf_3","Can you help me wear my scarf?","你能帮我戴围巾吗？"
"denim-shorts","Denim shorts","牛仔短裤"
"denim-shorts_2","My denim shorts are dirty.","我的牛仔短裤很脏。"
"denim-shorts_3","Can you help me wear my denim shorts?","你能帮我穿牛仔短裤吗？"
"hoodies","Hoodies","连帽衫"
"hoodies_2","I like wearing hoodies.","我喜欢穿连帽衫。"
"hoodies_3","Can you help me wear my hoodie?","你能帮我穿连帽衫吗？"
"swimming-shorts","Swimming shorts","游泳短裤"
"swimming-shorts_2","My swimming shorts are dirty.","我的泳裤很脏。"
"swimming-shorts_3","Can you help me wear my swimming shorts?","你能帮我穿游泳短裤吗？"
"bow-tie","Bow tie","领结"
"bow-tie_2","I like wearing bow tie.","我喜欢戴领结。"
"bow-tie_3","Can you help me wear my bow tie?","你能帮我戴领结吗？"
"leather-jacket","Leather jacket","皮夹克"
"leather-jacket_2","I like wearing leather jacket.","我喜欢穿皮夹克。"
"leather-jacket_3","Can you help me wear my leather jacket?","你能帮我穿皮夹克吗？"
"bathrobe","Bathrobe","浴衣"
"bathrobe_2","I like wearing bathrobe.","我喜欢穿浴袍。"
"bathrobe_3","Can you help me wear my bathrobe?","你能帮我穿浴袍吗？"
"jumpsuit","Jumpsuit","连身裤"
"jumpsuit_2","I like wearing jumpsuit.","我喜欢穿连身裤。"
"jumpsuit_3","Can you help me wear my jumpsuit?","你能帮我穿连身裤吗？"
"fedora-hat","Fedora hat","软呢帽"
"fedora-hat_2","I like wearing fedora hat.","我喜欢戴软呢帽。"
"fedora-hat_3","Can you help me wear my fedora hat?","你能帮我戴上我的软呢帽吗？"
"t-shirt","T-shirt","T恤衫"
"t-shirt_2","I like wearing t-shirt.","我喜欢穿T恤。"
"t-shirt_3","Can you help me wear my t-shirt?","你能帮我穿我的T恤吗？"
"sleeveless","Sleeveless","无袖"
"sleeveless_2","I like wearing sleeveless.","我喜欢穿无袖。"
"sleeveless_3","Can you help me wear my sleeveless?","你能帮我穿我的无袖吗？"
"boxers","Boxers","义和团"
"boxers_2","I like wearing boxers.","我喜欢穿拳击手。"
"boxers_3","Can you help me wear my boxers?","你能帮我穿上我的拳击手吗？"
"vest","Vest","背心"
"vest_2","I like wearing vest.","我喜欢穿背心。"
"vest_3","Can you help me wear my vest?","你能帮我穿我的背心吗？"
"pamela-hat","Pamela hat","帕梅拉帽子"
"pamela-hat_2","I like wearing pamela hat.","我喜欢戴帕梅拉帽子。"
"pamela-hat_3","Can you help me wear my pamela hat?","你能帮我戴上我的帕梅拉帽子吗？"
"high-heels","High heels","高跟鞋"
"high-heels_2","I like wearing high heels.","我喜欢穿高跟鞋。"
"high-heels_3","Can you help me wear my high heels?","你能帮我穿高跟鞋吗？"
"overalls","Overalls","工装裤"
"overalls_2","I like wearing overalls.","我喜欢穿工作服。"
"overalls_3","Can you help me wear my overalls?","你能帮我穿工作服吗？"
"kimono","Kimono","和服"
"kimono_2","I like wearing kimono.","我喜欢穿和服。"
"kimono_3","Can you help me wear my kimono?","你能帮我穿和服吗？"
"raincoat","Raincoat","雨衣"
"raincoat_2","I like wearing raincoat.","我喜欢穿雨衣。"
"raincoat_3","Can you help me wear my raincoat?","你能帮我穿雨衣吗？"
"bandana","Bandana","头巾"
"bandana_2","I like wearing bandana.","我喜欢戴头巾。"
"bandana_3","Can you help me wear my bandana?","你能帮我戴头巾吗？"
"beret","Beret","贝雷帽"
"beret_2","I like wearing beret.","我喜欢戴贝雷帽。"
"beret_3","Can you help me wear my beret?","你能帮我戴贝雷帽吗？"
"knit-hat","Knit hat","针织帽"
"knit-hat_2","I like wearing knit hat.","我喜欢戴针织帽。"
"knit-hat_3","Can you help me wear my knit hat?","你能帮我戴上针织帽吗？"
"suspenders","Suspenders","吊带"
"suspenders_2","I like wearing suspenders.","我喜欢穿吊带裤。"
"suspenders_3","Can you help me wear my suspenders?","你能帮我穿我的吊带裤吗？"
"mitten","Mitten","手套"
"mitten_2","I like wearing mitten.","我喜欢戴手套。"
"mitten_3","Can you help me wear my mitten?","你能帮我戴手套吗？"
"suit","Suit","适合"
"suit_2","I like wearing suit.","我喜欢穿西装。"
"suit_3","Can you help me wear my suit?","你能帮我穿西服吗？"
"coat","Coat","涂层"
"coat_2","I like wearing coat.","我喜欢穿外套。"
"coat_3","Can you help me wear my coat?","你能帮我穿外套吗？"
"trench-coat","Trench coat","风衣"
"trench-coat_2","I like wearing trench coat.","我喜欢穿风衣。"
"trench-coat_3","Can you help me wear my trench coat?","你能帮我穿风衣吗？"
"colors","Colors","色彩"
"crayons","Crayons","蜡笔"
"crayons_2","I like crayons.","我喜欢蜡笔。"
"crayons_3","Can you give me crayons?","你能给我蜡笔吗？"
"crayons_4","I want to draw using my crayons.","我想用蜡笔画画。"
"red","Red","红色"
"red_2","It is red.","它是红色的。"
"red_3","My favorite color is red.","我最喜欢的颜色是红色。"
"red_4","Can you give me red paint?","你能给我红色油漆吗？"
"blue","Blue","蓝色"
"blue_2","It is blue.","它是蓝色的。"
"blue_3","My favorite color is blue.","我最喜欢的颜色是蓝色的。"
"blue_4","Can you give me blue paint?","你能给我蓝色的油漆吗？"
"orange","Orange","橙子"
"orange_2","It is orange color.","它是橙色的。"
"orange_3","My favorite color is orange.","我最喜欢的颜色是橙色。"
"orange_4","Can you give me orange paint?","你能给我橙色油漆吗？"
"green","Green","绿色"
"green_2","It is green.","它是绿色的。"
"green_3","My favorite color is green.","我最喜欢的颜色是绿色。"
"green_4","Can you give me green paint?","你能给我绿色油漆吗？"
"yellow","Yellow","黄色"
"yellow_2","It is yellow.","它是黄色的。"
"yellow_3","My favorite color is yellow.","我最喜欢的颜色是黄色。"
"yellow_4","Can you give me yellow paint?","你能给我黄色油漆吗？"
"purple","Purple","紫色"
"purple_2","It is purple.","它是紫色的。"
"purple_3","My favorite color is purple.","我最喜欢的颜色是紫色。"
"purple_4","Can you give me purple paint?","你能给我紫色油漆吗？"
"pink","Pink","粉"
"pink_2","It is pink.","它是粉红色的。"
"pink_3","My favorite color is pink.","我最喜欢的颜色是粉色。"
"pink_4","Can you give me pink paint?","你能给我粉红色的油漆吗？"
"brown","Brown","棕色"
"brown_2","It is brown.","它是棕色的。"
"brown_3","My favorite color is brown.","我最喜欢的颜色是棕色。"
"brown_4","Can you give me brown paint?","你能给我棕色油漆吗？"
"black","Black","黑色"
"black_2","It is black.","它是黑色的。"
"black_3","My favorite color is black.","我最喜欢的颜色是黑色。"
"black_4","Can you give me black paint?","你能给我黑漆吗？"
"white","White","白色"
"white_2","It is white.","它是白色的。"
"white_3","My favorite color is white.","我最喜欢的颜色是白色。"
"white_4","Can you give me white paint?","你能给我白色油漆吗？"
"gray","Gray","灰色"
"gray_2","It is gray.","它是灰色的。"
"gray_3","My favorite color is gray.","我最喜欢的颜色是灰色。"
"gray_4","Can you give me gray paint?","你能给我灰色油漆吗？"
"transparent","Transparent","透明"
"transparent_2","It is transparent.","它是透明的。"
"transparent_3","I can see behind transparent color.","我可以看到透明的颜色。"
"transparent_4","Can you help me erase?","你能帮我擦除吗？"
"cyan","Cyan","青色"
"cyan_2","It is cyan.","它是青色的。"
"cyan_3","My favorite color is cyan.","我最喜欢的颜色是青色。"
"cyan_4","Can you give me cyan paint?","能给我青色的油漆吗？"
"violet","Violet","紫色"
"violet_2","It is violet.","它是紫色的。"
"violet_3","My favorite color is violet.","我最喜欢的颜色是紫色。"
"violet_4","Can you give me violet paint?","你能给我紫色油漆吗？"
"turquoise","Turquoise","绿松石"
"turquoise_2","It is turquoise.","是青绿色。"
"turquoise_3","My favorite color is turquoise.","我最喜欢的颜色是青绿色。"
"turquoise_4","Can you give me turquoise paint?","你能给我绿松石漆吗？"
"lime","Lime","酸橙"
"lime_2","It is lime.","是石灰。"
"lime_3","My favorite color is lime.","我最喜欢的颜色是石灰。"
"lime_4","Can you give me lime paint?","你能给我石灰漆吗？"
"plum","Plum","李子"
"plum_2","It is plum.","是李子。"
"plum_3","My favorite color is plum.","我最喜欢的颜色是李子。"
"plum_4","Can you give me plum paint?","你能给我梅花油漆吗？"
"tan","Tan","黄褐色"
"tan_2","It is tan color.","它是棕褐色。"
"tan_3","My favorite color is tan color.","我最喜欢的颜色是棕褐色。"
"tan_4","Can you give me tan color paint?","你能给我棕褐色的油漆吗？"
"avocado","Avocado","鳄梨"
"avocado_2","It is avocado color.","它是鳄梨色。"
"avocado_3","My favorite color is avocado color.","我最喜欢的颜色是鳄梨色。"
"avocado_4","Can you give me avocado color paint?","可以给我鳄梨色漆吗？"
"barbie-pink","Barbie pink","芭比娃娃pink"
"barbie-pink_2","It is barbie pink color.","它是芭比粉红色。"
"barbie-pink_3","My favorite color is barbie pink.","我最喜欢的颜色是芭比粉红色。"
"barbie-pink_4","Can you give me barbie pink paint?","你能给我芭比粉红色的油漆吗？"
"blizzard-blue","Blizzard blue","暴风雪蓝"
"blizzard-blue_2","It is blizzard blue color.","它是暴风雪蓝色。"
"blizzard-blue_3","My favorite color is blizzard blue color.","我最喜欢的颜色是暴风雪蓝色。"
"blizzard-blue_4","Can you give me blizzard blue paint?","你能给我暴风雪蓝色的油漆吗？"
"conversation","Conversation","会话"
"me","Me","我"
"me_2","My name is {name}","我叫{name}"
"me_3","I'm {name}","我是{name}"
"me_4","Do you know my name?","你知道我的名字吗？"
"me_5","What is your name?","你叫什么名字？"
"me_6","Nice to meet you!","很高兴见到你！"
"me_7","Do you like me?","你喜欢我吗？"
"me_8","Can we be friends?","我们能成为朋友吗？"
"me_9","I'm using assistive communication app.","我正在使用辅助通信应用程序。"
"me_10","Who are you?","你是谁？"
"hello","Hello","你好"
"hello_2","Hello.","你好。"
"hello_3","Hi.","你好"
"hello_4","Greetings.","问候。"
"hello_5","How are you?","你好吗？"
"hello_6","Nice to meet you!","很高兴见到你！"
"help","Help","帮帮我"
"help_2","Help me.","帮我。"
"help_3","Can you help me?","你能帮助我吗？"
"help_4","I need help","我需要帮助"
"help_5","Do you need help?","你需要帮助吗？"
"yes","Yes","是"
"yes_2","Yes.","是。"
"yes_3","Yes please.","是的，请。"
"yes_4","Alright.","好的。"
"yes_5","Agreed.","同意"
"yes_6","I want to.","我想要。"
"yes_7","I would like to.","我想要。"
"no","No","没有"
"no_2","No.","没有。"
"no_3","Nope.","不。"
"no_4","Never.","决不。"
"no_5","I don't want to.","我不想"
"no_6","I don't like it.","我不喜欢"
"no_7","You don't like it?","你不喜欢吗"
"no_8","Why you don't like it?","你为什么不喜欢它？"
"toilet","Toilet","厕所"
"toilet_2","I need to go to the toilet.","我需要去厕所。"
"toilet_3","I need to pee.","我需要撒尿。"
"toilet_4","I need to poop.","我需要大便"
"toilet_5","Can you help me go to the toilet?","你能帮我上厕所吗？"
"toilet_6","Can you help me clean?","你能帮我打扫吗？"
"toilet_7","I peed myself.","我撒尿"
"toilet_8","I pooped myself.","我大便了"
"what","What","什么"
"what_2","What is that?","那是什么？"
"what_3","What does it mean?","这是什么意思？"
"what_4","What do you mean?","你什么意思？"
"what_5","Can you explain it?","你能解释一下吗？"
"what_6","Can you repeat what you said?","你能再说一次吗？"
"what_7","I don't understand.","我不明白"
"sleep","Sleep","睡觉"
"sleep_2","I want to sleep.","我想睡觉。"
"sleep_3","I don't want to sleep.","我不想睡觉"
"sleep_4","I'm tired.","我累了。"
"sleep_5","Are you tired?","你累了吗？"
"sleep_6","When am I going to sleep?","我什么时候睡觉？"
"sleep_7","I want to take a nap.","我想睡个午觉。"
"bath","Bath","浴"
"bath_2","I want to take a bath.","我想洗个澡。"
"bath_3","I like taking a bath.","我喜欢洗澡。"
"bath_4","I want to wash my hands.","我要洗手。"
"bath_5","I want to take a shower.","我想去冲个澡。"
"bath_6","I want to clean myself.","我要打扫自己。"
"bath_7","Can you help me take a bath?","你能帮我洗个澡吗？"
"bath_8","I don't want to take a bath.","我不想洗澡。"
"listen","Listen","听"
"listen_2","Listen to me.","听我说。"
"listen_3","Can you listen to me?","你能听我说话吗？"
"listen_4","Listen to music.","听音乐。"
"listen_5","Listening to my parents.","听我的父母。"
"listen_6","Listen to what my application is saying!","听我的应用程序在说什么！"
"morning","Morning","早上"
"morning_2","Good morning.","早上好。"
"morning_3","I like mornings.","我喜欢早晨。"
"morning_4","In the morning.","在早上。"
"morning_5","Morning time.","上午的时间。"
"morning_6","Is it morning?","是早上吗"
"night","Night","晚"
"night_2","Good night!","晚安！"
"night_3","I like nights.","我喜欢夜晚。"
"night_4","At night.","在晚上。"
"night_5","Night time.","晚上的时间。"
"night_6","Is it night?","是晚上吗？"
"look","Look","看"
"look_2","Look at me.","看着我。"
"look_3","Look at this.","看这个。"
"look_4","Are you looking?","你是不是在寻找？"
"look_5","Look at my drawing.","看我的画。"
"look_6","How do I look?","我看起来怎么样？"
"look_7","Look what I did.","看看我做了什么。"
"look_8","Let's look at that.","让我们看看。"
"speak","Speak","说话"
"speak_2","I'm learning how to speak.","我正在学习怎么说。"
"speak_3","I want to speak.","我想说话。"
"speak_4","Can I speak with you?","我可以和你说话吗？"
"speak_5","I like speaking.","我喜欢说话。"
"speak_6","I'm using assistive communication app.","我正在使用辅助通信应用程序。"
"play","Play","玩"
"play_2","I love playing.","我喜欢玩。"
"play_3","Can you play with me?","你能和我一起玩吗？"
"play_4","I want to play with you!","我想和你一起玩！"
"play_5","I want to play with my friends.","我想和我的朋友一起玩。"
"play_6","I don't want to play with you.","我不想和你一起玩。"
"outside","Outside","外"
"outside_2","I love going outside.","我喜欢出门。"
"outside_3","I want to go outside.","我要出去"
"outside_4","Is it cold outside?","外面很冷？"
"outside_5","I don't like outside.","我不喜欢外面"
"outside_6","Can I go outside?","我可以出去吗"
"home","Home","家"
"home_2","I love my home.","我爱我的家。"
"home_3","I want to go home.","我想回家。"
"home_4","Where is your home?","你家在哪里？"
"home_5","Home sweet home.","家，甜蜜的家。"
"home_6","I'm in the house.","我在屋子里"
"home_7","I'm not in the house.","我不在屋子里"
"hurt","Hurt","伤害"
"hurt_2","I'm hurt.","我很伤心。"
"hurt_3","Are you hurt?","你受伤了吗？"
"hurt_4","Did I hurt you?","我伤害到你了吗？"
"hurt_5","I didn't mean to hurt you!","我不是故意要伤害你的！"
"hurt_6","Is it going to hurt?","会疼吗？"
"hurt_7","I have a headache.","我头疼。"
"hurt_8","I have a stomach ache.","我肚子疼。"
"hurt_9","My genitals hurt.","我的生殖器受伤了。"
"hurt_10","My foot hurts.","我的脚好痛。"
"feelings","Feelings","情怀"
"happy","Happy","快乐"
"happy_2","I'm happy.","我很高兴。"
"happy_3","I feel happy.","我感到开心。"
"happy_4","Do you feel happy?","你开心吗"
"happy_5","I want to feel happy.","我想开心。"
"happy_6","You are making me happy.","你让我开心。"
"sad","Sad","伤心"
"sad_2","I'm sad.","我伤心。"
"sad_3","I feel sad.","我很难过。"
"sad_4","Do you feel sad?","你会难过吗"
"sad_5","I don't want to feel sad.","我不想伤心"
"sad_6","You are making me sad.","你让我难过。"
"exhausted","Exhausted","累"
"exhausted_2","I'm exhausted.","我精疲力尽了。"
"exhausted_3","I feel exhausted.","我好累"
"exhausted_4","Do you feel exhausted?","你感到精疲力尽吗？"
"exhausted_5","I don't want to be exhausted.","我不想精疲力尽。"
"relaxed","Relaxed","轻松"
"relaxed_2","I'm relaxed.","我很放松。"
"relaxed_3","I feel relaxed.","我很放松"
"relaxed_4","Do you feel relaxed?","你感到放松吗？"
"relaxed_5","I want to feel relaxed.","我想放松一下。"
"in-love","In love","恋爱"
"in-love_2","I'm in love.","我恋爱了。"
"in-love_3","I feel in love.","我感到爱。"
"in-love_4","Are you in love?","你在恋爱吗？"
"in-love_5","I want to fall in love.","我想谈恋爱。"
"in-love_6","Do you love me?","你爱我吗？"
"stressed","Stressed","强调"
"stressed_2","I'm stressed.","我很紧张。"
"stressed_3","I feel stressed.","我感到压力很大。"
"stressed_4","Do you feel stressed?","你有压力吗？"
"stressed_5","I don't want to feel stressed.","我不想感到压力。"
"thankful","Thankful","感激不尽"
"thankful_2","I'm thankful.","我很感激。"
"thankful_3","I feel thankful.","我很感激"
"thankful_4","Do you feel thankful?","你感到感恩吗？"
"thankful_5","I want to feel thankful.","我要感到感激。"
"confused","Confused","困惑"
"confused_2","I'm confused.","我糊涂了。"
"confused_3","I feel confused.","我感到困惑。"
"confused_4","Do you feel confused?","你感到困惑吗？"
"confused_5","You are confusing me.","你让我很烦。"
"joyful","Joyful","快乐"
"joyful_2","I'm joyful.","我很高兴"
"joyful_3","I feel joyful.","我感到很高兴。"
"joyful_4","Do you feel joyful?","你感到快乐吗？"
"joyful_5","I want to feel joyful.","我想感到快乐。"
"angry","Angry","愤怒"
"angry_2","I'm angry.","我生气。"
"angry_3","I feel angry.","我很生气。"
"angry_4","Do you feel angry?","你生气吗"
"angry_5","I'm angry at you.","我生你的气"
"angry_6","You are making me angry.","你让我生气。"
"smart","Smart","聪明"
"smart_2","I'm smart.","我很聪明。"
"smart_3","I feel smart.","我很聪明"
"smart_4","Do you feel smart?","你觉得聪明吗？"
"smart_5","Am I smart?","我聪明吗？"
"smart_6","You are smart!","你很聪明！"
"afraid","Afraid","害怕"
"afraid_2","I'm afraid.","我耽心。"
"afraid_3","I feel afraid.","我很害怕"
"afraid_4","Do you feel afraid?","你感到害怕吗？"
"afraid_5","I don't want to feel afraid.","我不想害怕。"
"afraid_6","You are scaring me.","你吓到我了"
"ashamed","Ashamed","羞愧"
"ashamed_2","I'm ashamed.","我很惭愧。"
"ashamed_3","I feel ashamed.","我感到惭愧。"
"ashamed_4","Do you feel ashamed?","你感到羞耻吗？"
"ashamed_5","I don't want to feel ashamed.","我不想感到羞耻。"
"shocked","Shocked","震惊了"
"shocked_2","I'm shocked.","我感到震惊。"
"shocked_3","I feel shocked.","我感到震惊。"
"shocked_4","Do you feel shocked?","你感到震惊吗？"
"shocked_5","You shocked me.","吓死我了"
"sick","Sick","生病"
"sick_2","I'm sick.","我病了。"
"sick_3","I feel sick.","我觉得恶心。"
"sick_4","Do you feel sick?","你觉得不舒服吗？"
"sick_5","I don't want to be sick.","我不想生病"
"sick_6","I'm sick of the food.","我厌倦了食物。"
"frustrated","Frustrated","沮丧的"
"frustrated_2","I'm frustrated.","我很沮丧。"
"frustrated_3","I feel frustrated.","我感到沮丧。"
"frustrated_4","Do you feel frustrated?","你感到沮丧吗？"
"frustrated_5","I don't want to feel frustrated.","我不想感到沮丧。"
"excited","Excited","激动的"
"excited_2","I'm excited.","我很兴奋。"
"excited_3","I feel excited.","我觉得很兴奋。"
"excited_4","Do you feel excited?","你感到兴奋吗？"
"excited_5","I don't want to feel excited.","我不想感到兴奋。"
"nauseated","Nauseated","恶心的"
"nauseated_2","I'm nauseated.","我好恶心。"
"nauseated_3","I feel nauseated.","我感到恶心。"
"nauseated_4","Do you feel nauseated?","你感到恶心吗？"
"nauseated_5","I don't want to feel nauseated.","我不想感到恶心。"
"agitated","Agitated","激动"
"agitated_2","I'm agitated.","我很激动"
"agitated_3","I feel agitated.","我感到不安。"
"agitated_4","Do you feel agitated?","你感到烦躁吗？"
"agitated_5","I don't want to feel agitated.","我不想感到烦躁。"
"food","Food","餐饮"
"hungry","Hungry","饥饿"
"hungry_2","I'm hungry.","我饿了。"
"hungry_3","Are you hungry?","你饿了吗？"
"hungry_4","Can you make me food?","你能给我做饭吗？"
"hungry_5","What is for dinner?","晚饭吃什么？"
"thirsty","Thirsty","渴"
"thirsty_2","I'm thirsty.","我口渴。"
"thirsty_3","Can I have some water?","我可以要些水吗？"
"thirsty_4","Can I have a glass of water?","可以给我一杯水吗？"
"thirsty_5","I want something to drink.","我要喝点东西。"
"cutlery","Cutlery","刀具"
"cutlery_2","I need cutlery.","我需要餐具。"
"cutlery_3","Help me use cutlery.","帮我用餐具。"
"cutlery_4","I need a fork.","我需要叉子。"
"cutlery_5","I need a spoon.","我需要汤匙。"
"cutlery_6","I need chopsticks.","我需要筷子。"
"cutlery_7","I need a knife.","我需要一把刀。"
"cutlery_8","I need a napkin.","我需要餐巾纸。"
"apple","Apple","苹果"
"apple_2","I like apple.","我喜欢苹果。"
"apple_3","I don't like apple.","我不喜欢苹果。"
"apple_4","I want to eat an apple.","我想吃一个苹果。"
"carrot","Carrot","胡萝卜"
"carrot_2","I like carrot.","我喜欢胡萝卜。"
"carrot_3","I don't like carrot.","我不喜欢胡萝卜。"
"carrot_4","I want to eat a carrot.","我想吃胡萝卜。"
"beans","Beans","豆子"
"beans_2","I like beans.","我喜欢豆子。"
"beans_3","I don't like beans.","我不喜欢豆子。"
"beans_4","I want to eat beans.","我要吃豆子。"
"chicken_5","I want fried chicken.","我要炸鸡。"
"chicken_6","I want boiled chicken.","我要煮鸡。"
"chocolate","Chocolate","巧克力"
"chocolate_2","I like chocolate.","我喜欢巧克力。"
"chocolate_3","I don't like chocolate.","我不喜欢巧克力。"
"chocolate_4","I want to eat chocolate.","我想吃巧克力。"
"chocolate_5","I want dark chocolate.","我要黑巧克力。"
"chocolate_6","I want white chocolate.","我要白巧克力。"
"milk","Milk","牛奶"
"milk_2","I like milk.","我喜欢牛奶。"
"milk_3","I don't like milk.","我不喜欢牛奶。"
"milk_4","I want to drink milk.","我想喝牛奶。"
"milk_5","Can I have a glass of milk?","我可以喝一杯牛奶吗？"
"sandwich","Sandwich","三明治"
"sandwich_2","I like sandwich.","我喜欢三明治。"
"sandwich_3","I don't like sandwich.","我不喜欢三明治。"
"sandwich_4","I want to eat a sandwich.","我想吃一个三明治。"
"sandwich_5","Can you make me a sandwich?","你能给我做一个三明治吗？"
"steak","Steak","牛扒"
"steak_2","I like steak.","我喜欢牛排。"
"steak_3","I don't like steak.","我不喜欢牛排。"
"steak_4","I want to eat steak.","我想吃牛排。"
"steak_5","Can you cook steak for me?","你能帮我煮牛排吗？"
"banana","Banana","香蕉"
"banana_2","I like banana.","我喜欢香蕉。"
"banana_3","I don't like banana.","我不喜欢香蕉。"
"banana_4","I want to eat a banana.","我想吃一根香蕉。"
"pie","Pie","馅饼"
"pie_2","I like pie.","我喜欢派。"
"pie_3","I don't like pie.","我不喜欢馅饼。"
"pie_4","I want to eat pie.","我想吃馅饼。"
"pie_5","Can you bake a pie for me?","你能帮我烤馅饼吗？"
"egg","Egg","蛋"
"egg_2","I like egg.","我喜欢鸡蛋。"
"egg_3","I don't like egg.","我不喜欢鸡蛋。"
"egg_4","I want to eat egg.","我想吃鸡蛋。"
"egg_5","I want fried eggs.","我要煎鸡蛋。"
"egg_6","I want boiled eggs.","我要煮鸡蛋。"
"noodles","Noodles","面条"
"noodles_2","I like noodles.","我喜欢面条。"
"noodles_3","I don't like noodles.","我不喜欢面条。"
"noodles_4","I want to eat noodles.","我想吃面条。"
"noodles_5","Can you cook noodles for me?","你能帮我煮面条吗？"
"salt","Salt","盐"
"salt_2","I want salt.","我要盐。"
"salt_3","Can you pass me the salt?","你可以把盐递给我吗？"
"salt_4","Food is too salty.","食物太咸。"
"salt_5","My food needs some salt.","我的食物需要一些盐。"
"spices","Spices","香料"
"spices_2","I like spicy food.","我喜欢辛辣的食物。"
"spices_3","I don't like spicy food.","我不喜欢辛辣的食物。"
"spices_4","I want paprika.","我要辣椒粉。"
"spices_5","I want black pepper.","我要黑胡椒。"
"pizza","Pizza","比萨"
"pizza_2","I like pizza.","我喜欢披萨。"
"pizza_3","I don't like pizza.","我不喜欢披萨。"
"pizza_4","I want to eat pizza.","我想吃披萨。"
"pizza_5","Can you cook pizza for me?","你能帮我煮比萨吗？"
"pizza_6","Can we order pizza?","我们可以点比萨吗？"
"cheese","Cheese","起司"
"cheese_2","I like cheese.","我喜欢奶酪。"
"cheese_3","I don't like cheese.","我不喜欢奶酪。"
"cheese_4","I want to eat cheese.","我想吃奶酪。"
"ice-cream","Ice cream","冰淇淋"
"ice-cream_2","I like ice cream.","我喜欢冰淇淋。"
"ice-cream_3","I don't like ice cream.","我不喜欢冰淇淋。"
"ice-cream_4","I want to eat ice cream.","我想吃冰淇淋。"
"ice-cream_5","Can you buy ice cream for me?","你能给我买冰淇淋吗？"
"tea","Tea","茶"
"tea_2","I like tea.","我喜欢茶。"
"tea_3","I don't like tea.","我不喜欢喝茶"
"tea_4","I want to drink tea.","我要喝茶。"
"tea_5","Can you make tea for me?","你可以帮我泡茶吗？"
"coffee","Coffee","咖啡"
"coffee_2","I like coffee.","我喜欢咖啡。"
"coffee_3","I don't like coffee.","我不喜欢咖啡。"
"coffee_4","I want to drink coffee.","我想喝咖啡。"
"coffee_5","Can you make coffee for me?","你能帮我煮咖啡吗？"
"tomato","Tomato","番茄"
"tomato_2","I like tomato.","我喜欢番茄。"
"tomato_3","I don't like tomato.","我不喜欢番茄。"
"tomato_4","I want to eat tomato.","我想吃番茄。"
"cereal","Cereal","谷类"
"cereal_2","I like cereal.","我喜欢谷物。"
"cereal_3","I don't like cereal.","我不喜欢麦片。"
"cereal_4","I want to eat cereal.","我想吃麦片。"
"cereal_5","Can you make my cereal?","你能做我的麦片吗？"
"burger","Burger","汉堡包"
"burger_2","I like burger.","我喜欢汉堡。"
"burger_3","I don't like burger.","我不喜欢汉堡。"
"burger_4","I want to eat burger.","我想吃汉堡。"
"burger_5","Can you cook burger for me?","你能帮我煮汉堡吗？"
"burger_6","Can we order burger?","我们可以点汉堡吗？"
"french-fries","French fries","炸薯条"
"french-fries_2","I like french fries.","我喜欢炸薯条。"
"french-fries_3","I don't like french fries.","我不喜欢炸薯条。"
"french-fries_4","I want to eat french fries.","我想吃炸薯条。"
"french-fries_5","Can you cook french fries for me?","你能帮我煮薯条吗？"
"french-fries_6","Can we order french fries?","我们可以点炸薯条吗？"
"spinach","Spinach","菠菜"
"spinach_2","I like spinach.","我喜欢菠菜。"
"spinach_3","I don't like spinach.","我不喜欢菠菜。"
"spinach_4","I want to eat spinach.","我想吃菠菜。"
"rice","Rice","白饭"
"rice_2","I like rice.","我喜欢米饭。"
"rice_3","I don't like rice.","我不喜欢米饭。"
"rice_4","I want to eat rice.","我要吃米饭。"
"rice_5","Can you cook rice for me?","你能帮我煮饭吗？"
"bread","Bread","面包"
"bread_2","I like bread.","我喜欢面包。"
"bread_3","I don't like bread.","我不喜欢面包。"
"bread_4","I want to eat bread.","我想吃面包。"
"bread_5","Can you buy some bread?","你能买些面包吗？"
"pasta","Pasta","意大利面"
"pasta_2","I like pasta.","我喜欢意大利面。"
"pasta_3","I don't like pasta.","我不喜欢意大利面。"
"pasta_4","I want to eat pasta.","我想吃意大利面。"
"pasta_5","Can you cook pasta for me?","你可以帮我煮意大利面吗？"
"sauce","Sauce","酱"
"sauce_2","I like sauce.","我喜欢酱。"
"sauce_3","I don't like sauce.","我不喜欢酱油。"
"sauce_4","I want some sauce.","我要一些酱。"
"sauce_5","Can I have ketchup?","我可以吃番茄酱吗？"
"sauce_6","Can I have mayonnaise?","我可以吃蛋黄酱吗？"
"sauce_7","Can I have mustard?","我可以吃芥末酱吗？"
"sauce_8","Can I have ranch sauce?","我可以吃牧场酱吗？"
"kebab","Kebab","烤肉串"
"kebab_2","I like kebab.","我喜欢烤肉串。"
"kebab_3","I don't like kebab.","我不喜欢烤肉串。"
"kebab_4","I want to eat kebab.","我想吃烤肉串。"
"kebab_5","Can you cook kebab for me?","你能帮我煮羊肉串吗？"
"kebab_6","Can we order kebab?","我们可以点烤肉串吗？"
"numbers","Numbers","号码"
"one","One","一"
"one_2","One comes before two.","一先于二。"
"one_3","One comes after zero.","一在零之后。"
"one_4","I want one.","我要一个。"
"two","Two","二"
"two_2","Two comes before three.","两个先于三个。"
"two_3","Two comes after one.","一接二。"
"two_4","I want two.","我要两个。"
"three","Three","三"
"three_2","Three comes before four.","三比四先。"
"three_3","Three comes after two.","三后两。"
"three_4","I want three.","我要三个。"
"four","Four","四个"
"four_2","Four comes before five.","四在五之前。"
"four_3","Four comes after three.","四在三之后。"
"four_4","I want four.","我要四个。"
"five","Five","五"
"five_2","Five comes before six.","五在六之前。"
"five_3","Five comes after four.","五到四。"
"five_4","I want five.","我要五个。"
"six","Six","六"
"six_2","Six comes before seven.","六比七先。"
"six_3","Six comes after five.","五点之后六点。"
"six_4","I want fix.","我要修复。"
"seven","Seven","七"
"seven_2","Seven comes before eight.","七在八之前。"
"seven_3","Seven comes after six.","七点之后六点。"
"seven_4","I want seven.","我要七点。"
"eight","Eight","八"
"eight_2","Eight comes before nine.","八比九大。"
"eight_3","Eight comes after seven.","八在七之后。"
"eight_4","I want eight.","我要八点。"
"nine","Nine","九"
"nine_2","Nine comes before ten.","九比十大。"
"nine_3","Nine comes after eight.","九点八点之后。"
"nine_4","I want nine.","我要九点。"
"ten","Ten","十"
"ten_2","Ten comes before eleven.","十在十一之前。"
"ten_3","Ten comes after nine.","十在九之后。"
"ten_4","I want ten.","我要十个。"
"eleven","Eleven","十一"
"eleven_2","Eleven comes before thirteen.","十三岁之前排在十一位。"
"eleven_3","Eleven comes after ten.","十点之后有十一点。"
"eleven_4","I want eleven.","我要十一点。"
"twenty","Twenty","二十"
"twenty_2","I can count up to twenty.","我最多可以数二十。"
"thirty","Thirty","三十"
"thirty_2","I can count up to thirty.","我最多可以数三十。"
"forty","Forty","四十"
"forty_2","I can count up to forty.","我最多可以算四十。"
"fifty","Fifty","五十"
"fifty_2","I can count up to fifty.","我最多可以数五十。"
"hundred","Hundred","百"
"hundred_2","I can count up to hundred.","我最多可以数到一百。"
"thousand","Thousand","千"
"thousand_2","I can count up to thousand.","我最多可以数数。"
"calculator","Calculator","计算器"
"calculator_2","I want to use a calculator.","我想使用计算器。"
"calculator_3","Can you teach me how to use a calculator?","你能教我如何使用计算器吗？"
"calculator_4","Can I barrow your calculator?","我可以借用您的计算器吗？"
"people","People","人"
"mother","Mother","母亲"
"mother_2","Mommy!","妈妈！"
"mother_3","I love my mother.","我爱我妈妈"
"mother_4","I love you mom.","我爱你，妈妈。"
"mother_5","I miss my mom.","我想念我妈妈。"
"mother_6","Thank you for taking care of me.","谢谢你照顾我"
"mother_7","She is my mom.","她是我的妈妈。"
"mother_8","Can you help me find my mother?","你能帮我找妈妈吗？"
"father","Father","父亲"
"father_2","Daddy!","爸爸！"
"father_3","I love my father.","我爱我的父亲。"
"father_4","I love you dad.","我爱你爸爸"
"father_5","I miss my dad.","我想念我的爸爸。"
"father_6","Thank you for taking care of me.","谢谢你照顾我"
"father_7","He is my dad.","他是我爸爸"
"father_8","Can you help me find my father?","你能帮我找到我父亲吗？"
"parents","Parents","父母"
"parents_2","I love my parents.","我爱我的父母。"
"parents_3","I love my parents.","我爱我的父母。"
"parents_4","I miss my parents.","我想念我的父母。"
"parents_5","They are my parents.","他们是我的父母。"
"parents_6","My parents are taking care of me.","我的父母正在照顾我。"
"parents_8","Can you help me find my parents?","你能帮我找到我的父母吗？"
"grandparents","Grandparents","祖父母"
"grandparents_2","I love my grandparents.","我爱我的祖父母。"
"grandparents_3","I love you grandparents.","我爱你的祖父母。"
"grandparents_4","I miss my grandparents.","我想念我的祖父母。"
"grandparents_5","They are my grandparents.","他们是我的祖父母。"
"grandparents_6","My grandparents are taking care of me.","我的祖父母正在照顾我。"
"grandparents_8","Can you help me find my grandparents?","你能帮我找到我的祖父母吗？"
"brother","Brother","哥哥"
"brother_2","I love my brother.","我爱我的兄弟。"
"brother_3","I love you brother.","我爱你，兄弟。"
"brother_4","I miss my brother.","我想念我的兄弟。"
"brother_5","He is my brother.","他是我兄弟。"
"brother_6","My brother is taking care of me.","我哥哥正在照顾我。"
"brother_8","Can you help me find my brother?","你能帮我找到我的兄弟吗？"
"sister","Sister","妹妹"
"sister_2","I love my sister.","我爱我的妹妹。"
"sister_3","I love you sister.","我爱你姐姐"
"sister_4","I miss my sister.","我想念我姐姐。"
"sister_5","She is my sister.","她是我的妹妹。"
"sister_6","My sister is taking care of me.","我姐姐正在照顾我。"
"sister_8","Can you help me find my sister?","你能帮我找到姐姐吗？"
"uncle","Uncle","叔叔"
"uncle_2","I love my uncle.","我爱我叔叔。"
"uncle_3","I love you uncle.","我爱你叔叔"
"uncle_4","I miss my uncle.","我想念我的叔叔。"
"uncle_5","He is my uncle.","他是我的叔叔。"
"uncle_8","Can you help me find my uncle?","你能帮我找我叔叔吗？"
"aunt","Aunt","姨妈"
"aunt_2","I love my aunt.","我爱我姑姑"
"aunt_3","I love you aunt.","我爱你阿姨"
"aunt_4","I miss my aunt.","我想念我姑姑。"
"aunt_5","She is my aunt.","她是我姑妈。"
"aunt_8","Can you help me find my aunt?","你能帮我找到我的姨妈吗？"
"teacher","Teacher","老师"
"teacher_2","I love my teacher.","我爱我的老师。"
"teacher_3","I love you teacher.","我爱你的老师。"
"teacher_4","I don't like my teacher.","我不喜欢我的老师。"
"teacher_5","I miss my teacher.","我想念我的老师。"
"teacher_6","Thank you for the lesson.","谢谢你的教训。"
"therapist","Therapist","治疗师"
"therapist_2","I love my therapist.","我爱我的治疗师。"
"therapist_3","I love you therapist.","我爱你治疗师。"
"therapist_4","I don't like my therapist.","我不喜欢我的治疗师。"
"therapist_5","I miss my therapist.","我想念我的治疗师。"
"therapist_6","Thank you for the session.","感谢您的会议。"
"doctor","Doctor","医生"
"doctor_2","I love my doctor.","我爱我的医生。"
"doctor_3","I love you doctor.","我爱你，医生。"
"doctor_4","I don't like my doctor.","我不喜欢我的医生。"
"doctor_5","I miss my doctor.","我想念我的医生。"
"doctor_6","Thank you for healing me.","谢谢你治愈我。"
"friends","Friends","友人"
"friends_2","I love my friends.","我爱我的朋友。"
"friends_3","Do you want to be my friend?","你想成为我的朋友吗？"
"friends_4","I don't like my friends.","我不喜欢我的朋友们。"
"friends_5","I miss my friends.","我想念我的朋友。"
"friends_6","They are my friends.","他们是我的朋友。"
"friends_7","Thank you for playing with me.","谢谢你和我一起玩。"
"cousins","Cousins","堂兄弟"
"cousins_2","I love my cousins.","我爱我的表弟。"
"cousins_3","I don't have cousins.","我没有堂兄弟"
"cousins_4","I miss my cousins.","我想念我的堂兄弟。"
"cousins_5","They are my cousins.","他们是我的表兄弟。"
"grandmother","Grandmother","祖母"
"grandmother_2","I love my grandmother.","我爱我祖母。"
"grandmother_3","I love you grandma.","我爱你奶奶"
"grandmother_4","I miss my grandma.","我想念我奶奶。"
"grandmother_5","She is my grandma.","她是我奶奶。"
"grandfather","Grandfather","祖父"
"grandfather_2","I love my grandfather.","我爱我的祖父。"
"grandfather_3","I love you grandpa.","我爱你爷爷"
"grandfather_4","I miss my grandpa.","我想念我爷爷。"
"grandfather_5","He is my grandpa.","他是我爷爷。"
"stepfather","Stepfather","继父"
"stepfather_2","I love my stepfather.","我爱我的继父。"
"stepfather_3","He is my stepfather.","他是我的继父。"
"stepfather_4","I miss my stepfather.","我想念继父。"
"stepfather_5","He is my stepfather.","他是我的继父。"
"stepmother","Stepmother","后妈"
"stepmother_2","I love my stepmother.","我爱我的继母。"
"stepmother_3","She is my stepmother.","她是我的继母。"
"stepmother_4","I miss my stepmother.","我想念继母。"
"stepmother_5","She is my stepmother.","她是我的继母。"
"stepsister","Stepsister","姐姐"
"stepsister_2","I love my stepsister.","我爱我的继妹。"
"stepsister_3","She is my stepsister.","她是我的继妹。"
"stepsister_4","I miss my stepsister.","我想念我的姐姐。"
"stepsister_5","She is my stepsister.","她是我的继妹。"
"stepbrother","Stepbrother","继兄弟"
"stepbrother_2","I love my stepbrother.","我爱我的继兄弟。"
"stepbrother_3","He is my stepbrother.","他是我的继兄弟。"
"stepbrother_4","I miss my stepbrother.","我想念我的继兄弟。"
"stepbrother_5","He is my stepbrother.","他是我的继兄弟。"
"half-brother","Half brother","同父异母或同母异父的兄弟"
"half-brother_2","I love my half brother.","我爱我的同父异母兄弟。"
"half-brother_3","He is my half brother.","他是我的同父异母兄弟。"
"half-brother_4","I miss my half brother.","我想念我的同父异母兄弟。"
"half-brother_5","He is my half brother.","他是我的同父异母兄弟。"
"half-sister","Half sister","同父异母的妹妹"
"half-sister_2","I love my half sister.","我爱我的同父异母姐姐。"
"half-sister_3","She is my half sister.","她是我的同父异母妹妹。"
"half-sister_4","I miss my half sister.","我想念我的同父异母姐姐。"
"half-sister_5","She is my half sister.","她是我的同父异母妹妹。"
"quarantine","Quarantine","隔离"
"protective-mask","Protective mask","防护口罩"
"stay-home","Stay home","呆在家里"
"toilet-paper","Toilet paper","卫生纸"
"sprayer","Sprayer","喷雾器"
"disinfectant","Disinfectant","消毒剂"
"thermometer","Thermometer","温度计"
"coughing","Coughing","咳嗽"
"medical-assistance","Medical assistance","医疗协助"
"hand-sanitizer","Hand sanitizer","消毒洗手液"
"gloves","Gloves","手套"
"social-distancing","Social distancing","社交隔离"
"mouth-mask","Mouth mask","口罩"
"pandemic","Pandemic","大流行"
"working-at-home","Working at home","在家工作"
"wet-wipes","Wet wipes","湿纸巾"
"first-aid-kit","First aid kit","急救箱"
"fitness","Fitness","适合度"
"e-learning","E-learning","电子学习"
"virus","Virus","病毒"
"cleaning","Cleaning","清洁用品"
"school","School","学校"
"desk","Desk","台"
"desk_2","Can I use this desk?","我可以使用这张桌子吗？"
"desk_3","Which desk is mine?","哪张桌子是我的？"
"desk_4","I spilled on my desk.","我洒在桌子上。"
"desk_5","Don't scratch your desk.","不要刮擦桌子。"
"chair","Chair","椅子"
"chair_2","Can I sit with you?","我可以和你一起坐吗？"
"chair_3","Which chair is mine?","我的椅子是哪张？"
"chair_4","Is this chair taken?","这把椅子可以坐吗？"
"chair_5","I spilled on my chair.","我洒在椅子上。"
"book","Book","书"
"book_2","Textbook","教科书"
"book_3","Workbook","工作簿"
"book_4","Reading a book.","读一本书。"
"book_5","Can I borrow your book?","我可以借你的书吗？"
"book_6","Which page are we at?","我们在哪一页？"
"book_7","Flip the page.","翻转页面。"
"book_8","I lost my book.","我丢了书。"
"notebook","Notebook","笔记本"
"notebook_2","Taking notes.","记笔记。"
"notebook_3","I'm taking notes.","我在做笔记。"
"notebook_4","I lost my notebook.","我丢了我的笔记本。"
"backpack","Backpack","背包"
"backpack_2","Carrying my backpack.","背着我的背包。"
"backpack_3","Putting my books in my backpack.","把我的书放在背包里。"
"backpack_4","I need a new backpack.","我需要一个新的背包。"
"backpack_5","Thank you for carrying my backpack.","谢谢你背着我的背包。"
"backpack_6","I lost my backpack.","我丢了背包。"
"backpack_7","My backpack is heavy.","我的背包很重。"
"blackboard","Blackboard","黑板"
"blackboard_2","Look at the blackboard.","看黑板。"
"blackboard_3","Cleaning the blackboard.","清洁黑板。"
"blackboard_4","Solving the problem on the blackboard.","解决黑板上的问题。"
"blackboard_5","Taking note on the blackboard.","在黑板上记笔记。"
"blackboard_6","Give me a chalk.","给我一支粉笔。"
"teacher_7","I don't like this topic.","我不喜欢这个话题。"
"teacher_8","Thank you for the lesson.","谢谢你的教训。"
"school-bus","School bus","校车"
"school-bus_2","School bus is coming.","校车来了。"
"school-bus_3","Can I sit next to you?","我可以坐在你旁边吗？"
"school-bus_4","Thank you bus driver!","谢谢巴士司机！"
"school-bus_5","School bus was late.","校车迟到了。"
"pencil","Pencil","铅笔"
"pencil_2","I'm writing.","我在写。"
"pencil_3","I'm learning to write.","我正在学习写作。"
"pencil_4","I need a new pencil.","我需要一支新铅笔。"
"pencil_5","Can I borrow your pencil?","我可以借你的铅笔吗？"
"pencil_6","I lost my pencil.","我丢了铅笔。"
"eraser","Eraser","橡皮"
"eraser_2","I'm erasing.","我正在擦除。"
"eraser_3","I need a new eraser.","我需要一个新的橡皮擦。"
"eraser_4","Can I borrow your eraser?","我可以借用你的橡皮吗？"
"eraser_5","I lost my eraser.","我丢了橡皮。"
"ruler","Ruler","统治者"
"ruler_2","I'm measuring.","我正在测量。"
"ruler_3","I need a new ruler.","我需要一个新的尺子。"
"ruler_4","Can I borrow your ruler?","我可以借你的尺子吗？"
"ruler_5","I lost my ruler.","我失去了统治者。"
"sharpener","Sharpener","卷笔刀"
"sharpener_2","I'm sharpening my pencil.","我在削铅笔。"
"sharpener_3","I need a new sharpener.","我需要一个新的卷笔刀。"
"sharpener_4","Can I borrow your sharpener?","我可以借用你的卷笔刀吗？"
"sharpener_5","I lost my sharpener.","我丢了卷笔刀。"
"mathematics","Mathematics","数学"
"mathematics_2","I like mathematics.","我喜欢数学。"
"mathematics_3","I want to study mathematics.","我想学习数学。"
"mathematics_4","I don't like mathematics.","我不喜欢数学。"
"mathematics_5","When is mathematics class?","什么时候上数学课？"
"mathematics_6","Can you help me with my mathematics homework?","您可以帮我做数学作业吗？"
"literature","Literature","文献"
"literature_2","I like literature.","我喜欢文学。"
"literature_3","I want to study literature.","我想学习文学。"
"literature_4","I don't like literature.","我不喜欢文学。"
"literature_5","When is literature class?","什么时候上文学课？"
"literature_6","Can you help me with my literature homework?","你可以帮我做文学作业吗？"
"science","Science","科学"
"science_2","I like science.","我喜欢科学。"
"science_3","I want to study science.","我想学习科学。"
"science_4","I don't like science.","我不喜欢科学。"
"science_5","When is science class?","什么时候上科学课？"
"science_6","Can you help me with my science homework?","你可以帮我做科学作业吗？"
"art-class","Art class","艺术课"
"art-class_2","I like art class.","我喜欢美术课。"
"art-class_3","I want to practice art skills.","我想练习美术技能。"
"art-class_4","I don't like art class.","我不喜欢美术课。"
"art-class_5","When is art class?","什么时候上美术课？"
"art-class_6","Can you help me with my art class homework?","您可以帮我做美术课作业吗？"
"music-class","Music class","音乐课"
"music-class_2","I like music class.","我喜欢音乐课。"
"music-class_3","I want to practice music skills.","我想练习音乐技巧。"
"music-class_4","I don't like music class.","我不喜欢音乐课。"
"music-class_5","When is music class?","音乐课什么时候开始？"
"music-class_6","Can you help me with my music class homework?","你可以帮我做音乐课吗？"
"geography","Geography","地理"
"geography_2","I like geography.","我喜欢地理。"
"geography_3","I want to study geography.","我想学地理。"
"geography_4","I don't like geography.","我不喜欢地理。"
"geography_5","When is geography?","地理什么时候？"
"geography_6","Can you help me with my geography homework?","您可以协助我进行地理作业吗？"
"telescope","Telescope","望远镜"
"telescope_2","I'm using the telescope.","我正在使用望远镜。"
"telescope_3","I want to use the telescope.","我想用望远镜。"
"telescope_4","I want to look at the stars.","我想看星星。"
"glue","Glue","胶"
"glue_2","I'm using glue.","我在用胶水。"
"glue_3","I need a new glue.","我需要新胶水。"
"glue_4","Can I borrow your glue?","我可以借用你的胶水吗？"
"glue_5","I lost my glue.","我失去了胶水。"
"shapes","Shapes","形状"
"circle","Circle","圈"
"circle_2","This is circle shaped.","这是圆形的。"
"circle_3","Can you teach me how to draw a circle?","你能教我画圆吗？"
"triangle","Triangle","三角形"
"triangle_2","This is triangle shaped.","这是三角形的。"
"triangle_3","Can you teach me how to draw a triangle?","你能教我画三角形吗？"
"square","Square","广场"
"square_2","This is square shaped.","这是方形的。"
"square_3","Can you teach me how to draw a square?","你能教我画一个正方形吗？"
"rectangle","Rectangle","长方形"
"rectangle_2","This is rectangle shaped.","这是矩形的。"
"rectangle_3","Can you teach me how to draw a rectangle?","你能教我画一个矩形吗？"
"star","Star","星"
"star_2","This is star shaped.","这是星形的。"
"star_3","Can you teach me how to draw a star?","你能教我画星星吗？"
"pentagon","Pentagon","五角大楼"
"pentagon_2","This is pentagon shaped.","这是五边形的。"
"pentagon_3","Can you teach me how to draw a pentagon?","你能教我画五边形吗？"
"hexagon","Hexagon","六边形"
"hexagon_2","This is hexagon shaped.","这是六角形的。"
"hexagon_3","Can you teach me how to draw a hexagon?","你能教我画一个六角形吗？"
"cross","Cross","交叉"
"cross_2","This is cross shaped.","这是十字形的。"
"cross_3","Can you teach me how to draw a cross?","你能教我画十字吗？"
"ellipse","Ellipse","椭圆"
"ellipse_2","This is ellipse shaped.","这是椭圆形的。"
"ellipse_3","Can you teach me how to draw a ellipse?","你能教我画椭圆吗？"
"arrow","Arrow","箭头"
"arrow_2","This is arrow shaped.","这是箭头形的。"
"arrow_3","Can you teach me how to draw a arrow?","你能教我怎么画箭头吗？"
"crescent","Crescent","新月"
"crescent_2","This is crescent shaped.","这是新月形的。"
"crescent_3","Can you teach me how to draw a crescent?","你能教我画新月吗？"
"heart","Heart","心"
"heart_2","This is heart shaped.","这是心形的。"
"heart_3","Can you teach me how to draw a heart?","你能教我怎样画一颗心吗？"
"rhombus","Rhombus","菱形"
"rhombus_2","This is rhombus shaped.","这是菱形的。"
"rhombus_3","Can you teach me how to draw a rhombus?","你能教我画菱形吗？"
"ring","Ring","环"
"ring_2","This is ring shaped.","这是环形的。"
"ring_3","Can you teach me how to draw a ring?","你能教我怎么画戒指吗？"
"semicircle","Semicircle","半圆"
"semicircle_2","This is semicircle shaped.","这是半圆形的。"
"semicircle_3","Can you teach me how to draw a semicircle?","你能教我画一个半圆吗？"
"trapezoid","Trapezoid","梯形"
"trapezoid_2","This is trapezoid shaped.","这是梯形的。"
"trapezoid_3","Can you teach me how to draw a trapezoid?","你能教我画梯形吗？"
"cube","Cube","立方体"
"cube_2","This is cube shaped.","这是立方体形状。"
"cube_3","Can you teach me how to draw a cube?","你能教我画一个立方体吗？"
"cylinder","Cylinder","圆筒"
"cylinder_2","This is cylinder shaped.","这是圆柱形的。"
"cylinder_3","Can you teach me how to draw a cylinder?","能教我画圆柱吗？"